time_iso,single_in_contact,constellation_in_contact,single_queue_bytes,constellation_queue_bytes,handoff_sat_id
2020-01-01T00:00:00Z,0,0,15728640,15728640,
2020-01-01T00:00:30Z,0,0,31457280,31457280,
2020-01-01T00:01:00Z,0,0,47185920,47185920,
2020-01-01T00:01:30Z,0,0,62914560,62914560,
2020-01-01T00:02:00Z,0,0,78643200,78643200,
2020-01-01T00:02:30Z,0,0,94371840,94371840,
2020-01-01T00:03:00Z,0,0,110100480,110100480,
2020-01-01T00:03:30Z,0,0,125829120,125829120,
2020-01-01T00:04:00Z,0,0,141557760,141557760,
2020-01-01T00:04:30Z,0,0,157286400,157286400,
2020-01-01T00:05:00Z,0,0,173015040,173015040,
2020-01-01T00:05:30Z,0,0,188743680,188743680,
2020-01-01T00:06:00Z,1,1,125829120,125829120,
2020-01-01T00:06:30Z,1,1,62914560,62914560,
2020-01-01T00:07:00Z,1,1,0,0,
2020-01-01T00:07:30Z,1,1,0,0,
2020-01-01T00:08:00Z,1,1,0,0,
2020-01-01T00:08:30Z,1,1,0,0,
2020-01-01T00:09:00Z,1,1,0,0,
2020-01-01T00:09:30Z,1,1,0,0,
2020-01-01T00:10:00Z,1,1,0,0,
2020-01-01T00:10:30Z,1,1,0,0,
2020-01-01T00:11:00Z,1,1,0,0,
2020-01-01T00:11:30Z,1,1,0,0,
2020-01-01T00:12:00Z,1,1,0,0,
2020-01-01T00:12:30Z,1,1,0,0,
2020-01-01T00:13:00Z,0,0,15728640,15728640,
2020-01-01T00:13:30Z,0,0,31457280,31457280,
2020-01-01T00:14:00Z,0,0,47185920,47185920,
2020-01-01T00:14:30Z,0,0,62914560,62914560,
2020-01-01T00:15:00Z,0,0,78643200,78643200,
2020-01-01T00:15:30Z,0,0,94371840,94371840,
2020-01-01T00:16:00Z,0,0,110100480,110100480,
2020-01-01T00:16:30Z,0,0,125829120,125829120,
2020-01-01T00:17:00Z,0,0,141557760,141557760,
2020-01-01T00:17:30Z,0,0,157286400,157286400,
2020-01-01T00:18:00Z,0,0,173015040,173015040,
2020-01-01T00:18:30Z,0,0,188743680,188743680,
2020-01-01T00:19:00Z,0,0,204472320,204472320,
2020-01-01T00:19:30Z,0,0,220200960,220200960,
2020-01-01T00:20:00Z,0,0,235929600,235929600,
2020-01-01T00:20:30Z,0,0,251658240,251658240,
2020-01-01T00:21:00Z,0,0,267386880,267386880,
2020-01-01T00:21:30Z,0,0,283115520,283115520,
2020-01-01T00:22:00Z,0,0,298844160,298844160,
2020-01-01T00:22:30Z,0,0,314572800,314572800,
2020-01-01T00:23:00Z,0,0,330301440,330301440,
2020-01-01T00:23:30Z,0,0,346030080,346030080,
2020-01-01T00:24:00Z,0,0,361758720,361758720,
2020-01-01T00:24:30Z,0,0,377487360,377487360,
2020-01-01T00:25:00Z,0,0,393216000,393216000,
2020-01-01T00:25:30Z,0,0,408944640,408944640,
2020-01-01T00:26:00Z,0,0,424673280,424673280,
2020-01-01T00:26:30Z,0,0,440401920,440401920,
2020-01-01T00:27:00Z,0,0,456130560,456130560,
2020-01-01T00:27:30Z,0,0,471859200,471859200,
2020-01-01T00:28:00Z,0,0,487587840,487587840,
2020-01-01T00:28:30Z,0,0,503316480,503316480,
2020-01-01T00:29:00Z,0,0,519045120,519045120,
2020-01-01T00:29:30Z,0,0,534773760,534773760,
2020-01-01T00:30:00Z,0,0,550502400,550502400,
2020-01-01T00:30:30Z,0,0,566231040,566231040,
2020-01-01T00:31:00Z,0,0,581959680,581959680,
2020-01-01T00:31:30Z,0,0,597688320,597688320,
2020-01-01T00:32:00Z,0,0,613416960,613416960,
2020-01-01T00:32:30Z,0,0,629145600,629145600,
2020-01-01T00:33:00Z,0,0,644874240,644874240,
2020-01-01T00:33:30Z,0,0,660602880,660602880,
2020-01-01T00:34:00Z,0,0,676331520,676331520,
2020-01-01T00:34:30Z,0,0,692060160,692060160,
2020-01-01T00:35:00Z,0,0,707788800,707788800,
2020-01-01T00:35:30Z,0,0,723517440,723517440,
2020-01-01T00:36:00Z,0,0,739246080,739246080,
2020-01-01T00:36:30Z,0,0,754974720,754974720,
2020-01-01T00:37:00Z,0,0,770703360,770703360,
2020-01-01T00:37:30Z,0,0,786432000,786432000,
2020-01-01T00:38:00Z,0,0,802160640,802160640,
2020-01-01T00:38:30Z,0,0,817889280,817889280,
2020-01-01T00:39:00Z,0,0,833617920,833617920,
2020-01-01T00:39:30Z,0,0,849346560,849346560,
2020-01-01T00:40:00Z,0,0,865075200,865075200,
2020-01-01T00:40:30Z,0,0,880803840,880803840,
2020-01-01T00:41:00Z,0,0,896532480,896532480,
2020-01-01T00:41:30Z,0,0,912261120,912261120,
2020-01-01T00:42:00Z,0,0,927989760,927989760,
2020-01-01T00:42:30Z,0,0,943718400,943718400,
2020-01-01T00:43:00Z,0,0,959447040,959447040,
2020-01-01T00:43:30Z,0,0,975175680,975175680,
2020-01-01T00:44:00Z,0,0,990904320,990904320,
2020-01-01T00:44:30Z,0,0,1006632960,1006632960,
2020-01-01T00:45:00Z,0,0,1022361600,1022361600,
2020-01-01T00:45:30Z,0,0,1038090240,1038090240,
2020-01-01T00:46:00Z,0,0,1053818880,1053818880,
2020-01-01T00:46:30Z,0,0,1069547520,1069547520,
2020-01-01T00:47:00Z,0,0,1085276160,1085276160,
2020-01-01T00:47:30Z,0,0,1101004800,1101004800,
2020-01-01T00:48:00Z,0,0,1116733440,1116733440,
2020-01-01T00:48:30Z,0,0,1132462080,1132462080,
2020-01-01T00:49:00Z,0,0,1148190720,1148190720,
2020-01-01T00:49:30Z,0,0,1163919360,1163919360,
2020-01-01T00:50:00Z,0,0,1179648000,1179648000,
2020-01-01T00:50:30Z,0,0,1195376640,1195376640,
2020-01-01T00:51:00Z,0,0,1211105280,1211105280,
2020-01-01T00:51:30Z,0,0,1226833920,1226833920,
2020-01-01T00:52:00Z,0,0,1242562560,1242562560,
2020-01-01T00:52:30Z,0,0,1258291200,1258291200,
2020-01-01T00:53:00Z,0,0,1274019840,1274019840,
2020-01-01T00:53:30Z,0,0,1289748480,1289748480,
2020-01-01T00:54:00Z,0,0,1305477120,1305477120,
2020-01-01T00:54:30Z,0,0,1321205760,1321205760,
2020-01-01T00:55:00Z,0,0,1336934400,1336934400,
2020-01-01T00:55:30Z,0,0,1352663040,1352663040,
2020-01-01T00:56:00Z,0,0,1368391680,1368391680,
2020-01-01T00:56:30Z,0,0,1384120320,1384120320,
2020-01-01T00:57:00Z,0,0,1399848960,1399848960,
2020-01-01T00:57:30Z,0,0,1415577600,1415577600,
2020-01-01T00:58:00Z,0,0,1431306240,1431306240,
2020-01-01T00:58:30Z,0,0,1447034880,1447034880,
2020-01-01T00:59:00Z,0,0,1462763520,1462763520,
2020-01-01T00:59:30Z,0,0,1478492160,1478492160,
2020-01-01T01:00:00Z,0,0,1494220800,1494220800,
2020-01-01T01:00:30Z,0,0,1509949440,1509949440,
2020-01-01T01:01:00Z,0,0,1525678080,1525678080,
2020-01-01T01:01:30Z,0,0,1541406720,1541406720,
2020-01-01T01:02:00Z,0,0,1557135360,1557135360,
2020-01-01T01:02:30Z,0,0,1572864000,1572864000,
2020-01-01T01:03:00Z,0,0,1588592640,1588592640,
2020-01-01T01:03:30Z,0,0,1604321280,1604321280,
2020-01-01T01:04:00Z,0,0,1620049920,1620049920,
2020-01-01T01:04:30Z,0,0,1635778560,1635778560,
2020-01-01T01:05:00Z,0,0,1651507200,1651507200,
2020-01-01T01:05:30Z,0,0,1667235840,1667235840,
2020-01-01T01:06:00Z,0,0,1682964480,1682964480,
2020-01-01T01:06:30Z,0,0,1698693120,1698693120,
2020-01-01T01:07:00Z,0,0,1714421760,1714421760,
2020-01-01T01:07:30Z,0,0,1730150400,1730150400,
2020-01-01T01:08:00Z,0,0,1745879040,1745879040,
2020-01-01T01:08:30Z,0,0,1761607680,1761607680,
2020-01-01T01:09:00Z,0,0,1777336320,1777336320,
2020-01-01T01:09:30Z,0,0,1793064960,1793064960,
2020-01-01T01:10:00Z,0,0,1808793600,1808793600,
2020-01-01T01:10:30Z,0,0,1824522240,1824522240,
2020-01-01T01:11:00Z,0,0,1840250880,1840250880,
2020-01-01T01:11:30Z,0,0,1855979520,1855979520,
2020-01-01T01:12:00Z,0,0,1871708160,1871708160,
2020-01-01T01:12:30Z,0,0,1887436800,1887436800,
2020-01-01T01:13:00Z,0,0,1903165440,1903165440,
2020-01-01T01:13:30Z,0,0,1918894080,1918894080,
2020-01-01T01:14:00Z,0,0,1934622720,1934622720,
2020-01-01T01:14:30Z,0,0,1950351360,1950351360,
2020-01-01T01:15:00Z,0,0,1966080000,1966080000,
2020-01-01T01:15:30Z,0,0,1981808640,1981808640,
2020-01-01T01:16:00Z,0,0,1997537280,1997537280,
2020-01-01T01:16:30Z,0,0,2013265920,2013265920,
2020-01-01T01:17:00Z,0,0,2028994560,2028994560,
2020-01-01T01:17:30Z,0,0,2044723200,2044723200,
2020-01-01T01:18:00Z,0,0,2060451840,2060451840,
2020-01-01T01:18:30Z,0,0,2076180480,2076180480,
2020-01-01T01:19:00Z,0,0,2091909120,2091909120,
2020-01-01T01:19:30Z,0,0,2107637760,2107637760,
2020-01-01T01:20:00Z,0,0,2123366400,2123366400,
2020-01-01T01:20:30Z,0,0,2139095040,2139095040,
2020-01-01T01:21:00Z,0,0,2154823680,2154823680,
2020-01-01T01:21:30Z,0,0,2170552320,2170552320,
2020-01-01T01:22:00Z,0,0,2186280960,2186280960,
2020-01-01T01:22:30Z,0,0,2202009600,2202009600,
2020-01-01T01:23:00Z,0,0,2217738240,2217738240,
2020-01-01T01:23:30Z,0,0,2233466880,2233466880,
2020-01-01T01:24:00Z,0,0,2249195520,2249195520,
2020-01-01T01:24:30Z,0,0,2264924160,2264924160,
2020-01-01T01:25:00Z,0,0,2280652800,2280652800,
2020-01-01T01:25:30Z,0,0,2296381440,2296381440,
2020-01-01T01:26:00Z,0,0,2312110080,2312110080,
2020-01-01T01:26:30Z,0,0,2327838720,2327838720,
2020-01-01T01:27:00Z,0,0,2343567360,2343567360,
2020-01-01T01:27:30Z,0,0,2359296000,2359296000,
2020-01-01T01:28:00Z,0,0,2375024640,2375024640,
2020-01-01T01:28:30Z,0,0,2390753280,2390753280,
2020-01-01T01:29:00Z,0,0,2406481920,2406481920,
2020-01-01T01:29:30Z,0,0,2422210560,2422210560,
2020-01-01T01:30:00Z,0,0,2437939200,2437939200,
2020-01-01T01:30:30Z,0,0,2453667840,2453667840,
2020-01-01T01:31:00Z,0,0,2469396480,2469396480,
2020-01-01T01:31:30Z,0,0,2485125120,2485125120,
2020-01-01T01:32:00Z,0,0,2500853760,2500853760,
2020-01-01T01:32:30Z,0,0,2516582400,2516582400,
2020-01-01T01:33:00Z,0,0,2532311040,2532311040,
2020-01-01T01:33:30Z,0,0,2548039680,2548039680,
2020-01-01T01:34:00Z,0,0,2563768320,2563768320,
2020-01-01T01:34:30Z,0,0,2579496960,2579496960,
2020-01-01T01:35:00Z,0,0,2595225600,2595225600,
2020-01-01T01:35:30Z,0,0,2610954240,2610954240,
2020-01-01T01:36:00Z,0,0,2626682880,2626682880,
2020-01-01T01:36:30Z,0,0,2642411520,2642411520,
2020-01-01T01:37:00Z,0,0,2658140160,2658140160,
2020-01-01T01:37:30Z,0,0,2673868800,2673868800,
2020-01-01T01:38:00Z,0,0,2689597440,2689597440,
2020-01-01T01:38:30Z,0,0,2705326080,2705326080,
2020-01-01T01:39:00Z,0,0,2721054720,2721054720,
2020-01-01T01:39:30Z,0,0,2736783360,2736783360,
2020-01-01T01:40:00Z,0,0,2752512000,2752512000,
2020-01-01T01:40:30Z,0,0,2768240640,2768240640,
2020-01-01T01:41:00Z,0,0,2783969280,2783969280,
2020-01-01T01:41:30Z,0,0,2799697920,2799697920,
2020-01-01T01:42:00Z,0,0,2815426560,2815426560,
2020-01-01T01:42:30Z,0,0,2831155200,2831155200,
2020-01-01T01:43:00Z,0,0,2846883840,2846883840,
2020-01-01T01:43:30Z,0,0,2862612480,2862612480,
2020-01-01T01:44:00Z,0,0,2878341120,2878341120,
2020-01-01T01:44:30Z,0,0,2894069760,2894069760,
2020-01-01T01:45:00Z,0,0,2909798400,2909798400,
2020-01-01T01:45:30Z,0,0,2925527040,2925527040,
2020-01-01T01:46:00Z,0,0,2941255680,2941255680,
2020-01-01T01:46:30Z,0,0,2956984320,2956984320,
2020-01-01T01:47:00Z,0,0,2972712960,2972712960,
2020-01-01T01:47:30Z,0,0,2988441600,2988441600,
2020-01-01T01:48:00Z,0,0,3004170240,3004170240,
2020-01-01T01:48:30Z,0,0,3019898880,3019898880,
2020-01-01T01:49:00Z,0,0,3035627520,3035627520,
2020-01-01T01:49:30Z,0,0,3051356160,3051356160,
2020-01-01T01:50:00Z,0,0,3067084800,3067084800,
2020-01-01T01:50:30Z,0,0,3082813440,3082813440,
2020-01-01T01:51:00Z,0,0,3098542080,3098542080,
2020-01-01T01:51:30Z,0,0,3114270720,3114270720,
2020-01-01T01:52:00Z,0,0,3129999360,3129999360,
2020-01-01T01:52:30Z,0,0,3145728000,3145728000,
2020-01-01T01:53:00Z,0,0,3161456640,3161456640,
2020-01-01T01:53:30Z,0,0,3177185280,3177185280,
2020-01-01T01:54:00Z,0,0,3192913920,3192913920,
2020-01-01T01:54:30Z,0,0,3208642560,3208642560,
2020-01-01T01:55:00Z,0,0,3224371200,3224371200,
2020-01-01T01:55:30Z,0,0,3240099840,3240099840,
2020-01-01T01:56:00Z,0,0,3255828480,3255828480,
2020-01-01T01:56:30Z,0,0,3271557120,3271557120,
2020-01-01T01:57:00Z,0,0,3287285760,3287285760,
2020-01-01T01:57:30Z,0,0,3303014400,3303014400,
2020-01-01T01:58:00Z,0,0,3318743040,3318743040,
2020-01-01T01:58:30Z,0,0,3334471680,3334471680,
2020-01-01T01:59:00Z,0,0,3350200320,3350200320,
2020-01-01T01:59:30Z,0,0,3365928960,3365928960,
2020-01-01T02:00:00Z,0,0,3381657600,3381657600,
2020-01-01T02:00:30Z,0,0,3397386240,3397386240,
2020-01-01T02:01:00Z,0,0,3413114880,3413114880,
2020-01-01T02:01:30Z,0,0,3428843520,3428843520,
2020-01-01T02:02:00Z,0,0,3444572160,3444572160,
2020-01-01T02:02:30Z,0,0,3460300800,3460300800,
2020-01-01T02:03:00Z,0,0,3476029440,3476029440,
2020-01-01T02:03:30Z,0,0,3491758080,3491758080,
2020-01-01T02:04:00Z,0,0,3507486720,3507486720,
2020-01-01T02:04:30Z,0,0,3523215360,3523215360,
2020-01-01T02:05:00Z,0,0,3538944000,3538944000,
2020-01-01T02:05:30Z,0,0,3554672640,3554672640,
2020-01-01T02:06:00Z,0,0,3570401280,3570401280,
2020-01-01T02:06:30Z,0,0,3586129920,3586129920,
2020-01-01T02:07:00Z,0,0,3601858560,3601858560,
2020-01-01T02:07:30Z,0,0,3617587200,3617587200,
2020-01-01T02:08:00Z,0,0,3633315840,3633315840,
2020-01-01T02:08:30Z,0,0,3649044480,3649044480,
2020-01-01T02:09:00Z,0,0,3664773120,3664773120,
2020-01-01T02:09:30Z,0,0,3680501760,3680501760,
2020-01-01T02:10:00Z,0,0,3696230400,3696230400,
2020-01-01T02:10:30Z,0,0,3711959040,3711959040,
2020-01-01T02:11:00Z,0,0,3727687680,3727687680,
2020-01-01T02:11:30Z,0,0,3743416320,3743416320,
2020-01-01T02:12:00Z,0,0,3759144960,3759144960,
2020-01-01T02:12:30Z,0,0,3774873600,3774873600,
2020-01-01T02:13:00Z,0,0,3790602240,3790602240,
2020-01-01T02:13:30Z,0,0,3806330880,3806330880,
2020-01-01T02:14:00Z,0,0,3822059520,3822059520,
2020-01-01T02:14:30Z,0,0,3837788160,3837788160,
2020-01-01T02:15:00Z,0,0,3853516800,3853516800,
2020-01-01T02:15:30Z,0,0,3869245440,3869245440,
2020-01-01T02:16:00Z,0,0,3884974080,3884974080,
2020-01-01T02:16:30Z,0,0,3900702720,3900702720,
2020-01-01T02:17:00Z,0,0,3916431360,3916431360,
2020-01-01T02:17:30Z,0,0,3932160000,3932160000,
2020-01-01T02:18:00Z,0,0,3947888640,3947888640,
2020-01-01T02:18:30Z,0,0,3963617280,3963617280,
2020-01-01T02:19:00Z,0,0,3979345920,3979345920,
2020-01-01T02:19:30Z,0,0,3995074560,3995074560,
2020-01-01T02:20:00Z,0,0,4010803200,4010803200,
2020-01-01T02:20:30Z,0,0,4026531840,4026531840,
2020-01-01T02:21:00Z,0,0,4042260480,4042260480,
2020-01-01T02:21:30Z,0,0,4057989120,4057989120,
2020-01-01T02:22:00Z,0,0,4073717760,4073717760,
2020-01-01T02:22:30Z,0,0,4089446400,4089446400,
2020-01-01T02:23:00Z,0,0,4105175040,4105175040,
2020-01-01T02:23:30Z,0,0,4120903680,4120903680,
2020-01-01T02:24:00Z,0,0,4136632320,4136632320,
2020-01-01T02:24:30Z,0,0,4152360960,4152360960,
2020-01-01T02:25:00Z,0,0,4168089600,4168089600,
2020-01-01T02:25:30Z,0,0,4183818240,4183818240,
2020-01-01T02:26:00Z,0,0,4199546880,4199546880,
2020-01-01T02:26:30Z,0,0,4215275520,4215275520,
2020-01-01T02:27:00Z,0,0,4231004160,4231004160,
2020-01-01T02:27:30Z,0,0,4246732800,4246732800,
2020-01-01T02:28:00Z,0,0,4262461440,4262461440,
2020-01-01T02:28:30Z,0,0,4278190080,4278190080,
2020-01-01T02:29:00Z,0,0,4293918720,4293918720,
2020-01-01T02:29:30Z,0,0,4309647360,4309647360,
2020-01-01T02:30:00Z,0,0,4325376000,4325376000,
2020-01-01T02:30:30Z,0,0,4341104640,4341104640,
2020-01-01T02:31:00Z,0,0,4356833280,4356833280,
2020-01-01T02:31:30Z,0,0,4372561920,4372561920,
2020-01-01T02:32:00Z,0,0,4388290560,4388290560,
2020-01-01T02:32:30Z,0,0,4404019200,4404019200,
2020-01-01T02:33:00Z,0,0,4419747840,4419747840,
2020-01-01T02:33:30Z,0,0,4435476480,4435476480,
2020-01-01T02:34:00Z,0,0,4451205120,4451205120,
2020-01-01T02:34:30Z,0,0,4466933760,4466933760,
2020-01-01T02:35:00Z,0,0,4482662400,4482662400,
2020-01-01T02:35:30Z,0,0,4498391040,4498391040,
2020-01-01T02:36:00Z,0,0,4514119680,4514119680,
2020-01-01T02:36:30Z,0,0,4529848320,4529848320,
2020-01-01T02:37:00Z,0,0,4545576960,4545576960,
2020-01-01T02:37:30Z,0,0,4561305600,4561305600,
2020-01-01T02:38:00Z,0,0,4577034240,4577034240,
2020-01-01T02:38:30Z,0,0,4592762880,4592762880,
2020-01-01T02:39:00Z,0,0,4608491520,4608491520,
2020-01-01T02:39:30Z,0,0,4624220160,4624220160,
2020-01-01T02:40:00Z,0,0,4639948800,4639948800,
2020-01-01T02:40:30Z,0,0,4655677440,4655677440,
2020-01-01T02:41:00Z,0,0,4671406080,4671406080,
2020-01-01T02:41:30Z,0,0,4687134720,4687134720,
2020-01-01T02:42:00Z,0,0,4702863360,4702863360,
2020-01-01T02:42:30Z,0,0,4718592000,4718592000,
2020-01-01T02:43:00Z,0,0,4734320640,4734320640,
2020-01-01T02:43:30Z,0,0,4750049280,4750049280,
2020-01-01T02:44:00Z,0,0,4765777920,4765777920,
2020-01-01T02:44:30Z,0,0,4781506560,4781506560,
2020-01-01T02:45:00Z,0,0,4797235200,4797235200,
2020-01-01T02:45:30Z,0,0,4812963840,4812963840,
2020-01-01T02:46:00Z,0,0,4828692480,4828692480,
2020-01-01T02:46:30Z,0,0,4844421120,4844421120,
2020-01-01T02:47:00Z,0,0,4860149760,4860149760,
2020-01-01T02:47:30Z,0,0,4875878400,4875878400,
2020-01-01T02:48:00Z,0,0,4891607040,4891607040,
2020-01-01T02:48:30Z,0,0,4907335680,4907335680,
2020-01-01T02:49:00Z,0,0,4923064320,4923064320,
2020-01-01T02:49:30Z,0,0,4938792960,4938792960,
2020-01-01T02:50:00Z,0,0,4954521600,4954521600,
2020-01-01T02:50:30Z,0,0,4970250240,4970250240,
2020-01-01T02:51:00Z,0,0,4985978880,4985978880,
2020-01-01T02:51:30Z,0,0,5001707520,5001707520,
2020-01-01T02:52:00Z,0,0,5017436160,5017436160,
2020-01-01T02:52:30Z,0,0,5033164800,5033164800,
2020-01-01T02:53:00Z,0,0,5048893440,5048893440,
2020-01-01T02:53:30Z,0,0,5064622080,5064622080,
2020-01-01T02:54:00Z,0,0,5080350720,5080350720,
2020-01-01T02:54:30Z,0,0,5096079360,5096079360,
2020-01-01T02:55:00Z,0,0,5111808000,5111808000,
2020-01-01T02:55:30Z,0,0,5127536640,5127536640,
2020-01-01T02:56:00Z,0,0,5143265280,5143265280,
2020-01-01T02:56:30Z,0,0,5158993920,5158993920,
2020-01-01T02:57:00Z,0,0,5174722560,5174722560,
2020-01-01T02:57:30Z,0,0,5190451200,5190451200,
2020-01-01T02:58:00Z,0,0,5206179840,5206179840,
2020-01-01T02:58:30Z,0,0,5221908480,5221908480,
2020-01-01T02:59:00Z,0,0,5237637120,5237637120,
2020-01-01T02:59:30Z,0,0,5253365760,5253365760,
2020-01-01T03:00:00Z,0,0,5269094400,5269094400,
2020-01-01T03:00:30Z,0,0,5284823040,5284823040,
2020-01-01T03:01:00Z,0,0,5300551680,5300551680,
2020-01-01T03:01:30Z,0,0,5316280320,5316280320,
2020-01-01T03:02:00Z,0,0,5332008960,5332008960,
2020-01-01T03:02:30Z,0,0,5347737600,5347737600,
2020-01-01T03:03:00Z,0,0,5363466240,5363466240,
2020-01-01T03:03:30Z,0,0,5379194880,5379194880,
2020-01-01T03:04:00Z,0,0,5394923520,5394923520,
2020-01-01T03:04:30Z,0,0,5410652160,5410652160,
2020-01-01T03:05:00Z,0,0,5426380800,5426380800,
2020-01-01T03:05:30Z,0,0,5442109440,5442109440,
2020-01-01T03:06:00Z,0,0,5457838080,5457838080,
2020-01-01T03:06:30Z,0,0,5473566720,5473566720,
2020-01-01T03:07:00Z,0,0,5489295360,5489295360,
2020-01-01T03:07:30Z,0,0,5505024000,5505024000,
2020-01-01T03:08:00Z,0,0,5520752640,5520752640,
2020-01-01T03:08:30Z,0,0,5536481280,5536481280,
2020-01-01T03:09:00Z,0,0,5552209920,5552209920,
2020-01-01T03:09:30Z,0,0,5567938560,5567938560,
2020-01-01T03:10:00Z,0,0,5583667200,5583667200,
2020-01-01T03:10:30Z,0,0,5599395840,5599395840,
2020-01-01T03:11:00Z,0,0,5615124480,5615124480,
2020-01-01T03:11:30Z,0,0,5630853120,5630853120,
2020-01-01T03:12:00Z,0,0,5646581760,5646581760,
2020-01-01T03:12:30Z,0,0,5662310400,5662310400,
2020-01-01T03:13:00Z,0,0,5678039040,5678039040,
2020-01-01T03:13:30Z,0,0,5693767680,5693767680,
2020-01-01T03:14:00Z,0,0,5709496320,5709496320,
2020-01-01T03:14:30Z,0,0,5725224960,5725224960,
2020-01-01T03:15:00Z,0,0,5740953600,5740953600,
2020-01-01T03:15:30Z,0,0,5756682240,5756682240,
2020-01-01T03:16:00Z,0,0,5772410880,5772410880,
2020-01-01T03:16:30Z,0,0,5788139520,5788139520,
2020-01-01T03:17:00Z,0,0,5803868160,5803868160,
2020-01-01T03:17:30Z,0,0,5819596800,5819596800,
2020-01-01T03:18:00Z,0,0,5835325440,5835325440,
2020-01-01T03:18:30Z,0,0,5851054080,5851054080,
2020-01-01T03:19:00Z,0,0,5866782720,5866782720,
2020-01-01T03:19:30Z,0,0,5882511360,5882511360,
2020-01-01T03:20:00Z,0,0,5898240000,5898240000,
2020-01-01T03:20:30Z,0,0,5913968640,5913968640,
2020-01-01T03:21:00Z,0,0,5929697280,5929697280,
2020-01-01T03:21:30Z,0,0,5945425920,5945425920,
2020-01-01T03:22:00Z,0,0,5961154560,5961154560,
2020-01-01T03:22:30Z,0,0,5976883200,5976883200,
2020-01-01T03:23:00Z,0,0,5992611840,5992611840,
2020-01-01T03:23:30Z,0,0,6008340480,6008340480,
2020-01-01T03:24:00Z,0,0,6024069120,6024069120,
2020-01-01T03:24:30Z,0,0,6039797760,6039797760,
2020-01-01T03:25:00Z,0,0,6055526400,6055526400,
2020-01-01T03:25:30Z,0,0,6071255040,6071255040,
2020-01-01T03:26:00Z,0,0,6086983680,6086983680,
2020-01-01T03:26:30Z,0,0,6102712320,6102712320,
2020-01-01T03:27:00Z,0,0,6118440960,6118440960,
2020-01-01T03:27:30Z,0,0,6134169600,6134169600,
2020-01-01T03:28:00Z,0,0,6149898240,6149898240,
2020-01-01T03:28:30Z,0,0,6165626880,6165626880,
2020-01-01T03:29:00Z,0,0,6181355520,6181355520,
2020-01-01T03:29:30Z,0,0,6197084160,6197084160,
2020-01-01T03:30:00Z,0,0,6212812800,6212812800,
2020-01-01T03:30:30Z,0,0,6228541440,6228541440,
2020-01-01T03:31:00Z,0,0,6244270080,6244270080,
2020-01-01T03:31:30Z,0,0,6259998720,6259998720,
2020-01-01T03:32:00Z,0,0,6275727360,6275727360,
2020-01-01T03:32:30Z,0,0,6291456000,6291456000,
2020-01-01T03:33:00Z,0,0,6307184640,6307184640,
2020-01-01T03:33:30Z,0,0,6322913280,6322913280,
2020-01-01T03:34:00Z,0,0,6338641920,6338641920,
2020-01-01T03:34:30Z,0,0,6354370560,6354370560,
2020-01-01T03:35:00Z,0,0,6370099200,6370099200,
2020-01-01T03:35:30Z,0,0,6385827840,6385827840,
2020-01-01T03:36:00Z,0,0,6401556480,6401556480,
2020-01-01T03:36:30Z,0,0,6417285120,6417285120,
2020-01-01T03:37:00Z,0,0,6433013760,6433013760,
2020-01-01T03:37:30Z,0,0,6448742400,6448742400,
2020-01-01T03:38:00Z,0,0,6464471040,6464471040,
2020-01-01T03:38:30Z,0,0,6480199680,6480199680,
2020-01-01T03:39:00Z,0,0,6495928320,6495928320,
2020-01-01T03:39:30Z,0,0,6511656960,6511656960,
2020-01-01T03:40:00Z,0,0,6527385600,6527385600,
2020-01-01T03:40:30Z,0,0,6543114240,6543114240,
2020-01-01T03:41:00Z,0,0,6558842880,6558842880,
2020-01-01T03:41:30Z,0,0,6574571520,6574571520,
2020-01-01T03:42:00Z,0,0,6590300160,6590300160,
2020-01-01T03:42:30Z,0,0,6606028800,6606028800,
2020-01-01T03:43:00Z,0,0,6621757440,6621757440,
2020-01-01T03:43:30Z,0,0,6637486080,6637486080,
2020-01-01T03:44:00Z,0,0,6653214720,6653214720,
2020-01-01T03:44:30Z,0,0,6668943360,6668943360,
2020-01-01T03:45:00Z,0,0,6684672000,6684672000,
2020-01-01T03:45:30Z,0,0,6700400640,6700400640,
2020-01-01T03:46:00Z,0,0,6716129280,6716129280,
2020-01-01T03:46:30Z,0,0,6731857920,6731857920,
2020-01-01T03:47:00Z,0,0,6747586560,6747586560,
2020-01-01T03:47:30Z,0,0,6763315200,6763315200,
2020-01-01T03:48:00Z,0,0,6779043840,6779043840,
2020-01-01T03:48:30Z,0,0,6794772480,6794772480,
2020-01-01T03:49:00Z,0,0,6810501120,6810501120,
2020-01-01T03:49:30Z,0,0,6826229760,6826229760,
2020-01-01T03:50:00Z,0,0,6841958400,6841958400,
2020-01-01T03:50:30Z,0,0,6857687040,6857687040,
2020-01-01T03:51:00Z,0,0,6873415680,6873415680,
2020-01-01T03:51:30Z,0,0,6889144320,6889144320,
2020-01-01T03:52:00Z,0,0,6904872960,6904872960,
2020-01-01T03:52:30Z,0,0,6920601600,6920601600,
2020-01-01T03:53:00Z,0,0,6936330240,6936330240,
2020-01-01T03:53:30Z,0,0,6952058880,6952058880,
2020-01-01T03:54:00Z,0,0,6967787520,6967787520,
2020-01-01T03:54:30Z,0,0,6983516160,6983516160,
2020-01-01T03:55:00Z,0,0,6999244800,6999244800,
2020-01-01T03:55:30Z,0,0,7014973440,7014973440,
2020-01-01T03:56:00Z,0,0,7030702080,7030702080,
2020-01-01T03:56:30Z,0,0,7046430720,7046430720,
2020-01-01T03:57:00Z,0,0,7062159360,7062159360,
2020-01-01T03:57:30Z,0,0,7077888000,7077888000,
2020-01-01T03:58:00Z,0,0,7093616640,7093616640,
2020-01-01T03:58:30Z,0,0,7109345280,7109345280,
2020-01-01T03:59:00Z,0,0,7125073920,7125073920,
2020-01-01T03:59:30Z,0,0,7140802560,7140802560,
2020-01-01T04:00:00Z,0,0,7156531200,7156531200,
2020-01-01T04:00:30Z,0,0,7172259840,7172259840,
2020-01-01T04:01:00Z,0,0,7187988480,7187988480,
2020-01-01T04:01:30Z,0,0,7203717120,7203717120,
2020-01-01T04:02:00Z,0,0,7219445760,7219445760,
2020-01-01T04:02:30Z,0,0,7235174400,7235174400,
2020-01-01T04:03:00Z,0,0,7250903040,7250903040,
2020-01-01T04:03:30Z,0,0,7266631680,7266631680,
2020-01-01T04:04:00Z,0,0,7282360320,7282360320,
2020-01-01T04:04:30Z,0,0,7298088960,7298088960,
2020-01-01T04:05:00Z,0,0,7313817600,7313817600,
2020-01-01T04:05:30Z,0,0,7329546240,7329546240,
2020-01-01T04:06:00Z,0,0,7345274880,7345274880,
2020-01-01T04:06:30Z,0,0,7361003520,7361003520,
2020-01-01T04:07:00Z,0,0,7376732160,7376732160,
2020-01-01T04:07:30Z,0,0,7392460800,7392460800,
2020-01-01T04:08:00Z,0,0,7408189440,7408189440,
2020-01-01T04:08:30Z,0,0,7423918080,7423918080,
2020-01-01T04:09:00Z,0,0,7439646720,7439646720,
2020-01-01T04:09:30Z,0,0,7455375360,7455375360,
2020-01-01T04:10:00Z,0,0,7471104000,7471104000,
2020-01-01T04:10:30Z,0,0,7486832640,7486832640,
2020-01-01T04:11:00Z,0,0,7502561280,7502561280,
2020-01-01T04:11:30Z,0,0,7518289920,7518289920,
2020-01-01T04:12:00Z,0,0,7534018560,7534018560,
2020-01-01T04:12:30Z,0,0,7549747200,7549747200,
2020-01-01T04:13:00Z,0,0,7565475840,7565475840,
2020-01-01T04:13:30Z,0,0,7581204480,7581204480,
2020-01-01T04:14:00Z,0,0,7596933120,7596933120,
2020-01-01T04:14:30Z,0,0,7612661760,7612661760,
2020-01-01T04:15:00Z,0,0,7628390400,7628390400,
2020-01-01T04:15:30Z,0,0,7644119040,7644119040,
2020-01-01T04:16:00Z,0,1,7659847680,7581204480,P0S0->P2S0
2020-01-01T04:16:30Z,0,1,7675576320,7518289920,
2020-01-01T04:17:00Z,0,1,7691304960,7455375360,
2020-01-01T04:17:30Z,0,1,7707033600,7392460800,
2020-01-01T04:18:00Z,0,1,7722762240,7329546240,
2020-01-01T04:18:30Z,0,1,7738490880,7266631680,
2020-01-01T04:19:00Z,0,1,7754219520,7203717120,
2020-01-01T04:19:30Z,0,1,7769948160,7140802560,
2020-01-01T04:20:00Z,0,1,7785676800,7077888000,
2020-01-01T04:20:30Z,0,1,7801405440,7014973440,
2020-01-01T04:21:00Z,0,1,7817134080,6952058880,
2020-01-01T04:21:30Z,0,1,7832862720,6889144320,
2020-01-01T04:22:00Z,0,1,7848591360,6826229760,
2020-01-01T04:22:30Z,0,1,7864320000,6763315200,
2020-01-01T04:23:00Z,0,0,7880048640,6779043840,
2020-01-01T04:23:30Z,0,0,7895777280,6794772480,
2020-01-01T04:24:00Z,0,0,7911505920,6810501120,
2020-01-01T04:24:30Z,0,0,7927234560,6826229760,
2020-01-01T04:25:00Z,0,0,7942963200,6841958400,
2020-01-01T04:25:30Z,0,0,7958691840,6857687040,
2020-01-01T04:26:00Z,0,0,7974420480,6873415680,
2020-01-01T04:26:30Z,0,0,7990149120,6889144320,
2020-01-01T04:27:00Z,0,0,8005877760,6904872960,
2020-01-01T04:27:30Z,0,0,8021606400,6920601600,
2020-01-01T04:28:00Z,0,0,8037335040,6936330240,
2020-01-01T04:28:30Z,0,0,8053063680,6952058880,
2020-01-01T04:29:00Z,0,0,8068792320,6967787520,
2020-01-01T04:29:30Z,0,0,8084520960,6983516160,
2020-01-01T04:30:00Z,0,0,8100249600,6999244800,
2020-01-01T04:30:30Z,0,0,8115978240,7014973440,
2020-01-01T04:31:00Z,0,0,8131706880,7030702080,
2020-01-01T04:31:30Z,0,0,8147435520,7046430720,
2020-01-01T04:32:00Z,0,0,8163164160,7062159360,
2020-01-01T04:32:30Z,0,0,8178892800,7077888000,
2020-01-01T04:33:00Z,0,0,8194621440,7093616640,
2020-01-01T04:33:30Z,0,0,8210350080,7109345280,
2020-01-01T04:34:00Z,0,0,8226078720,7125073920,
2020-01-01T04:34:30Z,0,0,8241807360,7140802560,
2020-01-01T04:35:00Z,0,0,8257536000,7156531200,
2020-01-01T04:35:30Z,0,0,8273264640,7172259840,
2020-01-01T04:36:00Z,0,0,8288993280,7187988480,
2020-01-01T04:36:30Z,0,0,8304721920,7203717120,
2020-01-01T04:37:00Z,0,0,8320450560,7219445760,
2020-01-01T04:37:30Z,0,0,8336179200,7235174400,
2020-01-01T04:38:00Z,0,0,8351907840,7250903040,
2020-01-01T04:38:30Z,0,0,8367636480,7266631680,
2020-01-01T04:39:00Z,0,0,8383365120,7282360320,
2020-01-01T04:39:30Z,0,0,8399093760,7298088960,
2020-01-01T04:40:00Z,0,0,8414822400,7313817600,
2020-01-01T04:40:30Z,0,0,8430551040,7329546240,
2020-01-01T04:41:00Z,0,0,8446279680,7345274880,
2020-01-01T04:41:30Z,0,0,8462008320,7361003520,
2020-01-01T04:42:00Z,0,0,8477736960,7376732160,
2020-01-01T04:42:30Z,0,0,8493465600,7392460800,
2020-01-01T04:43:00Z,0,0,8509194240,7408189440,
2020-01-01T04:43:30Z,0,0,8524922880,7423918080,
2020-01-01T04:44:00Z,0,0,8540651520,7439646720,
2020-01-01T04:44:30Z,0,0,8556380160,7455375360,
2020-01-01T04:45:00Z,0,0,8572108800,7471104000,
2020-01-01T04:45:30Z,0,0,8587837440,7486832640,
2020-01-01T04:46:00Z,0,0,8603566080,7502561280,
2020-01-01T04:46:30Z,0,0,8619294720,7518289920,
2020-01-01T04:47:00Z,0,0,8635023360,7534018560,
2020-01-01T04:47:30Z,0,0,8650752000,7549747200,
2020-01-01T04:48:00Z,0,0,8666480640,7565475840,
2020-01-01T04:48:30Z,0,0,8682209280,7581204480,
2020-01-01T04:49:00Z,0,0,8697937920,7596933120,
2020-01-01T04:49:30Z,0,0,8713666560,7612661760,
2020-01-01T04:50:00Z,0,0,8729395200,7628390400,
2020-01-01T04:50:30Z,0,0,8745123840,7644119040,
2020-01-01T04:51:00Z,0,0,8760852480,7659847680,
2020-01-01T04:51:30Z,0,0,8776581120,7675576320,
2020-01-01T04:52:00Z,0,0,8792309760,7691304960,
2020-01-01T04:52:30Z,0,0,8808038400,7707033600,
2020-01-01T04:53:00Z,0,0,8823767040,7722762240,
2020-01-01T04:53:30Z,0,0,8839495680,7738490880,
2020-01-01T04:54:00Z,0,0,8855224320,7754219520,
2020-01-01T04:54:30Z,0,0,8870952960,7769948160,
2020-01-01T04:55:00Z,0,0,8886681600,7785676800,
2020-01-01T04:55:30Z,0,0,8902410240,7801405440,
2020-01-01T04:56:00Z,0,0,8918138880,7817134080,
2020-01-01T04:56:30Z,0,0,8933867520,7832862720,
2020-01-01T04:57:00Z,0,0,8949596160,7848591360,
2020-01-01T04:57:30Z,0,0,8965324800,7864320000,
2020-01-01T04:58:00Z,0,0,8981053440,7880048640,
2020-01-01T04:58:30Z,0,0,8996782080,7895777280,
2020-01-01T04:59:00Z,0,0,9012510720,7911505920,
2020-01-01T04:59:30Z,0,0,9028239360,7927234560,
2020-01-01T05:00:00Z,0,0,9043968000,7942963200,
2020-01-01T05:00:30Z,0,0,9059696640,7958691840,
2020-01-01T05:01:00Z,0,0,9075425280,7974420480,
2020-01-01T05:01:30Z,0,0,9091153920,7990149120,
2020-01-01T05:02:00Z,0,0,9106882560,8005877760,
2020-01-01T05:02:30Z,0,0,9122611200,8021606400,
2020-01-01T05:03:00Z,0,0,9138339840,8037335040,
2020-01-01T05:03:30Z,0,0,9154068480,8053063680,
2020-01-01T05:04:00Z,0,0,9169797120,8068792320,
2020-01-01T05:04:30Z,0,0,9185525760,8084520960,
2020-01-01T05:05:00Z,0,0,9201254400,8100249600,
2020-01-01T05:05:30Z,0,0,9216983040,8115978240,
2020-01-01T05:06:00Z,0,0,9232711680,8131706880,
2020-01-01T05:06:30Z,0,0,9248440320,8147435520,
2020-01-01T05:07:00Z,0,0,9264168960,8163164160,
2020-01-01T05:07:30Z,0,0,9279897600,8178892800,
2020-01-01T05:08:00Z,0,0,9295626240,8194621440,
2020-01-01T05:08:30Z,0,0,9311354880,8210350080,
2020-01-01T05:09:00Z,0,0,9327083520,8226078720,
2020-01-01T05:09:30Z,0,0,9342812160,8241807360,
2020-01-01T05:10:00Z,0,0,9358540800,8257536000,
2020-01-01T05:10:30Z,0,0,9374269440,8273264640,
2020-01-01T05:11:00Z,0,0,9389998080,8288993280,
2020-01-01T05:11:30Z,0,0,9405726720,8304721920,
2020-01-01T05:12:00Z,0,0,9421455360,8320450560,
2020-01-01T05:12:30Z,0,0,9437184000,8336179200,
2020-01-01T05:13:00Z,0,0,9452912640,8351907840,
2020-01-01T05:13:30Z,0,0,9468641280,8367636480,
2020-01-01T05:14:00Z,0,0,9484369920,8383365120,
2020-01-01T05:14:30Z,0,0,9500098560,8399093760,
2020-01-01T05:15:00Z,0,0,9515827200,8414822400,
2020-01-01T05:15:30Z,0,0,9531555840,8430551040,
2020-01-01T05:16:00Z,0,0,9547284480,8446279680,
2020-01-01T05:16:30Z,0,0,9563013120,8462008320,
2020-01-01T05:17:00Z,0,0,9578741760,8477736960,
2020-01-01T05:17:30Z,0,0,9594470400,8493465600,
2020-01-01T05:18:00Z,0,0,9610199040,8509194240,
2020-01-01T05:18:30Z,0,0,9625927680,8524922880,
2020-01-01T05:19:00Z,0,0,9641656320,8540651520,
2020-01-01T05:19:30Z,0,0,9657384960,8556380160,
2020-01-01T05:20:00Z,0,0,9673113600,8572108800,
2020-01-01T05:20:30Z,0,0,9688842240,8587837440,
2020-01-01T05:21:00Z,0,0,9704570880,8603566080,
2020-01-01T05:21:30Z,0,0,9720299520,8619294720,
2020-01-01T05:22:00Z,0,0,9736028160,8635023360,
2020-01-01T05:22:30Z,0,0,9751756800,8650752000,
2020-01-01T05:23:00Z,0,0,9767485440,8666480640,
2020-01-01T05:23:30Z,0,0,9783214080,8682209280,
2020-01-01T05:24:00Z,0,0,9798942720,8697937920,
2020-01-01T05:24:30Z,0,0,9814671360,8713666560,
2020-01-01T05:25:00Z,0,0,9830400000,8729395200,
2020-01-01T05:25:30Z,0,0,9846128640,8745123840,
2020-01-01T05:26:00Z,0,0,9861857280,8760852480,
2020-01-01T05:26:30Z,0,0,9877585920,8776581120,
2020-01-01T05:27:00Z,0,0,9893314560,8792309760,
2020-01-01T05:27:30Z,0,0,9909043200,8808038400,
2020-01-01T05:28:00Z,0,0,9924771840,8823767040,
2020-01-01T05:28:30Z,0,0,9940500480,8839495680,
2020-01-01T05:29:00Z,0,0,9956229120,8855224320,
2020-01-01T05:29:30Z,0,0,9971957760,8870952960,
2020-01-01T05:30:00Z,0,0,9987686400,8886681600,
2020-01-01T05:30:30Z,0,0,10003415040,8902410240,
2020-01-01T05:31:00Z,0,0,10019143680,8918138880,
2020-01-01T05:31:30Z,0,0,10034872320,8933867520,
2020-01-01T05:32:00Z,0,0,10050600960,8949596160,
2020-01-01T05:32:30Z,0,0,10066329600,8965324800,
2020-01-01T05:33:00Z,0,0,10082058240,8981053440,
2020-01-01T05:33:30Z,0,0,10097786880,8996782080,
2020-01-01T05:34:00Z,0,0,10113515520,9012510720,
2020-01-01T05:34:30Z,0,0,10129244160,9028239360,
2020-01-01T05:35:00Z,0,0,10144972800,9043968000,
2020-01-01T05:35:30Z,0,0,10160701440,9059696640,
2020-01-01T05:36:00Z,0,0,10176430080,9075425280,
2020-01-01T05:36:30Z,0,0,10192158720,9091153920,
2020-01-01T05:37:00Z,0,0,10207887360,9106882560,
2020-01-01T05:37:30Z,0,0,10223616000,9122611200,
2020-01-01T05:38:00Z,0,0,10239344640,9138339840,
2020-01-01T05:38:30Z,0,0,10255073280,9154068480,
2020-01-01T05:39:00Z,0,0,10270801920,9169797120,
2020-01-01T05:39:30Z,0,0,10286530560,9185525760,
2020-01-01T05:40:00Z,0,0,10302259200,9201254400,
2020-01-01T05:40:30Z,0,0,10317987840,9216983040,
2020-01-01T05:41:00Z,0,0,10333716480,9232711680,
2020-01-01T05:41:30Z,0,0,10349445120,9248440320,
2020-01-01T05:42:00Z,0,0,10365173760,9264168960,
2020-01-01T05:42:30Z,0,0,10380902400,9279897600,
2020-01-01T05:43:00Z,0,0,10396631040,9295626240,
2020-01-01T05:43:30Z,0,0,10412359680,9311354880,
2020-01-01T05:44:00Z,0,0,10428088320,9327083520,
2020-01-01T05:44:30Z,0,0,10443816960,9342812160,
2020-01-01T05:45:00Z,0,0,10459545600,9358540800,
2020-01-01T05:45:30Z,0,0,10475274240,9374269440,
2020-01-01T05:46:00Z,0,0,10491002880,9389998080,
2020-01-01T05:46:30Z,0,0,10506731520,9405726720,
2020-01-01T05:47:00Z,0,0,10522460160,9421455360,
2020-01-01T05:47:30Z,0,0,10538188800,9437184000,
2020-01-01T05:48:00Z,0,0,10553917440,9452912640,
2020-01-01T05:48:30Z,0,0,10569646080,9468641280,
2020-01-01T05:49:00Z,0,0,10585374720,9484369920,
2020-01-01T05:49:30Z,0,0,10601103360,9500098560,
2020-01-01T05:50:00Z,0,0,10616832000,9515827200,
2020-01-01T05:50:30Z,0,0,10632560640,9531555840,
2020-01-01T05:51:00Z,0,0,10648289280,9547284480,
2020-01-01T05:51:30Z,0,1,10664017920,9484369920,
2020-01-01T05:52:00Z,0,1,10679746560,9421455360,
2020-01-01T05:52:30Z,0,1,10695475200,9358540800,
2020-01-01T05:53:00Z,0,1,10711203840,9295626240,
2020-01-01T05:53:30Z,0,1,10726932480,9232711680,
2020-01-01T05:54:00Z,0,0,10742661120,9248440320,
2020-01-01T05:54:30Z,0,0,10758389760,9264168960,
2020-01-01T05:55:00Z,0,0,10774118400,9279897600,
2020-01-01T05:55:30Z,0,0,10789847040,9295626240,
2020-01-01T05:56:00Z,0,0,10805575680,9311354880,
2020-01-01T05:56:30Z,0,0,10821304320,9327083520,
2020-01-01T05:57:00Z,0,0,10837032960,9342812160,
2020-01-01T05:57:30Z,0,0,10852761600,9358540800,
2020-01-01T05:58:00Z,0,0,10868490240,9374269440,
2020-01-01T05:58:30Z,0,0,10884218880,9389998080,
2020-01-01T05:59:00Z,0,0,10899947520,9405726720,
2020-01-01T05:59:30Z,0,0,10915676160,9421455360,
2020-01-01T06:00:00Z,0,0,10931404800,9437184000,
2020-01-01T06:00:30Z,0,0,10947133440,9452912640,
2020-01-01T06:01:00Z,0,0,10962862080,9468641280,
2020-01-01T06:01:30Z,0,0,10978590720,9484369920,
2020-01-01T06:02:00Z,0,0,10994319360,9500098560,
2020-01-01T06:02:30Z,0,0,11010048000,9515827200,
2020-01-01T06:03:00Z,0,0,11025776640,9531555840,
2020-01-01T06:03:30Z,0,0,11041505280,9547284480,
2020-01-01T06:04:00Z,0,0,11057233920,9563013120,
2020-01-01T06:04:30Z,0,0,11072962560,9578741760,
2020-01-01T06:05:00Z,0,0,11088691200,9594470400,
2020-01-01T06:05:30Z,0,0,11104419840,9610199040,
2020-01-01T06:06:00Z,0,0,11120148480,9625927680,
2020-01-01T06:06:30Z,0,0,11135877120,9641656320,
2020-01-01T06:07:00Z,0,0,11151605760,9657384960,
2020-01-01T06:07:30Z,0,0,11167334400,9673113600,
2020-01-01T06:08:00Z,0,0,11183063040,9688842240,
2020-01-01T06:08:30Z,0,0,11198791680,9704570880,
2020-01-01T06:09:00Z,0,0,11214520320,9720299520,
2020-01-01T06:09:30Z,0,0,11230248960,9736028160,
2020-01-01T06:10:00Z,0,0,11245977600,9751756800,
2020-01-01T06:10:30Z,0,0,11261706240,9767485440,
2020-01-01T06:11:00Z,0,0,11277434880,9783214080,
2020-01-01T06:11:30Z,0,0,11293163520,9798942720,
2020-01-01T06:12:00Z,0,0,11308892160,9814671360,
2020-01-01T06:12:30Z,0,0,11324620800,9830400000,
2020-01-01T06:13:00Z,0,0,11340349440,9846128640,
2020-01-01T06:13:30Z,0,0,11356078080,9861857280,
2020-01-01T06:14:00Z,0,0,11371806720,9877585920,
2020-01-01T06:14:30Z,0,0,11387535360,9893314560,
2020-01-01T06:15:00Z,0,0,11403264000,9909043200,
2020-01-01T06:15:30Z,0,0,11418992640,9924771840,
2020-01-01T06:16:00Z,0,0,11434721280,9940500480,
2020-01-01T06:16:30Z,0,0,11450449920,9956229120,
2020-01-01T06:17:00Z,0,0,11466178560,9971957760,
2020-01-01T06:17:30Z,0,0,11481907200,9987686400,
2020-01-01T06:18:00Z,0,0,11497635840,10003415040,
2020-01-01T06:18:30Z,0,0,11513364480,10019143680,
2020-01-01T06:19:00Z,0,0,11529093120,10034872320,
2020-01-01T06:19:30Z,0,0,11544821760,10050600960,
2020-01-01T06:20:00Z,0,0,11560550400,10066329600,
2020-01-01T06:20:30Z,0,0,11576279040,10082058240,
2020-01-01T06:21:00Z,0,0,11592007680,10097786880,
2020-01-01T06:21:30Z,0,0,11607736320,10113515520,
2020-01-01T06:22:00Z,0,0,11623464960,10129244160,
2020-01-01T06:22:30Z,0,0,11639193600,10144972800,
2020-01-01T06:23:00Z,0,0,11654922240,10160701440,
2020-01-01T06:23:30Z,0,0,11670650880,10176430080,
2020-01-01T06:24:00Z,0,0,11686379520,10192158720,
2020-01-01T06:24:30Z,0,0,11702108160,10207887360,
2020-01-01T06:25:00Z,0,0,11717836800,10223616000,
2020-01-01T06:25:30Z,0,0,11733565440,10239344640,
2020-01-01T06:26:00Z,0,0,11749294080,10255073280,
2020-01-01T06:26:30Z,0,0,11765022720,10270801920,
2020-01-01T06:27:00Z,0,0,11780751360,10286530560,
2020-01-01T06:27:30Z,0,0,11796480000,10302259200,
2020-01-01T06:28:00Z,0,0,11812208640,10317987840,
2020-01-01T06:28:30Z,0,0,11827937280,10333716480,
2020-01-01T06:29:00Z,0,0,11843665920,10349445120,
2020-01-01T06:29:30Z,0,0,11859394560,10365173760,
2020-01-01T06:30:00Z,0,0,11875123200,10380902400,
2020-01-01T06:30:30Z,0,0,11890851840,10396631040,
2020-01-01T06:31:00Z,0,0,11906580480,10412359680,
2020-01-01T06:31:30Z,0,0,11922309120,10428088320,
2020-01-01T06:32:00Z,0,0,11938037760,10443816960,
2020-01-01T06:32:30Z,0,0,11953766400,10459545600,
2020-01-01T06:33:00Z,0,0,11969495040,10475274240,
2020-01-01T06:33:30Z,0,0,11985223680,10491002880,
2020-01-01T06:34:00Z,0,0,12000952320,10506731520,
2020-01-01T06:34:30Z,0,0,12016680960,10522460160,
2020-01-01T06:35:00Z,0,0,12032409600,10538188800,
2020-01-01T06:35:30Z,0,0,12048138240,10553917440,
2020-01-01T06:36:00Z,0,0,12063866880,10569646080,
2020-01-01T06:36:30Z,0,0,12079595520,10585374720,
2020-01-01T06:37:00Z,0,0,12095324160,10601103360,
2020-01-01T06:37:30Z,0,0,12111052800,10616832000,
2020-01-01T06:38:00Z,0,0,12126781440,10632560640,
2020-01-01T06:38:30Z,0,0,12142510080,10648289280,
2020-01-01T06:39:00Z,0,0,12158238720,10664017920,
2020-01-01T06:39:30Z,0,0,12173967360,10679746560,
2020-01-01T06:40:00Z,0,0,12189696000,10695475200,
2020-01-01T06:40:30Z,0,0,12205424640,10711203840,
2020-01-01T06:41:00Z,0,0,12221153280,10726932480,
2020-01-01T06:41:30Z,0,0,12236881920,10742661120,
2020-01-01T06:42:00Z,0,0,12252610560,10758389760,
2020-01-01T06:42:30Z,0,0,12268339200,10774118400,
2020-01-01T06:43:00Z,0,0,12284067840,10789847040,
2020-01-01T06:43:30Z,0,0,12299796480,10805575680,
2020-01-01T06:44:00Z,0,0,12315525120,10821304320,
2020-01-01T06:44:30Z,0,0,12331253760,10837032960,
2020-01-01T06:45:00Z,0,0,12346982400,10852761600,
2020-01-01T06:45:30Z,0,0,12362711040,10868490240,
2020-01-01T06:46:00Z,0,0,12378439680,10884218880,
2020-01-01T06:46:30Z,0,0,12394168320,10899947520,
2020-01-01T06:47:00Z,0,0,12409896960,10915676160,
2020-01-01T06:47:30Z,0,0,12425625600,10931404800,
2020-01-01T06:48:00Z,0,0,12441354240,10947133440,
2020-01-01T06:48:30Z,0,0,12457082880,10962862080,
2020-01-01T06:49:00Z,0,0,12472811520,10978590720,
2020-01-01T06:49:30Z,0,0,12488540160,10994319360,
2020-01-01T06:50:00Z,0,0,12504268800,11010048000,
2020-01-01T06:50:30Z,0,0,12519997440,11025776640,
2020-01-01T06:51:00Z,0,0,12535726080,11041505280,
2020-01-01T06:51:30Z,0,0,12551454720,11057233920,
2020-01-01T06:52:00Z,0,0,12567183360,11072962560,
2020-01-01T06:52:30Z,0,0,12582912000,11088691200,
2020-01-01T06:53:00Z,0,0,12598640640,11104419840,
2020-01-01T06:53:30Z,0,0,12614369280,11120148480,
2020-01-01T06:54:00Z,0,0,12630097920,11135877120,
2020-01-01T06:54:30Z,0,0,12645826560,11151605760,
2020-01-01T06:55:00Z,0,0,12661555200,11167334400,
2020-01-01T06:55:30Z,0,0,12677283840,11183063040,
2020-01-01T06:56:00Z,0,0,12693012480,11198791680,
2020-01-01T06:56:30Z,0,0,12708741120,11214520320,
2020-01-01T06:57:00Z,0,0,12724469760,11230248960,
2020-01-01T06:57:30Z,0,0,12740198400,11245977600,
2020-01-01T06:58:00Z,0,0,12755927040,11261706240,
2020-01-01T06:58:30Z,0,0,12771655680,11277434880,
2020-01-01T06:59:00Z,0,0,12787384320,11293163520,
2020-01-01T06:59:30Z,0,0,12803112960,11308892160,
2020-01-01T07:00:00Z,0,0,12818841600,11324620800,
2020-01-01T07:00:30Z,0,0,12834570240,11340349440,
2020-01-01T07:01:00Z,0,0,12850298880,11356078080,
2020-01-01T07:01:30Z,0,0,12866027520,11371806720,
2020-01-01T07:02:00Z,0,0,12881756160,11387535360,
2020-01-01T07:02:30Z,0,0,12897484800,11403264000,
2020-01-01T07:03:00Z,0,0,12913213440,11418992640,
2020-01-01T07:03:30Z,0,0,12928942080,11434721280,
2020-01-01T07:04:00Z,0,0,12944670720,11450449920,
2020-01-01T07:04:30Z,0,0,12960399360,11466178560,
2020-01-01T07:05:00Z,0,0,12976128000,11481907200,
2020-01-01T07:05:30Z,0,0,12991856640,11497635840,
2020-01-01T07:06:00Z,0,0,13007585280,11513364480,
2020-01-01T07:06:30Z,0,0,13023313920,11529093120,
2020-01-01T07:07:00Z,0,0,13039042560,11544821760,
2020-01-01T07:07:30Z,0,0,13054771200,11560550400,
2020-01-01T07:08:00Z,0,0,13070499840,11576279040,
2020-01-01T07:08:30Z,0,0,13086228480,11592007680,
2020-01-01T07:09:00Z,0,0,13101957120,11607736320,
2020-01-01T07:09:30Z,0,0,13117685760,11623464960,
2020-01-01T07:10:00Z,0,0,13133414400,11639193600,
2020-01-01T07:10:30Z,0,0,13149143040,11654922240,
2020-01-01T07:11:00Z,0,0,13164871680,11670650880,
2020-01-01T07:11:30Z,0,0,13180600320,11686379520,
2020-01-01T07:12:00Z,0,0,13196328960,11702108160,
2020-01-01T07:12:30Z,0,0,13212057600,11717836800,
2020-01-01T07:13:00Z,0,0,13227786240,11733565440,
2020-01-01T07:13:30Z,0,0,13243514880,11749294080,
2020-01-01T07:14:00Z,0,0,13259243520,11765022720,
2020-01-01T07:14:30Z,0,0,13274972160,11780751360,
2020-01-01T07:15:00Z,0,0,13290700800,11796480000,
2020-01-01T07:15:30Z,0,0,13306429440,11812208640,
2020-01-01T07:16:00Z,0,0,13322158080,11827937280,
2020-01-01T07:16:30Z,0,0,13337886720,11843665920,
2020-01-01T07:17:00Z,0,0,13353615360,11859394560,
2020-01-01T07:17:30Z,0,0,13369344000,11875123200,
2020-01-01T07:18:00Z,0,0,13385072640,11890851840,
2020-01-01T07:18:30Z,0,0,13400801280,11906580480,
2020-01-01T07:19:00Z,0,0,13416529920,11922309120,
2020-01-01T07:19:30Z,0,0,13432258560,11938037760,
2020-01-01T07:20:00Z,0,0,13447987200,11953766400,
2020-01-01T07:20:30Z,0,0,13463715840,11969495040,
2020-01-01T07:21:00Z,0,0,13479444480,11985223680,
2020-01-01T07:21:30Z,0,0,13495173120,12000952320,
2020-01-01T07:22:00Z,0,0,13510901760,12016680960,
2020-01-01T07:22:30Z,0,0,13526630400,12032409600,
2020-01-01T07:23:00Z,0,0,13542359040,12048138240,
2020-01-01T07:23:30Z,0,0,13558087680,12063866880,
2020-01-01T07:24:00Z,0,0,13573816320,12079595520,
2020-01-01T07:24:30Z,0,0,13589544960,12095324160,
2020-01-01T07:25:00Z,0,0,13605273600,12111052800,
2020-01-01T07:25:30Z,0,0,13621002240,12126781440,
2020-01-01T07:26:00Z,0,0,13636730880,12142510080,
2020-01-01T07:26:30Z,0,0,13652459520,12158238720,
2020-01-01T07:27:00Z,0,0,13668188160,12173967360,
2020-01-01T07:27:30Z,0,0,13683916800,12189696000,
2020-01-01T07:28:00Z,0,0,13699645440,12205424640,
2020-01-01T07:28:30Z,0,1,13715374080,12142510080,P2S0->P1S0
2020-01-01T07:29:00Z,0,1,13731102720,12079595520,
2020-01-01T07:29:30Z,0,1,13746831360,12016680960,
2020-01-01T07:30:00Z,0,1,13762560000,11953766400,
2020-01-01T07:30:30Z,0,1,13778288640,11890851840,
2020-01-01T07:31:00Z,0,1,13794017280,11827937280,
2020-01-01T07:31:30Z,0,1,13809745920,11765022720,
2020-01-01T07:32:00Z,0,1,13825474560,11702108160,
2020-01-01T07:32:30Z,0,1,13841203200,11639193600,
2020-01-01T07:33:00Z,0,1,13856931840,11576279040,
2020-01-01T07:33:30Z,0,1,13872660480,11513364480,
2020-01-01T07:34:00Z,0,1,13888389120,11450449920,
2020-01-01T07:34:30Z,0,1,13904117760,11387535360,
2020-01-01T07:35:00Z,0,0,13919846400,11403264000,
2020-01-01T07:35:30Z,0,0,13935575040,11418992640,
2020-01-01T07:36:00Z,0,0,13951303680,11434721280,
2020-01-01T07:36:30Z,0,0,13967032320,11450449920,
2020-01-01T07:37:00Z,0,0,13982760960,11466178560,
2020-01-01T07:37:30Z,0,0,13998489600,11481907200,
2020-01-01T07:38:00Z,0,0,14014218240,11497635840,
2020-01-01T07:38:30Z,0,0,14029946880,11513364480,
2020-01-01T07:39:00Z,0,0,14045675520,11529093120,
2020-01-01T07:39:30Z,0,0,14061404160,11544821760,
2020-01-01T07:40:00Z,0,0,14077132800,11560550400,
2020-01-01T07:40:30Z,0,0,14092861440,11576279040,
2020-01-01T07:41:00Z,0,0,14108590080,11592007680,
2020-01-01T07:41:30Z,0,0,14124318720,11607736320,
2020-01-01T07:42:00Z,0,0,14140047360,11623464960,
2020-01-01T07:42:30Z,0,0,14155776000,11639193600,
2020-01-01T07:43:00Z,0,0,14171504640,11654922240,
2020-01-01T07:43:30Z,0,0,14187233280,11670650880,
2020-01-01T07:44:00Z,0,0,14202961920,11686379520,
2020-01-01T07:44:30Z,0,0,14218690560,11702108160,
2020-01-01T07:45:00Z,0,0,14234419200,11717836800,
2020-01-01T07:45:30Z,0,0,14250147840,11733565440,
2020-01-01T07:46:00Z,0,0,14265876480,11749294080,
2020-01-01T07:46:30Z,0,0,14281605120,11765022720,
2020-01-01T07:47:00Z,0,0,14297333760,11780751360,
2020-01-01T07:47:30Z,0,0,14313062400,11796480000,
2020-01-01T07:48:00Z,0,0,14328791040,11812208640,
2020-01-01T07:48:30Z,0,0,14344519680,11827937280,
2020-01-01T07:49:00Z,0,0,14360248320,11843665920,
2020-01-01T07:49:30Z,0,0,14375976960,11859394560,
2020-01-01T07:50:00Z,0,0,14391705600,11875123200,
2020-01-01T07:50:30Z,0,0,14407434240,11890851840,
2020-01-01T07:51:00Z,0,0,14423162880,11906580480,
2020-01-01T07:51:30Z,0,0,14438891520,11922309120,
2020-01-01T07:52:00Z,0,0,14454620160,11938037760,
2020-01-01T07:52:30Z,0,0,14470348800,11953766400,
2020-01-01T07:53:00Z,0,0,14486077440,11969495040,
2020-01-01T07:53:30Z,0,0,14501806080,11985223680,
2020-01-01T07:54:00Z,0,0,14517534720,12000952320,
2020-01-01T07:54:30Z,0,0,14533263360,12016680960,
2020-01-01T07:55:00Z,0,0,14548992000,12032409600,
2020-01-01T07:55:30Z,0,0,14564720640,12048138240,
2020-01-01T07:56:00Z,0,0,14580449280,12063866880,
2020-01-01T07:56:30Z,0,0,14596177920,12079595520,
2020-01-01T07:57:00Z,0,0,14611906560,12095324160,
2020-01-01T07:57:30Z,0,0,14627635200,12111052800,
2020-01-01T07:58:00Z,0,0,14643363840,12126781440,
2020-01-01T07:58:30Z,0,0,14659092480,12142510080,
2020-01-01T07:59:00Z,0,0,14674821120,12158238720,
2020-01-01T07:59:30Z,0,0,14690549760,12173967360,
2020-01-01T08:00:00Z,0,0,14706278400,12189696000,
2020-01-01T08:00:30Z,0,0,14722007040,12205424640,
2020-01-01T08:01:00Z,0,0,14737735680,12221153280,
2020-01-01T08:01:30Z,0,0,14753464320,12236881920,
2020-01-01T08:02:00Z,0,0,14769192960,12252610560,
2020-01-01T08:02:30Z,0,0,14784921600,12268339200,
2020-01-01T08:03:00Z,0,0,14800650240,12284067840,
2020-01-01T08:03:30Z,0,0,14816378880,12299796480,
2020-01-01T08:04:00Z,0,0,14832107520,12315525120,
2020-01-01T08:04:30Z,0,0,14847836160,12331253760,
2020-01-01T08:05:00Z,0,0,14863564800,12346982400,
2020-01-01T08:05:30Z,0,0,14879293440,12362711040,
2020-01-01T08:06:00Z,0,0,14895022080,12378439680,
2020-01-01T08:06:30Z,0,0,14910750720,12394168320,
2020-01-01T08:07:00Z,0,0,14926479360,12409896960,
2020-01-01T08:07:30Z,0,0,14942208000,12425625600,
2020-01-01T08:08:00Z,0,0,14957936640,12441354240,
2020-01-01T08:08:30Z,0,0,14973665280,12457082880,
2020-01-01T08:09:00Z,0,0,14989393920,12472811520,
2020-01-01T08:09:30Z,0,0,15005122560,12488540160,
2020-01-01T08:10:00Z,0,0,15020851200,12504268800,
2020-01-01T08:10:30Z,0,0,15036579840,12519997440,
2020-01-01T08:11:00Z,0,0,15052308480,12535726080,
2020-01-01T08:11:30Z,0,0,15068037120,12551454720,
2020-01-01T08:12:00Z,0,0,15083765760,12567183360,
2020-01-01T08:12:30Z,0,0,15099494400,12582912000,
2020-01-01T08:13:00Z,0,0,15115223040,12598640640,
2020-01-01T08:13:30Z,0,0,15130951680,12614369280,
2020-01-01T08:14:00Z,0,0,15146680320,12630097920,
2020-01-01T08:14:30Z,0,0,15162408960,12645826560,
2020-01-01T08:15:00Z,0,0,15178137600,12661555200,
2020-01-01T08:15:30Z,0,0,15193866240,12677283840,
2020-01-01T08:16:00Z,0,0,15209594880,12693012480,
2020-01-01T08:16:30Z,0,0,15225323520,12708741120,
2020-01-01T08:17:00Z,0,0,15241052160,12724469760,
2020-01-01T08:17:30Z,0,0,15256780800,12740198400,
2020-01-01T08:18:00Z,0,0,15272509440,12755927040,
2020-01-01T08:18:30Z,0,0,15288238080,12771655680,
2020-01-01T08:19:00Z,0,0,15303966720,12787384320,
2020-01-01T08:19:30Z,0,0,15319695360,12803112960,
2020-01-01T08:20:00Z,0,0,15335424000,12818841600,
2020-01-01T08:20:30Z,0,0,15351152640,12834570240,
2020-01-01T08:21:00Z,0,0,15366881280,12850298880,
2020-01-01T08:21:30Z,0,0,15382609920,12866027520,
2020-01-01T08:22:00Z,0,0,15398338560,12881756160,
2020-01-01T08:22:30Z,0,0,15414067200,12897484800,
2020-01-01T08:23:00Z,0,0,15429795840,12913213440,
2020-01-01T08:23:30Z,0,0,15445524480,12928942080,
2020-01-01T08:24:00Z,0,0,15461253120,12944670720,
2020-01-01T08:24:30Z,0,0,15476981760,12960399360,
2020-01-01T08:25:00Z,0,0,15492710400,12976128000,
2020-01-01T08:25:30Z,0,0,15508439040,12991856640,
2020-01-01T08:26:00Z,0,0,15524167680,13007585280,
2020-01-01T08:26:30Z,0,0,15539896320,13023313920,
2020-01-01T08:27:00Z,0,0,15555624960,13039042560,
2020-01-01T08:27:30Z,0,0,15571353600,13054771200,
2020-01-01T08:28:00Z,0,0,15587082240,13070499840,
2020-01-01T08:28:30Z,0,0,15602810880,13086228480,
2020-01-01T08:29:00Z,0,0,15618539520,13101957120,
2020-01-01T08:29:30Z,0,0,15634268160,13117685760,
2020-01-01T08:30:00Z,0,0,15649996800,13133414400,
2020-01-01T08:30:30Z,0,0,15665725440,13149143040,
2020-01-01T08:31:00Z,0,0,15681454080,13164871680,
2020-01-01T08:31:30Z,0,0,15697182720,13180600320,
2020-01-01T08:32:00Z,0,0,15712911360,13196328960,
2020-01-01T08:32:30Z,0,0,15728640000,13212057600,
2020-01-01T08:33:00Z,0,0,15744368640,13227786240,
2020-01-01T08:33:30Z,0,0,15760097280,13243514880,
2020-01-01T08:34:00Z,0,0,15775825920,13259243520,
2020-01-01T08:34:30Z,0,0,15791554560,13274972160,
2020-01-01T08:35:00Z,0,0,15807283200,13290700800,
2020-01-01T08:35:30Z,0,0,15823011840,13306429440,
2020-01-01T08:36:00Z,0,0,15838740480,13322158080,
2020-01-01T08:36:30Z,0,0,15854469120,13337886720,
2020-01-01T08:37:00Z,0,0,15870197760,13353615360,
2020-01-01T08:37:30Z,0,0,15885926400,13369344000,
2020-01-01T08:38:00Z,0,0,15901655040,13385072640,
2020-01-01T08:38:30Z,0,0,15917383680,13400801280,
2020-01-01T08:39:00Z,0,0,15933112320,13416529920,
2020-01-01T08:39:30Z,0,0,15948840960,13432258560,
2020-01-01T08:40:00Z,0,0,15964569600,13447987200,
2020-01-01T08:40:30Z,0,0,15980298240,13463715840,
2020-01-01T08:41:00Z,0,0,15996026880,13479444480,
2020-01-01T08:41:30Z,0,0,16011755520,13495173120,
2020-01-01T08:42:00Z,0,0,16027484160,13510901760,
2020-01-01T08:42:30Z,0,0,16043212800,13526630400,
2020-01-01T08:43:00Z,0,0,16058941440,13542359040,
2020-01-01T08:43:30Z,0,0,16074670080,13558087680,
2020-01-01T08:44:00Z,0,0,16090398720,13573816320,
2020-01-01T08:44:30Z,0,0,16106127360,13589544960,
2020-01-01T08:45:00Z,0,0,16121856000,13605273600,
2020-01-01T08:45:30Z,0,0,16137584640,13621002240,
2020-01-01T08:46:00Z,0,0,16153313280,13636730880,
2020-01-01T08:46:30Z,0,0,16169041920,13652459520,
2020-01-01T08:47:00Z,0,0,16184770560,13668188160,
2020-01-01T08:47:30Z,0,0,16200499200,13683916800,
2020-01-01T08:48:00Z,0,0,16216227840,13699645440,
2020-01-01T08:48:30Z,0,0,16231956480,13715374080,
2020-01-01T08:49:00Z,0,0,16247685120,13731102720,
2020-01-01T08:49:30Z,0,0,16263413760,13746831360,
2020-01-01T08:50:00Z,0,0,16279142400,13762560000,
2020-01-01T08:50:30Z,0,0,16294871040,13778288640,
2020-01-01T08:51:00Z,0,0,16310599680,13794017280,
2020-01-01T08:51:30Z,0,0,16326328320,13809745920,
2020-01-01T08:52:00Z,0,0,16342056960,13825474560,
2020-01-01T08:52:30Z,0,0,16357785600,13841203200,
2020-01-01T08:53:00Z,0,0,16373514240,13856931840,
2020-01-01T08:53:30Z,0,0,16389242880,13872660480,
2020-01-01T08:54:00Z,0,0,16404971520,13888389120,
2020-01-01T08:54:30Z,0,0,16420700160,13904117760,
2020-01-01T08:55:00Z,0,0,16436428800,13919846400,
2020-01-01T08:55:30Z,0,0,16452157440,13935575040,
2020-01-01T08:56:00Z,0,0,16467886080,13951303680,
2020-01-01T08:56:30Z,0,0,16483614720,13967032320,
2020-01-01T08:57:00Z,0,0,16499343360,13982760960,
2020-01-01T08:57:30Z,0,0,16515072000,13998489600,
2020-01-01T08:58:00Z,0,0,16530800640,14014218240,
2020-01-01T08:58:30Z,0,0,16546529280,14029946880,
2020-01-01T08:59:00Z,0,0,16562257920,14045675520,
2020-01-01T08:59:30Z,0,0,16577986560,14061404160,
2020-01-01T09:00:00Z,0,0,16593715200,14077132800,
2020-01-01T09:00:30Z,0,0,16609443840,14092861440,
2020-01-01T09:01:00Z,0,0,16625172480,14108590080,
2020-01-01T09:01:30Z,0,0,16640901120,14124318720,
2020-01-01T09:02:00Z,0,0,16656629760,14140047360,
2020-01-01T09:02:30Z,0,0,16672358400,14155776000,
2020-01-01T09:03:00Z,0,0,16688087040,14171504640,
2020-01-01T09:03:30Z,0,0,16703815680,14187233280,
2020-01-01T09:04:00Z,0,1,16719544320,14124318720,
2020-01-01T09:04:30Z,0,1,16735272960,14061404160,
2020-01-01T09:05:00Z,0,1,16751001600,13998489600,
2020-01-01T09:05:30Z,0,1,16766730240,13935575040,
2020-01-01T09:06:00Z,0,1,16782458880,13872660480,
2020-01-01T09:06:30Z,0,1,16798187520,13809745920,
2020-01-01T09:07:00Z,0,0,16813916160,13825474560,
2020-01-01T09:07:30Z,0,0,16829644800,13841203200,
2020-01-01T09:08:00Z,0,0,16845373440,13856931840,
2020-01-01T09:08:30Z,0,0,16861102080,13872660480,
2020-01-01T09:09:00Z,0,0,16876830720,13888389120,
2020-01-01T09:09:30Z,0,0,16892559360,13904117760,
2020-01-01T09:10:00Z,0,0,16908288000,13919846400,
2020-01-01T09:10:30Z,0,0,16924016640,13935575040,
2020-01-01T09:11:00Z,0,0,16939745280,13951303680,
2020-01-01T09:11:30Z,0,0,16955473920,13967032320,
2020-01-01T09:12:00Z,0,0,16971202560,13982760960,
2020-01-01T09:12:30Z,0,0,16986931200,13998489600,
2020-01-01T09:13:00Z,0,0,17002659840,14014218240,
2020-01-01T09:13:30Z,0,0,17018388480,14029946880,
2020-01-01T09:14:00Z,0,0,17034117120,14045675520,
2020-01-01T09:14:30Z,0,0,17049845760,14061404160,
2020-01-01T09:15:00Z,0,0,17065574400,14077132800,
2020-01-01T09:15:30Z,0,0,17081303040,14092861440,
2020-01-01T09:16:00Z,0,0,17097031680,14108590080,
2020-01-01T09:16:30Z,0,0,17112760320,14124318720,
2020-01-01T09:17:00Z,0,0,17128488960,14140047360,
2020-01-01T09:17:30Z,0,0,17144217600,14155776000,
2020-01-01T09:18:00Z,0,0,17159946240,14171504640,
2020-01-01T09:18:30Z,0,0,17175674880,14187233280,
2020-01-01T09:19:00Z,0,0,17191403520,14202961920,
2020-01-01T09:19:30Z,0,0,17207132160,14218690560,
2020-01-01T09:20:00Z,0,0,17222860800,14234419200,
2020-01-01T09:20:30Z,0,0,17238589440,14250147840,
2020-01-01T09:21:00Z,0,0,17254318080,14265876480,
2020-01-01T09:21:30Z,0,0,17270046720,14281605120,
2020-01-01T09:22:00Z,0,0,17285775360,14297333760,
2020-01-01T09:22:30Z,0,0,17301504000,14313062400,
2020-01-01T09:23:00Z,0,0,17317232640,14328791040,
2020-01-01T09:23:30Z,0,0,17332961280,14344519680,
2020-01-01T09:24:00Z,0,0,17348689920,14360248320,
2020-01-01T09:24:30Z,0,0,17364418560,14375976960,
2020-01-01T09:25:00Z,0,0,17380147200,14391705600,
2020-01-01T09:25:30Z,0,0,17395875840,14407434240,
2020-01-01T09:26:00Z,0,0,17411604480,14423162880,
2020-01-01T09:26:30Z,0,0,17427333120,14438891520,
2020-01-01T09:27:00Z,0,0,17443061760,14454620160,
2020-01-01T09:27:30Z,0,0,17458790400,14470348800,
2020-01-01T09:28:00Z,0,0,17474519040,14486077440,
2020-01-01T09:28:30Z,0,0,17490247680,14501806080,
2020-01-01T09:29:00Z,0,0,17505976320,14517534720,
2020-01-01T09:29:30Z,0,0,17521704960,14533263360,
2020-01-01T09:30:00Z,0,0,17537433600,14548992000,
2020-01-01T09:30:30Z,0,0,17553162240,14564720640,
2020-01-01T09:31:00Z,0,0,17568890880,14580449280,
2020-01-01T09:31:30Z,0,0,17584619520,14596177920,
2020-01-01T09:32:00Z,0,0,17600348160,14611906560,
2020-01-01T09:32:30Z,0,0,17616076800,14627635200,
2020-01-01T09:33:00Z,0,0,17631805440,14643363840,
2020-01-01T09:33:30Z,0,0,17647534080,14659092480,
2020-01-01T09:34:00Z,0,0,17663262720,14674821120,
2020-01-01T09:34:30Z,0,0,17678991360,14690549760,
2020-01-01T09:35:00Z,0,0,17694720000,14706278400,
2020-01-01T09:35:30Z,0,0,17710448640,14722007040,
2020-01-01T09:36:00Z,0,0,17726177280,14737735680,
2020-01-01T09:36:30Z,0,0,17741905920,14753464320,
2020-01-01T09:37:00Z,0,0,17757634560,14769192960,
2020-01-01T09:37:30Z,0,0,17773363200,14784921600,
2020-01-01T09:38:00Z,0,0,17789091840,14800650240,
2020-01-01T09:38:30Z,0,0,17804820480,14816378880,
2020-01-01T09:39:00Z,0,0,17820549120,14832107520,
2020-01-01T09:39:30Z,0,0,17836277760,14847836160,
2020-01-01T09:40:00Z,0,0,17852006400,14863564800,
2020-01-01T09:40:30Z,0,0,17867735040,14879293440,
2020-01-01T09:41:00Z,0,0,17883463680,14895022080,
2020-01-01T09:41:30Z,0,0,17899192320,14910750720,
2020-01-01T09:42:00Z,0,0,17914920960,14926479360,
2020-01-01T09:42:30Z,0,0,17930649600,14942208000,
2020-01-01T09:43:00Z,0,0,17946378240,14957936640,
2020-01-01T09:43:30Z,0,0,17962106880,14973665280,
2020-01-01T09:44:00Z,0,0,17977835520,14989393920,
2020-01-01T09:44:30Z,0,0,17993564160,15005122560,
2020-01-01T09:45:00Z,0,0,18009292800,15020851200,
2020-01-01T09:45:30Z,0,0,18025021440,15036579840,
2020-01-01T09:46:00Z,0,0,18040750080,15052308480,
2020-01-01T09:46:30Z,0,0,18056478720,15068037120,
2020-01-01T09:47:00Z,0,0,18072207360,15083765760,
2020-01-01T09:47:30Z,0,0,18087936000,15099494400,
2020-01-01T09:48:00Z,0,0,18103664640,15115223040,
2020-01-01T09:48:30Z,0,0,18119393280,15130951680,
2020-01-01T09:49:00Z,0,0,18135121920,15146680320,
2020-01-01T09:49:30Z,0,0,18150850560,15162408960,
2020-01-01T09:50:00Z,0,0,18166579200,15178137600,
2020-01-01T09:50:30Z,0,0,18182307840,15193866240,
2020-01-01T09:51:00Z,0,0,18198036480,15209594880,
2020-01-01T09:51:30Z,0,0,18213765120,15225323520,
2020-01-01T09:52:00Z,0,0,18229493760,15241052160,
2020-01-01T09:52:30Z,0,0,18245222400,15256780800,
2020-01-01T09:53:00Z,0,0,18260951040,15272509440,
2020-01-01T09:53:30Z,0,0,18276679680,15288238080,
2020-01-01T09:54:00Z,0,0,18292408320,15303966720,
2020-01-01T09:54:30Z,0,0,18308136960,15319695360,
2020-01-01T09:55:00Z,0,0,18323865600,15335424000,
2020-01-01T09:55:30Z,0,0,18339594240,15351152640,
2020-01-01T09:56:00Z,0,0,18355322880,15366881280,
2020-01-01T09:56:30Z,0,0,18371051520,15382609920,
2020-01-01T09:57:00Z,0,0,18386780160,15398338560,
2020-01-01T09:57:30Z,0,0,18402508800,15414067200,
2020-01-01T09:58:00Z,0,0,18418237440,15429795840,
2020-01-01T09:58:30Z,0,0,18433966080,15445524480,
2020-01-01T09:59:00Z,0,0,18449694720,15461253120,
2020-01-01T09:59:30Z,0,0,18465423360,15476981760,
2020-01-01T10:00:00Z,0,0,18481152000,15492710400,
2020-01-01T10:00:30Z,0,0,18496880640,15508439040,
2020-01-01T10:01:00Z,0,0,18512609280,15524167680,
2020-01-01T10:01:30Z,0,0,18528337920,15539896320,
2020-01-01T10:02:00Z,0,0,18544066560,15555624960,
2020-01-01T10:02:30Z,0,0,18559795200,15571353600,
2020-01-01T10:03:00Z,0,0,18575523840,15587082240,
2020-01-01T10:03:30Z,0,0,18591252480,15602810880,
2020-01-01T10:04:00Z,0,0,18606981120,15618539520,
2020-01-01T10:04:30Z,0,0,18622709760,15634268160,
2020-01-01T10:05:00Z,0,0,18638438400,15649996800,
2020-01-01T10:05:30Z,0,0,18654167040,15665725440,
2020-01-01T10:06:00Z,0,0,18669895680,15681454080,
2020-01-01T10:06:30Z,0,0,18685624320,15697182720,
2020-01-01T10:07:00Z,0,0,18701352960,15712911360,
2020-01-01T10:07:30Z,0,0,18717081600,15728640000,
2020-01-01T10:08:00Z,0,0,18732810240,15744368640,
2020-01-01T10:08:30Z,0,0,18748538880,15760097280,
2020-01-01T10:09:00Z,0,0,18764267520,15775825920,
2020-01-01T10:09:30Z,0,0,18779996160,15791554560,
2020-01-01T10:10:00Z,0,0,18795724800,15807283200,
2020-01-01T10:10:30Z,0,0,18811453440,15823011840,
2020-01-01T10:11:00Z,0,0,18827182080,15838740480,
2020-01-01T10:11:30Z,0,0,18842910720,15854469120,
2020-01-01T10:12:00Z,0,0,18858639360,15870197760,
2020-01-01T10:12:30Z,0,0,18874368000,15885926400,
2020-01-01T10:13:00Z,0,0,18890096640,15901655040,
2020-01-01T10:13:30Z,0,0,18905825280,15917383680,
2020-01-01T10:14:00Z,0,0,18921553920,15933112320,
2020-01-01T10:14:30Z,0,0,18937282560,15948840960,
2020-01-01T10:15:00Z,0,0,18953011200,15964569600,
2020-01-01T10:15:30Z,0,0,18968739840,15980298240,
2020-01-01T10:16:00Z,0,0,18984468480,15996026880,
2020-01-01T10:16:30Z,0,0,19000197120,16011755520,
2020-01-01T10:17:00Z,0,0,19015925760,16027484160,
2020-01-01T10:17:30Z,0,0,19031654400,16043212800,
2020-01-01T10:18:00Z,0,0,19047383040,16058941440,
2020-01-01T10:18:30Z,0,0,19063111680,16074670080,
2020-01-01T10:19:00Z,0,0,19078840320,16090398720,
2020-01-01T10:19:30Z,0,0,19094568960,16106127360,
2020-01-01T10:20:00Z,0,0,19110297600,16121856000,
2020-01-01T10:20:30Z,0,0,19126026240,16137584640,
2020-01-01T10:21:00Z,0,0,19141754880,16153313280,
2020-01-01T10:21:30Z,0,0,19157483520,16169041920,
2020-01-01T10:22:00Z,0,0,19173212160,16184770560,
2020-01-01T10:22:30Z,0,0,19188940800,16200499200,
2020-01-01T10:23:00Z,0,0,19204669440,16216227840,
2020-01-01T10:23:30Z,0,0,19220398080,16231956480,
2020-01-01T10:24:00Z,0,0,19236126720,16247685120,
2020-01-01T10:24:30Z,0,0,19251855360,16263413760,
2020-01-01T10:25:00Z,0,0,19267584000,16279142400,
2020-01-01T10:25:30Z,0,0,19283312640,16294871040,
2020-01-01T10:26:00Z,0,0,19299041280,16310599680,
2020-01-01T10:26:30Z,0,0,19314769920,16326328320,
2020-01-01T10:27:00Z,0,0,19330498560,16342056960,
2020-01-01T10:27:30Z,0,0,19346227200,16357785600,
2020-01-01T10:28:00Z,0,0,19361955840,16373514240,
2020-01-01T10:28:30Z,0,0,19377684480,16389242880,
2020-01-01T10:29:00Z,0,0,19393413120,16404971520,
2020-01-01T10:29:30Z,0,0,19409141760,16420700160,
2020-01-01T10:30:00Z,0,0,19424870400,16436428800,
2020-01-01T10:30:30Z,0,0,19440599040,16452157440,
2020-01-01T10:31:00Z,0,0,19456327680,16467886080,
2020-01-01T10:31:30Z,0,0,19472056320,16483614720,
2020-01-01T10:32:00Z,0,0,19487784960,16499343360,
2020-01-01T10:32:30Z,0,0,19503513600,16515072000,
2020-01-01T10:33:00Z,0,0,19519242240,16530800640,
2020-01-01T10:33:30Z,0,0,19534970880,16546529280,
2020-01-01T10:34:00Z,0,0,19550699520,16562257920,
2020-01-01T10:34:30Z,0,0,19566428160,16577986560,
2020-01-01T10:35:00Z,0,0,19582156800,16593715200,
2020-01-01T10:35:30Z,0,0,19597885440,16609443840,
2020-01-01T10:36:00Z,0,0,19613614080,16625172480,
2020-01-01T10:36:30Z,0,0,19629342720,16640901120,
2020-01-01T10:37:00Z,0,0,19645071360,16656629760,
2020-01-01T10:37:30Z,0,0,19660800000,16672358400,
2020-01-01T10:38:00Z,0,0,19676528640,16688087040,
2020-01-01T10:38:30Z,0,0,19692257280,16703815680,
2020-01-01T10:39:00Z,0,0,19707985920,16719544320,
2020-01-01T10:39:30Z,0,0,19723714560,16735272960,
2020-01-01T10:40:00Z,0,0,19739443200,16751001600,
2020-01-01T10:40:30Z,0,0,19755171840,16766730240,
2020-01-01T10:41:00Z,0,0,19770900480,16782458880,
2020-01-01T10:41:30Z,0,0,19786629120,16798187520,
2020-01-01T10:42:00Z,0,0,19802357760,16813916160,
2020-01-01T10:42:30Z,0,0,19818086400,16829644800,
2020-01-01T10:43:00Z,0,0,19833815040,16845373440,
2020-01-01T10:43:30Z,0,0,19849543680,16861102080,
2020-01-01T10:44:00Z,0,0,19865272320,16876830720,
2020-01-01T10:44:30Z,0,0,19881000960,16892559360,
2020-01-01T10:45:00Z,0,0,19896729600,16908288000,
2020-01-01T10:45:30Z,0,0,19912458240,16924016640,
2020-01-01T10:46:00Z,0,0,19928186880,16939745280,
2020-01-01T10:46:30Z,0,0,19943915520,16955473920,
2020-01-01T10:47:00Z,0,0,19959644160,16971202560,
2020-01-01T10:47:30Z,0,0,19975372800,16986931200,
2020-01-01T10:48:00Z,0,0,19991101440,17002659840,
2020-01-01T10:48:30Z,0,0,20006830080,17018388480,
2020-01-01T10:49:00Z,0,0,20022558720,17034117120,
2020-01-01T10:49:30Z,0,0,20038287360,17049845760,
2020-01-01T10:50:00Z,0,0,20054016000,17065574400,
2020-01-01T10:50:30Z,0,0,20069744640,17081303040,
2020-01-01T10:51:00Z,0,0,20085473280,17097031680,
2020-01-01T10:51:30Z,0,0,20101201920,17112760320,
2020-01-01T10:52:00Z,0,0,20116930560,17128488960,
2020-01-01T10:52:30Z,0,0,20132659200,17144217600,
2020-01-01T10:53:00Z,0,0,20148387840,17159946240,
2020-01-01T10:53:30Z,0,0,20164116480,17175674880,
2020-01-01T10:54:00Z,0,0,20179845120,17191403520,
2020-01-01T10:54:30Z,0,0,20195573760,17207132160,
2020-01-01T10:55:00Z,0,0,20211302400,17222860800,
2020-01-01T10:55:30Z,0,0,20227031040,17238589440,
2020-01-01T10:56:00Z,0,0,20242759680,17254318080,
2020-01-01T10:56:30Z,0,0,20258488320,17270046720,
2020-01-01T10:57:00Z,0,0,20274216960,17285775360,
2020-01-01T10:57:30Z,0,0,20289945600,17301504000,
2020-01-01T10:58:00Z,0,0,20305674240,17317232640,
2020-01-01T10:58:30Z,0,0,20321402880,17332961280,
2020-01-01T10:59:00Z,0,0,20337131520,17348689920,
2020-01-01T10:59:30Z,0,0,20352860160,17364418560,
2020-01-01T11:00:00Z,0,0,20368588800,17380147200,
2020-01-01T11:00:30Z,0,0,20384317440,17395875840,
2020-01-01T11:01:00Z,0,0,20400046080,17411604480,
2020-01-01T11:01:30Z,0,0,20415774720,17427333120,
2020-01-01T11:02:00Z,0,0,20431503360,17443061760,
2020-01-01T11:02:30Z,0,0,20447232000,17458790400,
2020-01-01T11:03:00Z,0,0,20462960640,17474519040,
2020-01-01T11:03:30Z,0,0,20478689280,17490247680,
2020-01-01T11:04:00Z,0,0,20494417920,17505976320,
2020-01-01T11:04:30Z,0,0,20510146560,17521704960,
2020-01-01T11:05:00Z,0,0,20525875200,17537433600,
2020-01-01T11:05:30Z,0,0,20541603840,17553162240,
2020-01-01T11:06:00Z,0,0,20557332480,17568890880,
2020-01-01T11:06:30Z,0,0,20573061120,17584619520,
2020-01-01T11:07:00Z,0,0,20588789760,17600348160,
2020-01-01T11:07:30Z,0,0,20604518400,17616076800,
2020-01-01T11:08:00Z,0,0,20620247040,17631805440,
2020-01-01T11:08:30Z,0,0,20635975680,17647534080,
2020-01-01T11:09:00Z,0,0,20651704320,17663262720,
2020-01-01T11:09:30Z,0,0,20667432960,17678991360,
2020-01-01T11:10:00Z,0,0,20683161600,17694720000,
2020-01-01T11:10:30Z,0,0,20698890240,17710448640,
2020-01-01T11:11:00Z,0,0,20714618880,17726177280,
2020-01-01T11:11:30Z,0,0,20730347520,17741905920,
2020-01-01T11:12:00Z,0,0,20746076160,17757634560,
2020-01-01T11:12:30Z,0,0,20761804800,17773363200,
2020-01-01T11:13:00Z,0,0,20777533440,17789091840,
2020-01-01T11:13:30Z,0,0,20793262080,17804820480,
2020-01-01T11:14:00Z,0,0,20808990720,17820549120,
2020-01-01T11:14:30Z,0,0,20824719360,17836277760,
2020-01-01T11:15:00Z,0,0,20840448000,17852006400,
2020-01-01T11:15:30Z,0,0,20856176640,17867735040,
2020-01-01T11:16:00Z,0,0,20871905280,17883463680,
2020-01-01T11:16:30Z,0,0,20887633920,17899192320,
2020-01-01T11:17:00Z,0,0,20903362560,17914920960,
2020-01-01T11:17:30Z,0,0,20919091200,17930649600,
2020-01-01T11:18:00Z,0,0,20934819840,17946378240,
2020-01-01T11:18:30Z,0,0,20950548480,17962106880,
2020-01-01T11:19:00Z,0,0,20966277120,17977835520,
2020-01-01T11:19:30Z,0,0,20982005760,17993564160,
2020-01-01T11:20:00Z,0,0,20997734400,18009292800,
2020-01-01T11:20:30Z,0,0,21013463040,18025021440,
2020-01-01T11:21:00Z,0,0,21029191680,18040750080,
2020-01-01T11:21:30Z,0,0,21044920320,18056478720,
2020-01-01T11:22:00Z,0,0,21060648960,18072207360,
2020-01-01T11:22:30Z,0,0,21076377600,18087936000,
2020-01-01T11:23:00Z,0,0,21092106240,18103664640,
2020-01-01T11:23:30Z,0,0,21107834880,18119393280,
2020-01-01T11:24:00Z,0,0,21123563520,18135121920,
2020-01-01T11:24:30Z,0,0,21139292160,18150850560,
2020-01-01T11:25:00Z,0,0,21155020800,18166579200,
2020-01-01T11:25:30Z,0,0,21170749440,18182307840,
2020-01-01T11:26:00Z,0,0,21186478080,18198036480,
2020-01-01T11:26:30Z,0,0,21202206720,18213765120,
2020-01-01T11:27:00Z,0,0,21217935360,18229493760,
2020-01-01T11:27:30Z,0,0,21233664000,18245222400,
2020-01-01T11:28:00Z,0,0,21249392640,18260951040,
2020-01-01T11:28:30Z,0,0,21265121280,18276679680,
2020-01-01T11:29:00Z,0,0,21280849920,18292408320,
2020-01-01T11:29:30Z,0,0,21296578560,18308136960,
2020-01-01T11:30:00Z,0,0,21312307200,18323865600,
2020-01-01T11:30:30Z,0,0,21328035840,18339594240,
2020-01-01T11:31:00Z,0,0,21343764480,18355322880,
2020-01-01T11:31:30Z,0,0,21359493120,18371051520,
2020-01-01T11:32:00Z,0,0,21375221760,18386780160,
2020-01-01T11:32:30Z,0,0,21390950400,18402508800,
2020-01-01T11:33:00Z,0,0,21406679040,18418237440,
2020-01-01T11:33:30Z,0,0,21422407680,18433966080,
2020-01-01T11:34:00Z,0,0,21438136320,18449694720,
2020-01-01T11:34:30Z,0,0,21453864960,18465423360,
2020-01-01T11:35:00Z,0,0,21469593600,18481152000,
2020-01-01T11:35:30Z,0,0,21485322240,18496880640,
2020-01-01T11:36:00Z,0,0,21501050880,18512609280,
2020-01-01T11:36:30Z,0,0,21516779520,18528337920,
2020-01-01T11:37:00Z,0,0,21532508160,18544066560,
2020-01-01T11:37:30Z,0,0,21548236800,18559795200,
2020-01-01T11:38:00Z,0,0,21563965440,18575523840,
2020-01-01T11:38:30Z,0,0,21579694080,18591252480,
2020-01-01T11:39:00Z,0,0,21595422720,18606981120,
2020-01-01T11:39:30Z,0,0,21611151360,18622709760,
2020-01-01T11:40:00Z,1,1,21548236800,18559795200,P1S0->P0S0
2020-01-01T11:40:30Z,1,1,21485322240,18496880640,
2020-01-01T11:41:00Z,1,1,21422407680,18433966080,
2020-01-01T11:41:30Z,1,1,21359493120,18371051520,
2020-01-01T11:42:00Z,1,1,21296578560,18308136960,
2020-01-01T11:42:30Z,1,1,21233664000,18245222400,
2020-01-01T11:43:00Z,0,0,21249392640,18260951040,
2020-01-01T11:43:30Z,0,0,21265121280,18276679680,
2020-01-01T11:44:00Z,0,0,21280849920,18292408320,
2020-01-01T11:44:30Z,0,0,21296578560,18308136960,
2020-01-01T11:45:00Z,0,0,21312307200,18323865600,
2020-01-01T11:45:30Z,0,0,21328035840,18339594240,
2020-01-01T11:46:00Z,0,0,21343764480,18355322880,
2020-01-01T11:46:30Z,0,0,21359493120,18371051520,
2020-01-01T11:47:00Z,0,0,21375221760,18386780160,
2020-01-01T11:47:30Z,0,0,21390950400,18402508800,
2020-01-01T11:48:00Z,0,0,21406679040,18418237440,
2020-01-01T11:48:30Z,0,0,21422407680,18433966080,
2020-01-01T11:49:00Z,0,0,21438136320,18449694720,
2020-01-01T11:49:30Z,0,0,21453864960,18465423360,
2020-01-01T11:50:00Z,0,0,21469593600,18481152000,
2020-01-01T11:50:30Z,0,0,21485322240,18496880640,
2020-01-01T11:51:00Z,0,0,21501050880,18512609280,
2020-01-01T11:51:30Z,0,0,21516779520,18528337920,
2020-01-01T11:52:00Z,0,0,21532508160,18544066560,
2020-01-01T11:52:30Z,0,0,21548236800,18559795200,
2020-01-01T11:53:00Z,0,0,21563965440,18575523840,
2020-01-01T11:53:30Z,0,0,21579694080,18591252480,
2020-01-01T11:54:00Z,0,0,21595422720,18606981120,
2020-01-01T11:54:30Z,0,0,21611151360,18622709760,
2020-01-01T11:55:00Z,0,0,21626880000,18638438400,
2020-01-01T11:55:30Z,0,0,21642608640,18654167040,
2020-01-01T11:56:00Z,0,0,21658337280,18669895680,
2020-01-01T11:56:30Z,0,0,21674065920,18685624320,
2020-01-01T11:57:00Z,0,0,21689794560,18701352960,
2020-01-01T11:57:30Z,0,0,21705523200,18717081600,
2020-01-01T11:58:00Z,0,0,21721251840,18732810240,
2020-01-01T11:58:30Z,0,0,21736980480,18748538880,
2020-01-01T11:59:00Z,0,0,21752709120,18764267520,
2020-01-01T11:59:30Z,0,0,21768437760,18779996160,
2020-01-01T12:00:00Z,0,0,21784166400,18795724800,
2020-01-01T12:00:30Z,0,0,21799895040,18811453440,
2020-01-01T12:01:00Z,0,0,21815623680,18827182080,
2020-01-01T12:01:30Z,0,0,21831352320,18842910720,
2020-01-01T12:02:00Z,0,0,21847080960,18858639360,
2020-01-01T12:02:30Z,0,0,21862809600,18874368000,
2020-01-01T12:03:00Z,0,0,21878538240,18890096640,
2020-01-01T12:03:30Z,0,0,21894266880,18905825280,
2020-01-01T12:04:00Z,0,0,21909995520,18921553920,
2020-01-01T12:04:30Z,0,0,21925724160,18937282560,
2020-01-01T12:05:00Z,0,0,21941452800,18953011200,
2020-01-01T12:05:30Z,0,0,21957181440,18968739840,
2020-01-01T12:06:00Z,0,0,21972910080,18984468480,
2020-01-01T12:06:30Z,0,0,21988638720,19000197120,
2020-01-01T12:07:00Z,0,0,22004367360,19015925760,
2020-01-01T12:07:30Z,0,0,22020096000,19031654400,
2020-01-01T12:08:00Z,0,0,22035824640,19047383040,
2020-01-01T12:08:30Z,0,0,22051553280,19063111680,
2020-01-01T12:09:00Z,0,0,22067281920,19078840320,
2020-01-01T12:09:30Z,0,0,22083010560,19094568960,
2020-01-01T12:10:00Z,0,0,22098739200,19110297600,
2020-01-01T12:10:30Z,0,0,22114467840,19126026240,
2020-01-01T12:11:00Z,0,0,22130196480,19141754880,
2020-01-01T12:11:30Z,0,0,22145925120,19157483520,
2020-01-01T12:12:00Z,0,0,22161653760,19173212160,
2020-01-01T12:12:30Z,0,0,22177382400,19188940800,
2020-01-01T12:13:00Z,0,0,22193111040,19204669440,
2020-01-01T12:13:30Z,0,0,22208839680,19220398080,
2020-01-01T12:14:00Z,0,0,22224568320,19236126720,
2020-01-01T12:14:30Z,0,0,22240296960,19251855360,
2020-01-01T12:15:00Z,0,0,22256025600,19267584000,
2020-01-01T12:15:30Z,0,0,22271754240,19283312640,
2020-01-01T12:16:00Z,0,0,22287482880,19299041280,
2020-01-01T12:16:30Z,0,0,22303211520,19314769920,
2020-01-01T12:17:00Z,0,0,22318940160,19330498560,
2020-01-01T12:17:30Z,0,0,22334668800,19346227200,
2020-01-01T12:18:00Z,0,0,22350397440,19361955840,
2020-01-01T12:18:30Z,0,0,22366126080,19377684480,
2020-01-01T12:19:00Z,0,0,22381854720,19393413120,
2020-01-01T12:19:30Z,0,0,22397583360,19409141760,
2020-01-01T12:20:00Z,0,0,22413312000,19424870400,
2020-01-01T12:20:30Z,0,0,22429040640,19440599040,
2020-01-01T12:21:00Z,0,0,22444769280,19456327680,
2020-01-01T12:21:30Z,0,0,22460497920,19472056320,
2020-01-01T12:22:00Z,0,0,22476226560,19487784960,
2020-01-01T12:22:30Z,0,0,22491955200,19503513600,
2020-01-01T12:23:00Z,0,0,22507683840,19519242240,
2020-01-01T12:23:30Z,0,0,22523412480,19534970880,
2020-01-01T12:24:00Z,0,0,22539141120,19550699520,
2020-01-01T12:24:30Z,0,0,22554869760,19566428160,
2020-01-01T12:25:00Z,0,0,22570598400,19582156800,
2020-01-01T12:25:30Z,0,0,22586327040,19597885440,
2020-01-01T12:26:00Z,0,0,22602055680,19613614080,
2020-01-01T12:26:30Z,0,0,22617784320,19629342720,
2020-01-01T12:27:00Z,0,0,22633512960,19645071360,
2020-01-01T12:27:30Z,0,0,22649241600,19660800000,
2020-01-01T12:28:00Z,0,0,22664970240,19676528640,
2020-01-01T12:28:30Z,0,0,22680698880,19692257280,
2020-01-01T12:29:00Z,0,0,22696427520,19707985920,
2020-01-01T12:29:30Z,0,0,22712156160,19723714560,
2020-01-01T12:30:00Z,0,0,22727884800,19739443200,
2020-01-01T12:30:30Z,0,0,22743613440,19755171840,
2020-01-01T12:31:00Z,0,0,22759342080,19770900480,
2020-01-01T12:31:30Z,0,0,22775070720,19786629120,
2020-01-01T12:32:00Z,0,0,22790799360,19802357760,
2020-01-01T12:32:30Z,0,0,22806528000,19818086400,
2020-01-01T12:33:00Z,0,0,22822256640,19833815040,
2020-01-01T12:33:30Z,0,0,22837985280,19849543680,
2020-01-01T12:34:00Z,0,0,22853713920,19865272320,
2020-01-01T12:34:30Z,0,0,22869442560,19881000960,
2020-01-01T12:35:00Z,0,0,22885171200,19896729600,
2020-01-01T12:35:30Z,0,0,22900899840,19912458240,
2020-01-01T12:36:00Z,0,0,22916628480,19928186880,
2020-01-01T12:36:30Z,0,0,22932357120,19943915520,
2020-01-01T12:37:00Z,0,0,22948085760,19959644160,
2020-01-01T12:37:30Z,0,0,22963814400,19975372800,
2020-01-01T12:38:00Z,0,0,22979543040,19991101440,
2020-01-01T12:38:30Z,0,0,22995271680,20006830080,
2020-01-01T12:39:00Z,0,0,23011000320,20022558720,
2020-01-01T12:39:30Z,0,0,23026728960,20038287360,
2020-01-01T12:40:00Z,0,0,23042457600,20054016000,
2020-01-01T12:40:30Z,0,0,23058186240,20069744640,
2020-01-01T12:41:00Z,0,0,23073914880,20085473280,
2020-01-01T12:41:30Z,0,0,23089643520,20101201920,
2020-01-01T12:42:00Z,0,0,23105372160,20116930560,
2020-01-01T12:42:30Z,0,0,23121100800,20132659200,
2020-01-01T12:43:00Z,0,0,23136829440,20148387840,
2020-01-01T12:43:30Z,0,0,23152558080,20164116480,
2020-01-01T12:44:00Z,0,0,23168286720,20179845120,
2020-01-01T12:44:30Z,0,0,23184015360,20195573760,
2020-01-01T12:45:00Z,0,0,23199744000,20211302400,
2020-01-01T12:45:30Z,0,0,23215472640,20227031040,
2020-01-01T12:46:00Z,0,0,23231201280,20242759680,
2020-01-01T12:46:30Z,0,0,23246929920,20258488320,
2020-01-01T12:47:00Z,0,0,23262658560,20274216960,
2020-01-01T12:47:30Z,0,0,23278387200,20289945600,
2020-01-01T12:48:00Z,0,0,23294115840,20305674240,
2020-01-01T12:48:30Z,0,0,23309844480,20321402880,
2020-01-01T12:49:00Z,0,0,23325573120,20337131520,
2020-01-01T12:49:30Z,0,0,23341301760,20352860160,
2020-01-01T12:50:00Z,0,0,23357030400,20368588800,
2020-01-01T12:50:30Z,0,0,23372759040,20384317440,
2020-01-01T12:51:00Z,0,0,23388487680,20400046080,
2020-01-01T12:51:30Z,0,0,23404216320,20415774720,
2020-01-01T12:52:00Z,0,0,23419944960,20431503360,
2020-01-01T12:52:30Z,0,0,23435673600,20447232000,
2020-01-01T12:53:00Z,0,0,23451402240,20462960640,
2020-01-01T12:53:30Z,0,0,23467130880,20478689280,
2020-01-01T12:54:00Z,0,0,23482859520,20494417920,
2020-01-01T12:54:30Z,0,0,23498588160,20510146560,
2020-01-01T12:55:00Z,0,0,23514316800,20525875200,
2020-01-01T12:55:30Z,0,0,23530045440,20541603840,
2020-01-01T12:56:00Z,0,0,23545774080,20557332480,
2020-01-01T12:56:30Z,0,0,23561502720,20573061120,
2020-01-01T12:57:00Z,0,0,23577231360,20588789760,
2020-01-01T12:57:30Z,0,0,23592960000,20604518400,
2020-01-01T12:58:00Z,0,0,23608688640,20620247040,
2020-01-01T12:58:30Z,0,0,23624417280,20635975680,
2020-01-01T12:59:00Z,0,0,23640145920,20651704320,
2020-01-01T12:59:30Z,0,0,23655874560,20667432960,
2020-01-01T13:00:00Z,0,0,23671603200,20683161600,
2020-01-01T13:00:30Z,0,0,23687331840,20698890240,
2020-01-01T13:01:00Z,0,0,23703060480,20714618880,
2020-01-01T13:01:30Z,0,0,23718789120,20730347520,
2020-01-01T13:02:00Z,0,0,23734517760,20746076160,
2020-01-01T13:02:30Z,0,0,23750246400,20761804800,
2020-01-01T13:03:00Z,0,0,23765975040,20777533440,
2020-01-01T13:03:30Z,0,0,23781703680,20793262080,
2020-01-01T13:04:00Z,0,0,23797432320,20808990720,
2020-01-01T13:04:30Z,0,0,23813160960,20824719360,
2020-01-01T13:05:00Z,0,0,23828889600,20840448000,
2020-01-01T13:05:30Z,0,0,23844618240,20856176640,
2020-01-01T13:06:00Z,0,0,23860346880,20871905280,
2020-01-01T13:06:30Z,0,0,23876075520,20887633920,
2020-01-01T13:07:00Z,0,0,23891804160,20903362560,
2020-01-01T13:07:30Z,0,0,23907532800,20919091200,
2020-01-01T13:08:00Z,0,0,23923261440,20934819840,
2020-01-01T13:08:30Z,0,0,23938990080,20950548480,
2020-01-01T13:09:00Z,0,0,23954718720,20966277120,
2020-01-01T13:09:30Z,0,0,23970447360,20982005760,
2020-01-01T13:10:00Z,0,0,23986176000,20997734400,
2020-01-01T13:10:30Z,0,0,24001904640,21013463040,
2020-01-01T13:11:00Z,0,0,24017633280,21029191680,
2020-01-01T13:11:30Z,0,0,24033361920,21044920320,
2020-01-01T13:12:00Z,1,1,23970447360,20982005760,
2020-01-01T13:12:30Z,1,1,23907532800,20919091200,
2020-01-01T13:13:00Z,1,1,23844618240,20856176640,
2020-01-01T13:13:30Z,1,1,23781703680,20793262080,
2020-01-01T13:14:00Z,1,1,23718789120,20730347520,
2020-01-01T13:14:30Z,1,1,23655874560,20667432960,
2020-01-01T13:15:00Z,1,1,23592960000,20604518400,
2020-01-01T13:15:30Z,1,1,23530045440,20541603840,
2020-01-01T13:16:00Z,1,1,23467130880,20478689280,
2020-01-01T13:16:30Z,1,1,23404216320,20415774720,
2020-01-01T13:17:00Z,1,1,23341301760,20352860160,
2020-01-01T13:17:30Z,1,1,23278387200,20289945600,
2020-01-01T13:18:00Z,1,1,23215472640,20227031040,
2020-01-01T13:18:30Z,0,0,23231201280,20242759680,
2020-01-01T13:19:00Z,0,0,23246929920,20258488320,
2020-01-01T13:19:30Z,0,0,23262658560,20274216960,
2020-01-01T13:20:00Z,0,0,23278387200,20289945600,
2020-01-01T13:20:30Z,0,0,23294115840,20305674240,
2020-01-01T13:21:00Z,0,0,23309844480,20321402880,
2020-01-01T13:21:30Z,0,0,23325573120,20337131520,
2020-01-01T13:22:00Z,0,0,23341301760,20352860160,
2020-01-01T13:22:30Z,0,0,23357030400,20368588800,
2020-01-01T13:23:00Z,0,0,23372759040,20384317440,
2020-01-01T13:23:30Z,0,0,23388487680,20400046080,
2020-01-01T13:24:00Z,0,0,23404216320,20415774720,
2020-01-01T13:24:30Z,0,0,23419944960,20431503360,
2020-01-01T13:25:00Z,0,0,23435673600,20447232000,
2020-01-01T13:25:30Z,0,0,23451402240,20462960640,
2020-01-01T13:26:00Z,0,0,23467130880,20478689280,
2020-01-01T13:26:30Z,0,0,23482859520,20494417920,
2020-01-01T13:27:00Z,0,0,23498588160,20510146560,
2020-01-01T13:27:30Z,0,0,23514316800,20525875200,
2020-01-01T13:28:00Z,0,0,23530045440,20541603840,
2020-01-01T13:28:30Z,0,0,23545774080,20557332480,
2020-01-01T13:29:00Z,0,0,23561502720,20573061120,
2020-01-01T13:29:30Z,0,0,23577231360,20588789760,
2020-01-01T13:30:00Z,0,0,23592960000,20604518400,
2020-01-01T13:30:30Z,0,0,23608688640,20620247040,
2020-01-01T13:31:00Z,0,0,23624417280,20635975680,
2020-01-01T13:31:30Z,0,0,23640145920,20651704320,
2020-01-01T13:32:00Z,0,0,23655874560,20667432960,
2020-01-01T13:32:30Z,0,0,23671603200,20683161600,
2020-01-01T13:33:00Z,0,0,23687331840,20698890240,
2020-01-01T13:33:30Z,0,0,23703060480,20714618880,
2020-01-01T13:34:00Z,0,0,23718789120,20730347520,
2020-01-01T13:34:30Z,0,0,23734517760,20746076160,
2020-01-01T13:35:00Z,0,0,23750246400,20761804800,
2020-01-01T13:35:30Z,0,0,23765975040,20777533440,
2020-01-01T13:36:00Z,0,0,23781703680,20793262080,
2020-01-01T13:36:30Z,0,0,23797432320,20808990720,
2020-01-01T13:37:00Z,0,0,23813160960,20824719360,
2020-01-01T13:37:30Z,0,0,23828889600,20840448000,
2020-01-01T13:38:00Z,0,0,23844618240,20856176640,
2020-01-01T13:38:30Z,0,0,23860346880,20871905280,
2020-01-01T13:39:00Z,0,0,23876075520,20887633920,
2020-01-01T13:39:30Z,0,0,23891804160,20903362560,
2020-01-01T13:40:00Z,0,0,23907532800,20919091200,
2020-01-01T13:40:30Z,0,0,23923261440,20934819840,
2020-01-01T13:41:00Z,0,0,23938990080,20950548480,
2020-01-01T13:41:30Z,0,0,23954718720,20966277120,
2020-01-01T13:42:00Z,0,0,23970447360,20982005760,
2020-01-01T13:42:30Z,0,0,23986176000,20997734400,
2020-01-01T13:43:00Z,0,0,24001904640,21013463040,
2020-01-01T13:43:30Z,0,0,24017633280,21029191680,
2020-01-01T13:44:00Z,0,0,24033361920,21044920320,
2020-01-01T13:44:30Z,0,0,24049090560,21060648960,
2020-01-01T13:45:00Z,0,0,24064819200,21076377600,
2020-01-01T13:45:30Z,0,0,24080547840,21092106240,
2020-01-01T13:46:00Z,0,0,24096276480,21107834880,
2020-01-01T13:46:30Z,0,0,24112005120,21123563520,
2020-01-01T13:47:00Z,0,0,24127733760,21139292160,
2020-01-01T13:47:30Z,0,0,24143462400,21155020800,
2020-01-01T13:48:00Z,0,0,24159191040,21170749440,
2020-01-01T13:48:30Z,0,0,24174919680,21186478080,
2020-01-01T13:49:00Z,0,0,24190648320,21202206720,
2020-01-01T13:49:30Z,0,0,24206376960,21217935360,
2020-01-01T13:50:00Z,0,0,24222105600,21233664000,
2020-01-01T13:50:30Z,0,0,24237834240,21249392640,
2020-01-01T13:51:00Z,0,0,24253562880,21265121280,
2020-01-01T13:51:30Z,0,0,24269291520,21280849920,
2020-01-01T13:52:00Z,0,0,24285020160,21296578560,
2020-01-01T13:52:30Z,0,0,24300748800,21312307200,
2020-01-01T13:53:00Z,0,0,24316477440,21328035840,
2020-01-01T13:53:30Z,0,0,24332206080,21343764480,
2020-01-01T13:54:00Z,0,0,24347934720,21359493120,
2020-01-01T13:54:30Z,0,0,24363663360,21375221760,
2020-01-01T13:55:00Z,0,0,24379392000,21390950400,
2020-01-01T13:55:30Z,0,0,24395120640,21406679040,
2020-01-01T13:56:00Z,0,0,24410849280,21422407680,
2020-01-01T13:56:30Z,0,0,24426577920,21438136320,
2020-01-01T13:57:00Z,0,0,24442306560,21453864960,
2020-01-01T13:57:30Z,0,0,24458035200,21469593600,
2020-01-01T13:58:00Z,0,0,24473763840,21485322240,
2020-01-01T13:58:30Z,0,0,24489492480,21501050880,
2020-01-01T13:59:00Z,0,0,24505221120,21516779520,
2020-01-01T13:59:30Z,0,0,24520949760,21532508160,
2020-01-01T14:00:00Z,0,0,24536678400,21548236800,
2020-01-01T14:00:30Z,0,0,24552407040,21563965440,
2020-01-01T14:01:00Z,0,0,24568135680,21579694080,
2020-01-01T14:01:30Z,0,0,24583864320,21595422720,
2020-01-01T14:02:00Z,0,0,24599592960,21611151360,
2020-01-01T14:02:30Z,0,0,24615321600,21626880000,
2020-01-01T14:03:00Z,0,0,24631050240,21642608640,
2020-01-01T14:03:30Z,0,0,24646778880,21658337280,
2020-01-01T14:04:00Z,0,0,24662507520,21674065920,
2020-01-01T14:04:30Z,0,0,24678236160,21689794560,
2020-01-01T14:05:00Z,0,0,24693964800,21705523200,
2020-01-01T14:05:30Z,0,0,24709693440,21721251840,
2020-01-01T14:06:00Z,0,0,24725422080,21736980480,
2020-01-01T14:06:30Z,0,0,24741150720,21752709120,
2020-01-01T14:07:00Z,0,0,24756879360,21768437760,
2020-01-01T14:07:30Z,0,0,24772608000,21784166400,
2020-01-01T14:08:00Z,0,0,24788336640,21799895040,
2020-01-01T14:08:30Z,0,0,24804065280,21815623680,
2020-01-01T14:09:00Z,0,0,24819793920,21831352320,
2020-01-01T14:09:30Z,0,0,24835522560,21847080960,
2020-01-01T14:10:00Z,0,0,24851251200,21862809600,
2020-01-01T14:10:30Z,0,0,24866979840,21878538240,
2020-01-01T14:11:00Z,0,0,24882708480,21894266880,
2020-01-01T14:11:30Z,0,0,24898437120,21909995520,
2020-01-01T14:12:00Z,0,0,24914165760,21925724160,
2020-01-01T14:12:30Z,0,0,24929894400,21941452800,
2020-01-01T14:13:00Z,0,0,24945623040,21957181440,
2020-01-01T14:13:30Z,0,0,24961351680,21972910080,
2020-01-01T14:14:00Z,0,0,24977080320,21988638720,
2020-01-01T14:14:30Z,0,0,24992808960,22004367360,
2020-01-01T14:15:00Z,0,0,25008537600,22020096000,
2020-01-01T14:15:30Z,0,0,25024266240,22035824640,
2020-01-01T14:16:00Z,0,0,25039994880,22051553280,
2020-01-01T14:16:30Z,0,0,25055723520,22067281920,
2020-01-01T14:17:00Z,0,0,25071452160,22083010560,
2020-01-01T14:17:30Z,0,0,25087180800,22098739200,
2020-01-01T14:18:00Z,0,0,25102909440,22114467840,
2020-01-01T14:18:30Z,0,0,25118638080,22130196480,
2020-01-01T14:19:00Z,0,0,25134366720,22145925120,
2020-01-01T14:19:30Z,0,0,25150095360,22161653760,
2020-01-01T14:20:00Z,0,0,25165824000,22177382400,
2020-01-01T14:20:30Z,0,0,25181552640,22193111040,
2020-01-01T14:21:00Z,0,0,25197281280,22208839680,
2020-01-01T14:21:30Z,0,0,25213009920,22224568320,
2020-01-01T14:22:00Z,0,0,25228738560,22240296960,
2020-01-01T14:22:30Z,0,0,25244467200,22256025600,
2020-01-01T14:23:00Z,0,0,25260195840,22271754240,
2020-01-01T14:23:30Z,0,0,25275924480,22287482880,
2020-01-01T14:24:00Z,0,0,25291653120,22303211520,
2020-01-01T14:24:30Z,0,0,25307381760,22318940160,
2020-01-01T14:25:00Z,0,0,25323110400,22334668800,
2020-01-01T14:25:30Z,0,0,25338839040,22350397440,
2020-01-01T14:26:00Z,0,0,25354567680,22366126080,
2020-01-01T14:26:30Z,0,0,25370296320,22381854720,
2020-01-01T14:27:00Z,0,0,25386024960,22397583360,
2020-01-01T14:27:30Z,0,0,25401753600,22413312000,
2020-01-01T14:28:00Z,0,0,25417482240,22429040640,
2020-01-01T14:28:30Z,0,0,25433210880,22444769280,
2020-01-01T14:29:00Z,0,0,25448939520,22460497920,
2020-01-01T14:29:30Z,0,0,25464668160,22476226560,
2020-01-01T14:30:00Z,0,0,25480396800,22491955200,
2020-01-01T14:30:30Z,0,0,25496125440,22507683840,
2020-01-01T14:31:00Z,0,0,25511854080,22523412480,
2020-01-01T14:31:30Z,0,0,25527582720,22539141120,
2020-01-01T14:32:00Z,0,0,25543311360,22554869760,
2020-01-01T14:32:30Z,0,0,25559040000,22570598400,
2020-01-01T14:33:00Z,0,0,25574768640,22586327040,
2020-01-01T14:33:30Z,0,0,25590497280,22602055680,
2020-01-01T14:34:00Z,0,0,25606225920,22617784320,
2020-01-01T14:34:30Z,0,0,25621954560,22633512960,
2020-01-01T14:35:00Z,0,0,25637683200,22649241600,
2020-01-01T14:35:30Z,0,0,25653411840,22664970240,
2020-01-01T14:36:00Z,0,0,25669140480,22680698880,
2020-01-01T14:36:30Z,0,0,25684869120,22696427520,
2020-01-01T14:37:00Z,0,0,25700597760,22712156160,
2020-01-01T14:37:30Z,0,0,25716326400,22727884800,
2020-01-01T14:38:00Z,0,0,25732055040,22743613440,
2020-01-01T14:38:30Z,0,0,25747783680,22759342080,
2020-01-01T14:39:00Z,0,0,25763512320,22775070720,
2020-01-01T14:39:30Z,0,0,25779240960,22790799360,
2020-01-01T14:40:00Z,0,0,25794969600,22806528000,
2020-01-01T14:40:30Z,0,0,25810698240,22822256640,
2020-01-01T14:41:00Z,0,0,25826426880,22837985280,
2020-01-01T14:41:30Z,0,0,25842155520,22853713920,
2020-01-01T14:42:00Z,0,0,25857884160,22869442560,
2020-01-01T14:42:30Z,0,0,25873612800,22885171200,
2020-01-01T14:43:00Z,0,0,25889341440,22900899840,
2020-01-01T14:43:30Z,0,0,25905070080,22916628480,
2020-01-01T14:44:00Z,0,0,25920798720,22932357120,
2020-01-01T14:44:30Z,0,0,25936527360,22948085760,
2020-01-01T14:45:00Z,0,0,25952256000,22963814400,
2020-01-01T14:45:30Z,0,0,25967984640,22979543040,
2020-01-01T14:46:00Z,0,0,25983713280,22995271680,
2020-01-01T14:46:30Z,0,0,25999441920,23011000320,
2020-01-01T14:47:00Z,0,0,26015170560,23026728960,
2020-01-01T14:47:30Z,0,0,26030899200,23042457600,
2020-01-01T14:48:00Z,0,0,26046627840,23058186240,
2020-01-01T14:48:30Z,0,0,26062356480,23073914880,
2020-01-01T14:49:00Z,0,0,26078085120,23089643520,
2020-01-01T14:49:30Z,0,0,26093813760,23105372160,
2020-01-01T14:50:00Z,0,0,26109542400,23121100800,
2020-01-01T14:50:30Z,0,0,26125271040,23136829440,
2020-01-01T14:51:00Z,0,0,26140999680,23152558080,
2020-01-01T14:51:30Z,0,0,26156728320,23168286720,
2020-01-01T14:52:00Z,0,0,26172456960,23184015360,
2020-01-01T14:52:30Z,0,0,26188185600,23199744000,
2020-01-01T14:53:00Z,0,1,26203914240,23136829440,P0S0->P2S0
2020-01-01T14:53:30Z,0,1,26219642880,23073914880,
2020-01-01T14:54:00Z,0,1,26235371520,23011000320,
2020-01-01T14:54:30Z,0,1,26251100160,22948085760,
2020-01-01T14:55:00Z,0,1,26266828800,22885171200,
2020-01-01T14:55:30Z,0,0,26282557440,22900899840,
2020-01-01T14:56:00Z,0,0,26298286080,22916628480,
2020-01-01T14:56:30Z,0,0,26314014720,22932357120,
2020-01-01T14:57:00Z,0,0,26329743360,22948085760,
2020-01-01T14:57:30Z,0,0,26345472000,22963814400,
2020-01-01T14:58:00Z,0,0,26361200640,22979543040,
2020-01-01T14:58:30Z,0,0,26376929280,22995271680,
2020-01-01T14:59:00Z,0,0,26392657920,23011000320,
2020-01-01T14:59:30Z,0,0,26408386560,23026728960,
2020-01-01T15:00:00Z,0,0,26424115200,23042457600,
2020-01-01T15:00:30Z,0,0,26439843840,23058186240,
2020-01-01T15:01:00Z,0,0,26455572480,23073914880,
2020-01-01T15:01:30Z,0,0,26471301120,23089643520,
2020-01-01T15:02:00Z,0,0,26487029760,23105372160,
2020-01-01T15:02:30Z,0,0,26502758400,23121100800,
2020-01-01T15:03:00Z,0,0,26518487040,23136829440,
2020-01-01T15:03:30Z,0,0,26534215680,23152558080,
2020-01-01T15:04:00Z,0,0,26549944320,23168286720,
2020-01-01T15:04:30Z,0,0,26565672960,23184015360,
2020-01-01T15:05:00Z,0,0,26581401600,23199744000,
2020-01-01T15:05:30Z,0,0,26597130240,23215472640,
2020-01-01T15:06:00Z,0,0,26612858880,23231201280,
2020-01-01T15:06:30Z,0,0,26628587520,23246929920,
2020-01-01T15:07:00Z,0,0,26644316160,23262658560,
2020-01-01T15:07:30Z,0,0,26660044800,23278387200,
2020-01-01T15:08:00Z,0,0,26675773440,23294115840,
2020-01-01T15:08:30Z,0,0,26691502080,23309844480,
2020-01-01T15:09:00Z,0,0,26707230720,23325573120,
2020-01-01T15:09:30Z,0,0,26722959360,23341301760,
2020-01-01T15:10:00Z,0,0,26738688000,23357030400,
2020-01-01T15:10:30Z,0,0,26754416640,23372759040,
2020-01-01T15:11:00Z,0,0,26770145280,23388487680,
2020-01-01T15:11:30Z,0,0,26785873920,23404216320,
2020-01-01T15:12:00Z,0,0,26801602560,23419944960,
2020-01-01T15:12:30Z,0,0,26817331200,23435673600,
2020-01-01T15:13:00Z,0,0,26833059840,23451402240,
2020-01-01T15:13:30Z,0,0,26848788480,23467130880,
2020-01-01T15:14:00Z,0,0,26864517120,23482859520,
2020-01-01T15:14:30Z,0,0,26880245760,23498588160,
2020-01-01T15:15:00Z,0,0,26895974400,23514316800,
2020-01-01T15:15:30Z,0,0,26911703040,23530045440,
2020-01-01T15:16:00Z,0,0,26927431680,23545774080,
2020-01-01T15:16:30Z,0,0,26943160320,23561502720,
2020-01-01T15:17:00Z,0,0,26958888960,23577231360,
2020-01-01T15:17:30Z,0,0,26974617600,23592960000,
2020-01-01T15:18:00Z,0,0,26990346240,23608688640,
2020-01-01T15:18:30Z,0,0,27006074880,23624417280,
2020-01-01T15:19:00Z,0,0,27021803520,23640145920,
2020-01-01T15:19:30Z,0,0,27037532160,23655874560,
2020-01-01T15:20:00Z,0,0,27053260800,23671603200,
2020-01-01T15:20:30Z,0,0,27068989440,23687331840,
2020-01-01T15:21:00Z,0,0,27084718080,23703060480,
2020-01-01T15:21:30Z,0,0,27100446720,23718789120,
2020-01-01T15:22:00Z,0,0,27116175360,23734517760,
2020-01-01T15:22:30Z,0,0,27131904000,23750246400,
2020-01-01T15:23:00Z,0,0,27147632640,23765975040,
2020-01-01T15:23:30Z,0,0,27163361280,23781703680,
2020-01-01T15:24:00Z,0,0,27179089920,23797432320,
2020-01-01T15:24:30Z,0,0,27194818560,23813160960,
2020-01-01T15:25:00Z,0,0,27210547200,23828889600,
2020-01-01T15:25:30Z,0,0,27226275840,23844618240,
2020-01-01T15:26:00Z,0,0,27242004480,23860346880,
2020-01-01T15:26:30Z,0,0,27257733120,23876075520,
2020-01-01T15:27:00Z,0,0,27273461760,23891804160,
2020-01-01T15:27:30Z,0,0,27289190400,23907532800,
2020-01-01T15:28:00Z,0,0,27304919040,23923261440,
2020-01-01T15:28:30Z,0,0,27320647680,23938990080,
2020-01-01T15:29:00Z,0,0,27336376320,23954718720,
2020-01-01T15:29:30Z,0,0,27352104960,23970447360,
2020-01-01T15:30:00Z,0,0,27367833600,23986176000,
2020-01-01T15:30:30Z,0,0,27383562240,24001904640,
2020-01-01T15:31:00Z,0,0,27399290880,24017633280,
2020-01-01T15:31:30Z,0,0,27415019520,24033361920,
2020-01-01T15:32:00Z,0,0,27430748160,24049090560,
2020-01-01T15:32:30Z,0,0,27446476800,24064819200,
2020-01-01T15:33:00Z,0,0,27462205440,24080547840,
2020-01-01T15:33:30Z,0,0,27477934080,24096276480,
2020-01-01T15:34:00Z,0,0,27493662720,24112005120,
2020-01-01T15:34:30Z,0,0,27509391360,24127733760,
2020-01-01T15:35:00Z,0,0,27525120000,24143462400,
2020-01-01T15:35:30Z,0,0,27540848640,24159191040,
2020-01-01T15:36:00Z,0,0,27556577280,24174919680,
2020-01-01T15:36:30Z,0,0,27572305920,24190648320,
2020-01-01T15:37:00Z,0,0,27588034560,24206376960,
2020-01-01T15:37:30Z,0,0,27603763200,24222105600,
2020-01-01T15:38:00Z,0,0,27619491840,24237834240,
2020-01-01T15:38:30Z,0,0,27635220480,24253562880,
2020-01-01T15:39:00Z,0,0,27650949120,24269291520,
2020-01-01T15:39:30Z,0,0,27666677760,24285020160,
2020-01-01T15:40:00Z,0,0,27682406400,24300748800,
2020-01-01T15:40:30Z,0,0,27698135040,24316477440,
2020-01-01T15:41:00Z,0,0,27713863680,24332206080,
2020-01-01T15:41:30Z,0,0,27729592320,24347934720,
2020-01-01T15:42:00Z,0,0,27745320960,24363663360,
2020-01-01T15:42:30Z,0,0,27761049600,24379392000,
2020-01-01T15:43:00Z,0,0,27776778240,24395120640,
2020-01-01T15:43:30Z,0,0,27792506880,24410849280,
2020-01-01T15:44:00Z,0,0,27808235520,24426577920,
2020-01-01T15:44:30Z,0,0,27823964160,24442306560,
2020-01-01T15:45:00Z,0,0,27839692800,24458035200,
2020-01-01T15:45:30Z,0,0,27855421440,24473763840,
2020-01-01T15:46:00Z,0,0,27871150080,24489492480,
2020-01-01T15:46:30Z,0,0,27886878720,24505221120,
2020-01-01T15:47:00Z,0,0,27902607360,24520949760,
2020-01-01T15:47:30Z,0,0,27918336000,24536678400,
2020-01-01T15:48:00Z,0,0,27934064640,24552407040,
2020-01-01T15:48:30Z,0,0,27949793280,24568135680,
2020-01-01T15:49:00Z,0,0,27965521920,24583864320,
2020-01-01T15:49:30Z,0,0,27981250560,24599592960,
2020-01-01T15:50:00Z,0,0,27996979200,24615321600,
2020-01-01T15:50:30Z,0,0,28012707840,24631050240,
2020-01-01T15:51:00Z,0,0,28028436480,24646778880,
2020-01-01T15:51:30Z,0,0,28044165120,24662507520,
2020-01-01T15:52:00Z,0,0,28059893760,24678236160,
2020-01-01T15:52:30Z,0,0,28075622400,24693964800,
2020-01-01T15:53:00Z,0,0,28091351040,24709693440,
2020-01-01T15:53:30Z,0,0,28107079680,24725422080,
2020-01-01T15:54:00Z,0,0,28122808320,24741150720,
2020-01-01T15:54:30Z,0,0,28138536960,24756879360,
2020-01-01T15:55:00Z,0,0,28154265600,24772608000,
2020-01-01T15:55:30Z,0,0,28169994240,24788336640,
2020-01-01T15:56:00Z,0,0,28185722880,24804065280,
2020-01-01T15:56:30Z,0,0,28201451520,24819793920,
2020-01-01T15:57:00Z,0,0,28217180160,24835522560,
2020-01-01T15:57:30Z,0,0,28232908800,24851251200,
2020-01-01T15:58:00Z,0,0,28248637440,24866979840,
2020-01-01T15:58:30Z,0,0,28264366080,24882708480,
2020-01-01T15:59:00Z,0,0,28280094720,24898437120,
2020-01-01T15:59:30Z,0,0,28295823360,24914165760,
2020-01-01T16:00:00Z,0,0,28311552000,24929894400,
2020-01-01T16:00:30Z,0,0,28327280640,24945623040,
2020-01-01T16:01:00Z,0,0,28343009280,24961351680,
2020-01-01T16:01:30Z,0,0,28358737920,24977080320,
2020-01-01T16:02:00Z,0,0,28374466560,24992808960,
2020-01-01T16:02:30Z,0,0,28390195200,25008537600,
2020-01-01T16:03:00Z,0,0,28405923840,25024266240,
2020-01-01T16:03:30Z,0,0,28421652480,25039994880,
2020-01-01T16:04:00Z,0,0,28437381120,25055723520,
2020-01-01T16:04:30Z,0,0,28453109760,25071452160,
2020-01-01T16:05:00Z,0,0,28468838400,25087180800,
2020-01-01T16:05:30Z,0,0,28484567040,25102909440,
2020-01-01T16:06:00Z,0,0,28500295680,25118638080,
2020-01-01T16:06:30Z,0,0,28516024320,25134366720,
2020-01-01T16:07:00Z,0,0,28531752960,25150095360,
2020-01-01T16:07:30Z,0,0,28547481600,25165824000,
2020-01-01T16:08:00Z,0,0,28563210240,25181552640,
2020-01-01T16:08:30Z,0,0,28578938880,25197281280,
2020-01-01T16:09:00Z,0,0,28594667520,25213009920,
2020-01-01T16:09:30Z,0,0,28610396160,25228738560,
2020-01-01T16:10:00Z,0,0,28626124800,25244467200,
2020-01-01T16:10:30Z,0,0,28641853440,25260195840,
2020-01-01T16:11:00Z,0,0,28657582080,25275924480,
2020-01-01T16:11:30Z,0,0,28673310720,25291653120,
2020-01-01T16:12:00Z,0,0,28689039360,25307381760,
2020-01-01T16:12:30Z,0,0,28704768000,25323110400,
2020-01-01T16:13:00Z,0,0,28720496640,25338839040,
2020-01-01T16:13:30Z,0,0,28736225280,25354567680,
2020-01-01T16:14:00Z,0,0,28751953920,25370296320,
2020-01-01T16:14:30Z,0,0,28767682560,25386024960,
2020-01-01T16:15:00Z,0,0,28783411200,25401753600,
2020-01-01T16:15:30Z,0,0,28799139840,25417482240,
2020-01-01T16:16:00Z,0,0,28814868480,25433210880,
2020-01-01T16:16:30Z,0,0,28830597120,25448939520,
2020-01-01T16:17:00Z,0,0,28846325760,25464668160,
2020-01-01T16:17:30Z,0,0,28862054400,25480396800,
2020-01-01T16:18:00Z,0,0,28877783040,25496125440,
2020-01-01T16:18:30Z,0,0,28893511680,25511854080,
2020-01-01T16:19:00Z,0,0,28909240320,25527582720,
2020-01-01T16:19:30Z,0,0,28924968960,25543311360,
2020-01-01T16:20:00Z,0,0,28940697600,25559040000,
2020-01-01T16:20:30Z,0,0,28956426240,25574768640,
2020-01-01T16:21:00Z,0,0,28972154880,25590497280,
2020-01-01T16:21:30Z,0,0,28987883520,25606225920,
2020-01-01T16:22:00Z,0,0,29003612160,25621954560,
2020-01-01T16:22:30Z,0,0,29019340800,25637683200,
2020-01-01T16:23:00Z,0,0,29035069440,25653411840,
2020-01-01T16:23:30Z,0,0,29050798080,25669140480,
2020-01-01T16:24:00Z,0,1,29066526720,25606225920,
2020-01-01T16:24:30Z,0,1,29082255360,25543311360,
2020-01-01T16:25:00Z,0,1,29097984000,25480396800,
2020-01-01T16:25:30Z,0,1,29113712640,25417482240,
2020-01-01T16:26:00Z,0,1,29129441280,25354567680,
2020-01-01T16:26:30Z,0,1,29145169920,25291653120,
2020-01-01T16:27:00Z,0,1,29160898560,25228738560,
2020-01-01T16:27:30Z,0,1,29176627200,25165824000,
2020-01-01T16:28:00Z,0,1,29192355840,25102909440,
2020-01-01T16:28:30Z,0,1,29208084480,25039994880,
2020-01-01T16:29:00Z,0,1,29223813120,24977080320,
2020-01-01T16:29:30Z,0,1,29239541760,24914165760,
2020-01-01T16:30:00Z,0,1,29255270400,24851251200,
2020-01-01T16:30:30Z,0,1,29270999040,24788336640,
2020-01-01T16:31:00Z,0,0,29286727680,24804065280,
2020-01-01T16:31:30Z,0,0,29302456320,24819793920,
2020-01-01T16:32:00Z,0,0,29318184960,24835522560,
2020-01-01T16:32:30Z,0,0,29333913600,24851251200,
2020-01-01T16:33:00Z,0,0,29349642240,24866979840,
2020-01-01T16:33:30Z,0,0,29365370880,24882708480,
2020-01-01T16:34:00Z,0,0,29381099520,24898437120,
2020-01-01T16:34:30Z,0,0,29396828160,24914165760,
2020-01-01T16:35:00Z,0,0,29412556800,24929894400,
2020-01-01T16:35:30Z,0,0,29428285440,24945623040,
2020-01-01T16:36:00Z,0,0,29444014080,24961351680,
2020-01-01T16:36:30Z,0,0,29459742720,24977080320,
2020-01-01T16:37:00Z,0,0,29475471360,24992808960,
2020-01-01T16:37:30Z,0,0,29491200000,25008537600,
2020-01-01T16:38:00Z,0,0,29506928640,25024266240,
2020-01-01T16:38:30Z,0,0,29522657280,25039994880,
2020-01-01T16:39:00Z,0,0,29538385920,25055723520,
2020-01-01T16:39:30Z,0,0,29554114560,25071452160,
2020-01-01T16:40:00Z,0,0,29569843200,25087180800,
2020-01-01T16:40:30Z,0,0,29585571840,25102909440,
2020-01-01T16:41:00Z,0,0,29601300480,25118638080,
2020-01-01T16:41:30Z,0,0,29617029120,25134366720,
2020-01-01T16:42:00Z,0,0,29632757760,25150095360,
2020-01-01T16:42:30Z,0,0,29648486400,25165824000,
2020-01-01T16:43:00Z,0,0,29664215040,25181552640,
2020-01-01T16:43:30Z,0,0,29679943680,25197281280,
2020-01-01T16:44:00Z,0,0,29695672320,25213009920,
2020-01-01T16:44:30Z,0,0,29711400960,25228738560,
2020-01-01T16:45:00Z,0,0,29727129600,25244467200,
2020-01-01T16:45:30Z,0,0,29742858240,25260195840,
2020-01-01T16:46:00Z,0,0,29758586880,25275924480,
2020-01-01T16:46:30Z,0,0,29774315520,25291653120,
2020-01-01T16:47:00Z,0,0,29790044160,25307381760,
2020-01-01T16:47:30Z,0,0,29805772800,25323110400,
2020-01-01T16:48:00Z,0,0,29821501440,25338839040,
2020-01-01T16:48:30Z,0,0,29837230080,25354567680,
2020-01-01T16:49:00Z,0,0,29852958720,25370296320,
2020-01-01T16:49:30Z,0,0,29868687360,25386024960,
2020-01-01T16:50:00Z,0,0,29884416000,25401753600,
2020-01-01T16:50:30Z,0,0,29900144640,25417482240,
2020-01-01T16:51:00Z,0,0,29915873280,25433210880,
2020-01-01T16:51:30Z,0,0,29931601920,25448939520,
2020-01-01T16:52:00Z,0,0,29947330560,25464668160,
2020-01-01T16:52:30Z,0,0,29963059200,25480396800,
2020-01-01T16:53:00Z,0,0,29978787840,25496125440,
2020-01-01T16:53:30Z,0,0,29994516480,25511854080,
2020-01-01T16:54:00Z,0,0,30010245120,25527582720,
2020-01-01T16:54:30Z,0,0,30025973760,25543311360,
2020-01-01T16:55:00Z,0,0,30041702400,25559040000,
2020-01-01T16:55:30Z,0,0,30057431040,25574768640,
2020-01-01T16:56:00Z,0,0,30073159680,25590497280,
2020-01-01T16:56:30Z,0,0,30088888320,25606225920,
2020-01-01T16:57:00Z,0,0,30104616960,25621954560,
2020-01-01T16:57:30Z,0,0,30120345600,25637683200,
2020-01-01T16:58:00Z,0,0,30136074240,25653411840,
2020-01-01T16:58:30Z,0,0,30151802880,25669140480,
2020-01-01T16:59:00Z,0,0,30167531520,25684869120,
2020-01-01T16:59:30Z,0,0,30183260160,25700597760,
2020-01-01T17:00:00Z,0,0,30198988800,25716326400,
2020-01-01T17:00:30Z,0,0,30214717440,25732055040,
2020-01-01T17:01:00Z,0,0,30230446080,25747783680,
2020-01-01T17:01:30Z,0,0,30246174720,25763512320,
2020-01-01T17:02:00Z,0,0,30261903360,25779240960,
2020-01-01T17:02:30Z,0,0,30277632000,25794969600,
2020-01-01T17:03:00Z,0,0,30293360640,25810698240,
2020-01-01T17:03:30Z,0,0,30309089280,25826426880,
2020-01-01T17:04:00Z,0,0,30324817920,25842155520,
2020-01-01T17:04:30Z,0,0,30340546560,25857884160,
2020-01-01T17:05:00Z,0,0,30356275200,25873612800,
2020-01-01T17:05:30Z,0,0,30372003840,25889341440,
2020-01-01T17:06:00Z,0,0,30387732480,25905070080,
2020-01-01T17:06:30Z,0,0,30403461120,25920798720,
2020-01-01T17:07:00Z,0,0,30419189760,25936527360,
2020-01-01T17:07:30Z,0,0,30434918400,25952256000,
2020-01-01T17:08:00Z,0,0,30450647040,25967984640,
2020-01-01T17:08:30Z,0,0,30466375680,25983713280,
2020-01-01T17:09:00Z,0,0,30482104320,25999441920,
2020-01-01T17:09:30Z,0,0,30497832960,26015170560,
2020-01-01T17:10:00Z,0,0,30513561600,26030899200,
2020-01-01T17:10:30Z,0,0,30529290240,26046627840,
2020-01-01T17:11:00Z,0,0,30545018880,26062356480,
2020-01-01T17:11:30Z,0,0,30560747520,26078085120,
2020-01-01T17:12:00Z,0,0,30576476160,26093813760,
2020-01-01T17:12:30Z,0,0,30592204800,26109542400,
2020-01-01T17:13:00Z,0,0,30607933440,26125271040,
2020-01-01T17:13:30Z,0,0,30623662080,26140999680,
2020-01-01T17:14:00Z,0,0,30639390720,26156728320,
2020-01-01T17:14:30Z,0,0,30655119360,26172456960,
2020-01-01T17:15:00Z,0,0,30670848000,26188185600,
2020-01-01T17:15:30Z,0,0,30686576640,26203914240,
2020-01-01T17:16:00Z,0,0,30702305280,26219642880,
2020-01-01T17:16:30Z,0,0,30718033920,26235371520,
2020-01-01T17:17:00Z,0,0,30733762560,26251100160,
2020-01-01T17:17:30Z,0,0,30749491200,26266828800,
2020-01-01T17:18:00Z,0,0,30765219840,26282557440,
2020-01-01T17:18:30Z,0,0,30780948480,26298286080,
2020-01-01T17:19:00Z,0,0,30796677120,26314014720,
2020-01-01T17:19:30Z,0,0,30812405760,26329743360,
2020-01-01T17:20:00Z,0,0,30828134400,26345472000,
2020-01-01T17:20:30Z,0,0,30843863040,26361200640,
2020-01-01T17:21:00Z,0,0,30859591680,26376929280,
2020-01-01T17:21:30Z,0,0,30875320320,26392657920,
2020-01-01T17:22:00Z,0,0,30891048960,26408386560,
2020-01-01T17:22:30Z,0,0,30906777600,26424115200,
2020-01-01T17:23:00Z,0,0,30922506240,26439843840,
2020-01-01T17:23:30Z,0,0,30938234880,26455572480,
2020-01-01T17:24:00Z,0,0,30953963520,26471301120,
2020-01-01T17:24:30Z,0,0,30969692160,26487029760,
2020-01-01T17:25:00Z,0,0,30985420800,26502758400,
2020-01-01T17:25:30Z,0,0,31001149440,26518487040,
2020-01-01T17:26:00Z,0,0,31016878080,26534215680,
2020-01-01T17:26:30Z,0,0,31032606720,26549944320,
2020-01-01T17:27:00Z,0,0,31048335360,26565672960,
2020-01-01T17:27:30Z,0,0,31064064000,26581401600,
2020-01-01T17:28:00Z,0,0,31079792640,26597130240,
2020-01-01T17:28:30Z,0,0,31095521280,26612858880,
2020-01-01T17:29:00Z,0,0,31111249920,26628587520,
2020-01-01T17:29:30Z,0,0,31126978560,26644316160,
2020-01-01T17:30:00Z,0,0,31142707200,26660044800,
2020-01-01T17:30:30Z,0,0,31158435840,26675773440,
2020-01-01T17:31:00Z,0,0,31174164480,26691502080,
2020-01-01T17:31:30Z,0,0,31189893120,26707230720,
2020-01-01T17:32:00Z,0,0,31205621760,26722959360,
2020-01-01T17:32:30Z,0,0,31221350400,26738688000,
2020-01-01T17:33:00Z,0,0,31237079040,26754416640,
2020-01-01T17:33:30Z,0,0,31252807680,26770145280,
2020-01-01T17:34:00Z,0,0,31268536320,26785873920,
2020-01-01T17:34:30Z,0,0,31284264960,26801602560,
2020-01-01T17:35:00Z,0,0,31299993600,26817331200,
2020-01-01T17:35:30Z,0,0,31315722240,26833059840,
2020-01-01T17:36:00Z,0,0,31331450880,26848788480,
2020-01-01T17:36:30Z,0,0,31347179520,26864517120,
2020-01-01T17:37:00Z,0,0,31362908160,26880245760,
2020-01-01T17:37:30Z,0,0,31378636800,26895974400,
2020-01-01T17:38:00Z,0,0,31394365440,26911703040,
2020-01-01T17:38:30Z,0,0,31410094080,26927431680,
2020-01-01T17:39:00Z,0,0,31425822720,26943160320,
2020-01-01T17:39:30Z,0,0,31441551360,26958888960,
2020-01-01T17:40:00Z,0,0,31457280000,26974617600,
2020-01-01T17:40:30Z,0,0,31473008640,26990346240,
2020-01-01T17:41:00Z,0,0,31488737280,27006074880,
2020-01-01T17:41:30Z,0,0,31504465920,27021803520,
2020-01-01T17:42:00Z,0,0,31520194560,27037532160,
2020-01-01T17:42:30Z,0,0,31535923200,27053260800,
2020-01-01T17:43:00Z,0,0,31551651840,27068989440,
2020-01-01T17:43:30Z,0,0,31567380480,27084718080,
2020-01-01T17:44:00Z,0,0,31583109120,27100446720,
2020-01-01T17:44:30Z,0,0,31598837760,27116175360,
2020-01-01T17:45:00Z,0,0,31614566400,27131904000,
2020-01-01T17:45:30Z,0,0,31630295040,27147632640,
2020-01-01T17:46:00Z,0,0,31646023680,27163361280,
2020-01-01T17:46:30Z,0,0,31661752320,27179089920,
2020-01-01T17:47:00Z,0,0,31677480960,27194818560,
2020-01-01T17:47:30Z,0,0,31693209600,27210547200,
2020-01-01T17:48:00Z,0,0,31708938240,27226275840,
2020-01-01T17:48:30Z,0,0,31724666880,27242004480,
2020-01-01T17:49:00Z,0,0,31740395520,27257733120,
2020-01-01T17:49:30Z,0,0,31756124160,27273461760,
2020-01-01T17:50:00Z,0,0,31771852800,27289190400,
2020-01-01T17:50:30Z,0,0,31787581440,27304919040,
2020-01-01T17:51:00Z,0,0,31803310080,27320647680,
2020-01-01T17:51:30Z,0,0,31819038720,27336376320,
2020-01-01T17:52:00Z,0,0,31834767360,27352104960,
2020-01-01T17:52:30Z,0,0,31850496000,27367833600,
2020-01-01T17:53:00Z,0,0,31866224640,27383562240,
2020-01-01T17:53:30Z,0,0,31881953280,27399290880,
2020-01-01T17:54:00Z,0,0,31897681920,27415019520,
2020-01-01T17:54:30Z,0,0,31913410560,27430748160,
2020-01-01T17:55:00Z,0,0,31929139200,27446476800,
2020-01-01T17:55:30Z,0,0,31944867840,27462205440,
2020-01-01T17:56:00Z,0,0,31960596480,27477934080,
2020-01-01T17:56:30Z,0,0,31976325120,27493662720,
2020-01-01T17:57:00Z,0,0,31992053760,27509391360,
2020-01-01T17:57:30Z,0,0,32007782400,27525120000,
2020-01-01T17:58:00Z,0,0,32023511040,27540848640,
2020-01-01T17:58:30Z,0,0,32039239680,27556577280,
2020-01-01T17:59:00Z,0,0,32054968320,27572305920,
2020-01-01T17:59:30Z,0,0,32070696960,27588034560,
2020-01-01T18:00:00Z,0,0,32086425600,27603763200,
2020-01-01T18:00:30Z,0,0,32102154240,27619491840,
2020-01-01T18:01:00Z,0,0,32117882880,27635220480,
2020-01-01T18:01:30Z,0,0,32133611520,27650949120,
2020-01-01T18:02:00Z,0,0,32149340160,27666677760,
2020-01-01T18:02:30Z,0,0,32165068800,27682406400,
2020-01-01T18:03:00Z,0,0,32180797440,27698135040,
2020-01-01T18:03:30Z,0,0,32196526080,27713863680,
2020-01-01T18:04:00Z,0,0,32212254720,27729592320,
2020-01-01T18:04:30Z,0,0,32227983360,27745320960,
2020-01-01T18:05:00Z,0,0,32243712000,27761049600,
2020-01-01T18:05:30Z,0,0,32259440640,27776778240,
2020-01-01T18:06:00Z,0,0,32275169280,27792506880,
2020-01-01T18:06:30Z,0,0,32290897920,27808235520,
2020-01-01T18:07:00Z,0,0,32306626560,27823964160,
2020-01-01T18:07:30Z,0,0,32322355200,27839692800,
2020-01-01T18:08:00Z,0,0,32338083840,27855421440,
2020-01-01T18:08:30Z,0,0,32353812480,27871150080,
2020-01-01T18:09:00Z,0,0,32369541120,27886878720,
2020-01-01T18:09:30Z,0,0,32385269760,27902607360,
2020-01-01T18:10:00Z,0,0,32400998400,27918336000,
2020-01-01T18:10:30Z,0,0,32416727040,27934064640,
2020-01-01T18:11:00Z,0,0,32432455680,27949793280,
2020-01-01T18:11:30Z,0,0,32448184320,27965521920,
2020-01-01T18:12:00Z,0,0,32463912960,27981250560,
2020-01-01T18:12:30Z,0,0,32479641600,27996979200,
2020-01-01T18:13:00Z,0,0,32495370240,28012707840,
2020-01-01T18:13:30Z,0,0,32511098880,28028436480,
2020-01-01T18:14:00Z,0,0,32526827520,28044165120,
2020-01-01T18:14:30Z,0,0,32542556160,28059893760,
2020-01-01T18:15:00Z,0,0,32558284800,28075622400,
2020-01-01T18:15:30Z,0,0,32574013440,28091351040,
2020-01-01T18:16:00Z,0,0,32589742080,28107079680,
2020-01-01T18:16:30Z,0,0,32605470720,28122808320,
2020-01-01T18:17:00Z,0,0,32621199360,28138536960,
2020-01-01T18:17:30Z,0,0,32636928000,28154265600,
2020-01-01T18:18:00Z,0,0,32652656640,28169994240,
2020-01-01T18:18:30Z,0,0,32668385280,28185722880,
2020-01-01T18:19:00Z,0,0,32684113920,28201451520,
2020-01-01T18:19:30Z,0,0,32699842560,28217180160,
2020-01-01T18:20:00Z,0,0,32715571200,28232908800,
2020-01-01T18:20:30Z,0,0,32731299840,28248637440,
2020-01-01T18:21:00Z,0,0,32747028480,28264366080,
2020-01-01T18:21:30Z,0,0,32762757120,28280094720,
2020-01-01T18:22:00Z,0,0,32778485760,28295823360,
2020-01-01T18:22:30Z,0,0,32794214400,28311552000,
2020-01-01T18:23:00Z,0,0,32809943040,28327280640,
2020-01-01T18:23:30Z,0,0,32825671680,28343009280,
2020-01-01T18:24:00Z,0,0,32841400320,28358737920,
2020-01-01T18:24:30Z,0,0,32857128960,28374466560,
2020-01-01T18:25:00Z,0,0,32872857600,28390195200,
2020-01-01T18:25:30Z,0,0,32888586240,28405923840,
2020-01-01T18:26:00Z,0,0,32904314880,28421652480,
2020-01-01T18:26:30Z,0,0,32920043520,28437381120,
2020-01-01T18:27:00Z,0,0,32935772160,28453109760,
2020-01-01T18:27:30Z,0,0,32951500800,28468838400,
2020-01-01T18:28:00Z,0,0,32967229440,28484567040,
2020-01-01T18:28:30Z,0,0,32982958080,28500295680,
2020-01-01T18:29:00Z,0,0,32998686720,28516024320,
2020-01-01T18:29:30Z,0,0,33014415360,28531752960,
2020-01-01T18:30:00Z,0,0,33030144000,28547481600,
2020-01-01T18:30:30Z,0,0,33045872640,28563210240,
2020-01-01T18:31:00Z,0,0,33061601280,28578938880,
2020-01-01T18:31:30Z,0,0,33077329920,28594667520,
2020-01-01T18:32:00Z,0,0,33093058560,28610396160,
2020-01-01T18:32:30Z,0,0,33108787200,28626124800,
2020-01-01T18:33:00Z,0,0,33124515840,28641853440,
2020-01-01T18:33:30Z,0,0,33140244480,28657582080,
2020-01-01T18:34:00Z,0,0,33155973120,28673310720,
2020-01-01T18:34:30Z,0,0,33171701760,28689039360,
2020-01-01T18:35:00Z,0,0,33187430400,28704768000,
2020-01-01T18:35:30Z,0,0,33203159040,28720496640,
2020-01-01T18:36:00Z,0,0,33218887680,28736225280,
2020-01-01T18:36:30Z,0,0,33234616320,28751953920,
2020-01-01T18:37:00Z,0,0,33250344960,28767682560,
2020-01-01T18:37:30Z,0,0,33266073600,28783411200,
2020-01-01T18:38:00Z,0,0,33281802240,28799139840,
2020-01-01T18:38:30Z,0,0,33297530880,28814868480,
2020-01-01T18:39:00Z,0,0,33313259520,28830597120,
2020-01-01T18:39:30Z,0,0,33328988160,28846325760,
2020-01-01T18:40:00Z,0,0,33344716800,28862054400,
2020-01-01T18:40:30Z,0,0,33360445440,28877783040,
2020-01-01T18:41:00Z,0,0,33376174080,28893511680,
2020-01-01T18:41:30Z,0,0,33391902720,28909240320,
2020-01-01T18:42:00Z,0,0,33407631360,28924968960,
2020-01-01T18:42:30Z,0,0,33423360000,28940697600,
2020-01-01T18:43:00Z,0,0,33439088640,28956426240,
2020-01-01T18:43:30Z,0,0,33454817280,28972154880,
2020-01-01T18:44:00Z,0,0,33470545920,28987883520,
2020-01-01T18:44:30Z,0,0,33486274560,29003612160,
2020-01-01T18:45:00Z,0,0,33502003200,29019340800,
2020-01-01T18:45:30Z,0,0,33517731840,29035069440,
2020-01-01T18:46:00Z,0,0,33533460480,29050798080,
2020-01-01T18:46:30Z,0,0,33549189120,29066526720,
2020-01-01T18:47:00Z,0,0,33564917760,29082255360,
2020-01-01T18:47:30Z,0,0,33580646400,29097984000,
2020-01-01T18:48:00Z,0,0,33596375040,29113712640,
2020-01-01T18:48:30Z,0,0,33612103680,29129441280,
2020-01-01T18:49:00Z,0,0,33627832320,29145169920,
2020-01-01T18:49:30Z,0,0,33643560960,29160898560,
2020-01-01T18:50:00Z,0,0,33659289600,29176627200,
2020-01-01T18:50:30Z,0,0,33675018240,29192355840,
2020-01-01T18:51:00Z,0,0,33690746880,29208084480,
2020-01-01T18:51:30Z,0,0,33706475520,29223813120,
2020-01-01T18:52:00Z,0,0,33722204160,29239541760,
2020-01-01T18:52:30Z,0,0,33737932800,29255270400,
2020-01-01T18:53:00Z,0,0,33753661440,29270999040,
2020-01-01T18:53:30Z,0,0,33769390080,29286727680,
2020-01-01T18:54:00Z,0,0,33785118720,29302456320,
2020-01-01T18:54:30Z,0,0,33800847360,29318184960,
2020-01-01T18:55:00Z,0,0,33816576000,29333913600,
2020-01-01T18:55:30Z,0,0,33832304640,29349642240,
2020-01-01T18:56:00Z,0,0,33848033280,29365370880,
2020-01-01T18:56:30Z,0,0,33863761920,29381099520,
2020-01-01T18:57:00Z,0,0,33879490560,29396828160,
2020-01-01T18:57:30Z,0,0,33895219200,29412556800,
2020-01-01T18:58:00Z,0,0,33910947840,29428285440,
2020-01-01T18:58:30Z,0,0,33926676480,29444014080,
2020-01-01T18:59:00Z,0,0,33942405120,29459742720,
2020-01-01T18:59:30Z,0,0,33958133760,29475471360,
2020-01-01T19:00:00Z,0,0,33973862400,29491200000,
2020-01-01T19:00:30Z,0,0,33989591040,29506928640,
2020-01-01T19:01:00Z,0,0,34005319680,29522657280,
2020-01-01T19:01:30Z,0,0,34021048320,29538385920,
2020-01-01T19:02:00Z,0,0,34036776960,29554114560,
2020-01-01T19:02:30Z,0,0,34052505600,29569843200,
2020-01-01T19:03:00Z,0,0,34068234240,29585571840,
2020-01-01T19:03:30Z,0,0,34083962880,29601300480,
2020-01-01T19:04:00Z,0,0,34099691520,29617029120,
2020-01-01T19:04:30Z,0,0,34115420160,29632757760,
2020-01-01T19:05:00Z,0,0,34131148800,29648486400,
2020-01-01T19:05:30Z,0,0,34146877440,29664215040,
2020-01-01T19:06:00Z,0,0,34162606080,29679943680,
2020-01-01T19:06:30Z,0,0,34178334720,29695672320,
2020-01-01T19:07:00Z,0,0,34194063360,29711400960,
2020-01-01T19:07:30Z,0,0,34209792000,29727129600,
2020-01-01T19:08:00Z,0,0,34225520640,29742858240,
2020-01-01T19:08:30Z,0,0,34241249280,29758586880,
2020-01-01T19:09:00Z,0,0,34256977920,29774315520,
2020-01-01T19:09:30Z,0,0,34272706560,29790044160,
2020-01-01T19:10:00Z,0,0,34288435200,29805772800,
2020-01-01T19:10:30Z,0,0,34304163840,29821501440,
2020-01-01T19:11:00Z,0,0,34319892480,29837230080,
2020-01-01T19:11:30Z,0,0,34335621120,29852958720,
2020-01-01T19:12:00Z,0,0,34351349760,29868687360,
2020-01-01T19:12:30Z,0,0,34367078400,29884416000,
2020-01-01T19:13:00Z,0,0,34382807040,29900144640,
2020-01-01T19:13:30Z,0,0,34398535680,29915873280,
2020-01-01T19:14:00Z,0,0,34414264320,29931601920,
2020-01-01T19:14:30Z,0,0,34429992960,29947330560,
2020-01-01T19:15:00Z,0,0,34445721600,29963059200,
2020-01-01T19:15:30Z,0,0,34461450240,29978787840,
2020-01-01T19:16:00Z,0,0,34477178880,29994516480,
2020-01-01T19:16:30Z,0,0,34492907520,30010245120,
2020-01-01T19:17:00Z,0,0,34508636160,30025973760,
2020-01-01T19:17:30Z,0,0,34524364800,30041702400,
2020-01-01T19:18:00Z,0,0,34540093440,30057431040,
2020-01-01T19:18:30Z,0,0,34555822080,30073159680,
2020-01-01T19:19:00Z,0,0,34571550720,30088888320,
2020-01-01T19:19:30Z,0,0,34587279360,30104616960,
2020-01-01T19:20:00Z,0,0,34603008000,30120345600,
2020-01-01T19:20:30Z,0,0,34618736640,30136074240,
2020-01-01T19:21:00Z,0,0,34634465280,30151802880,
2020-01-01T19:21:30Z,0,0,34650193920,30167531520,
2020-01-01T19:22:00Z,0,0,34665922560,30183260160,
2020-01-01T19:22:30Z,0,0,34681651200,30198988800,
2020-01-01T19:23:00Z,0,0,34697379840,30214717440,
2020-01-01T19:23:30Z,0,0,34713108480,30230446080,
2020-01-01T19:24:00Z,0,0,34728837120,30246174720,
2020-01-01T19:24:30Z,0,0,34744565760,30261903360,
2020-01-01T19:25:00Z,0,0,34760294400,30277632000,
2020-01-01T19:25:30Z,0,0,34776023040,30293360640,
2020-01-01T19:26:00Z,0,0,34791751680,30309089280,
2020-01-01T19:26:30Z,0,0,34807480320,30324817920,
2020-01-01T19:27:00Z,0,0,34823208960,30340546560,
2020-01-01T19:27:30Z,0,0,34838937600,30356275200,
2020-01-01T19:28:00Z,0,0,34854666240,30372003840,
2020-01-01T19:28:30Z,0,0,34870394880,30387732480,
2020-01-01T19:29:00Z,0,0,34886123520,30403461120,
2020-01-01T19:29:30Z,0,0,34901852160,30419189760,
2020-01-01T19:30:00Z,0,0,34917580800,30434918400,
2020-01-01T19:30:30Z,0,0,34933309440,30450647040,
2020-01-01T19:31:00Z,0,0,34949038080,30466375680,
2020-01-01T19:31:30Z,0,0,34964766720,30482104320,
2020-01-01T19:32:00Z,0,0,34980495360,30497832960,
2020-01-01T19:32:30Z,0,0,34996224000,30513561600,
2020-01-01T19:33:00Z,0,0,35011952640,30529290240,
2020-01-01T19:33:30Z,0,0,35027681280,30545018880,
2020-01-01T19:34:00Z,0,0,35043409920,30560747520,
2020-01-01T19:34:30Z,0,0,35059138560,30576476160,
2020-01-01T19:35:00Z,0,0,35074867200,30592204800,
2020-01-01T19:35:30Z,0,0,35090595840,30607933440,
2020-01-01T19:36:00Z,0,0,35106324480,30623662080,
2020-01-01T19:36:30Z,0,0,35122053120,30639390720,
2020-01-01T19:37:00Z,0,0,35137781760,30655119360,
2020-01-01T19:37:30Z,0,0,35153510400,30670848000,
2020-01-01T19:38:00Z,0,0,35169239040,30686576640,
2020-01-01T19:38:30Z,0,0,35184967680,30702305280,
2020-01-01T19:39:00Z,0,0,35200696320,30718033920,
2020-01-01T19:39:30Z,0,0,35216424960,30733762560,
2020-01-01T19:40:00Z,0,0,35232153600,30749491200,
2020-01-01T19:40:30Z,0,0,35247882240,30765219840,
2020-01-01T19:41:00Z,0,0,35263610880,30780948480,
2020-01-01T19:41:30Z,0,0,35279339520,30796677120,
2020-01-01T19:42:00Z,0,0,35295068160,30812405760,
2020-01-01T19:42:30Z,0,0,35310796800,30828134400,
2020-01-01T19:43:00Z,0,0,35326525440,30843863040,
2020-01-01T19:43:30Z,0,0,35342254080,30859591680,
2020-01-01T19:44:00Z,0,0,35357982720,30875320320,
2020-01-01T19:44:30Z,0,0,35373711360,30891048960,
2020-01-01T19:45:00Z,0,0,35389440000,30906777600,
2020-01-01T19:45:30Z,0,0,35405168640,30922506240,
2020-01-01T19:46:00Z,0,0,35420897280,30938234880,
2020-01-01T19:46:30Z,0,0,35436625920,30953963520,
2020-01-01T19:47:00Z,0,0,35452354560,30969692160,
2020-01-01T19:47:30Z,0,0,35468083200,30985420800,
2020-01-01T19:48:00Z,0,0,35483811840,31001149440,
2020-01-01T19:48:30Z,0,0,35499540480,31016878080,
2020-01-01T19:49:00Z,0,0,35515269120,31032606720,
2020-01-01T19:49:30Z,0,0,35530997760,31048335360,
2020-01-01T19:50:00Z,0,0,35546726400,31064064000,
2020-01-01T19:50:30Z,0,0,35562455040,31079792640,
2020-01-01T19:51:00Z,0,0,35578183680,31095521280,
2020-01-01T19:51:30Z,0,0,35593912320,31111249920,
2020-01-01T19:52:00Z,0,0,35609640960,31126978560,
2020-01-01T19:52:30Z,0,0,35625369600,31142707200,
2020-01-01T19:53:00Z,0,0,35641098240,31158435840,
2020-01-01T19:53:30Z,0,0,35656826880,31174164480,
2020-01-01T19:54:00Z,0,0,35672555520,31189893120,
2020-01-01T19:54:30Z,0,0,35688284160,31205621760,
2020-01-01T19:55:00Z,0,0,35704012800,31221350400,
2020-01-01T19:55:30Z,0,0,35719741440,31237079040,
2020-01-01T19:56:00Z,0,0,35735470080,31252807680,
2020-01-01T19:56:30Z,0,0,35751198720,31268536320,
2020-01-01T19:57:00Z,0,0,35766927360,31284264960,
2020-01-01T19:57:30Z,0,0,35782656000,31299993600,
2020-01-01T19:58:00Z,0,0,35798384640,31315722240,
2020-01-01T19:58:30Z,0,0,35814113280,31331450880,
2020-01-01T19:59:00Z,0,0,35829841920,31347179520,
2020-01-01T19:59:30Z,0,0,35845570560,31362908160,
2020-01-01T20:00:00Z,0,0,35861299200,31378636800,
2020-01-01T20:00:30Z,0,0,35877027840,31394365440,
2020-01-01T20:01:00Z,0,0,35892756480,31410094080,
2020-01-01T20:01:30Z,0,0,35908485120,31425822720,
2020-01-01T20:02:00Z,0,0,35924213760,31441551360,
2020-01-01T20:02:30Z,0,0,35939942400,31457280000,
2020-01-01T20:03:00Z,0,0,35955671040,31473008640,
2020-01-01T20:03:30Z,0,0,35971399680,31488737280,
2020-01-01T20:04:00Z,0,0,35987128320,31504465920,
2020-01-01T20:04:30Z,0,0,36002856960,31520194560,
2020-01-01T20:05:00Z,0,0,36018585600,31535923200,
2020-01-01T20:05:30Z,0,0,36034314240,31551651840,
2020-01-01T20:06:00Z,0,0,36050042880,31567380480,
2020-01-01T20:06:30Z,0,0,36065771520,31583109120,
2020-01-01T20:07:00Z,0,0,36081500160,31598837760,
2020-01-01T20:07:30Z,0,0,36097228800,31614566400,
2020-01-01T20:08:00Z,0,0,36112957440,31630295040,
2020-01-01T20:08:30Z,0,0,36128686080,31646023680,
2020-01-01T20:09:00Z,0,0,36144414720,31661752320,
2020-01-01T20:09:30Z,0,0,36160143360,31677480960,
2020-01-01T20:10:00Z,0,0,36175872000,31693209600,
2020-01-01T20:10:30Z,0,0,36191600640,31708938240,
2020-01-01T20:11:00Z,0,0,36207329280,31724666880,
2020-01-01T20:11:30Z,0,0,36223057920,31740395520,
2020-01-01T20:12:00Z,0,0,36238786560,31756124160,
2020-01-01T20:12:30Z,0,0,36254515200,31771852800,
2020-01-01T20:13:00Z,0,0,36270243840,31787581440,
2020-01-01T20:13:30Z,0,0,36285972480,31803310080,
2020-01-01T20:14:00Z,0,0,36301701120,31819038720,
2020-01-01T20:14:30Z,0,0,36317429760,31834767360,
2020-01-01T20:15:00Z,0,0,36333158400,31850496000,
2020-01-01T20:15:30Z,0,0,36348887040,31866224640,
2020-01-01T20:16:00Z,0,0,36364615680,31881953280,
2020-01-01T20:16:30Z,0,0,36380344320,31897681920,
2020-01-01T20:17:00Z,0,0,36396072960,31913410560,
2020-01-01T20:17:30Z,0,0,36411801600,31929139200,
2020-01-01T20:18:00Z,0,0,36427530240,31944867840,
2020-01-01T20:18:30Z,0,0,36443258880,31960596480,
2020-01-01T20:19:00Z,0,0,36458987520,31976325120,
2020-01-01T20:19:30Z,0,0,36474716160,31992053760,
2020-01-01T20:20:00Z,0,0,36490444800,32007782400,
2020-01-01T20:20:30Z,0,0,36506173440,32023511040,
2020-01-01T20:21:00Z,0,0,36521902080,32039239680,
2020-01-01T20:21:30Z,0,0,36537630720,32054968320,
2020-01-01T20:22:00Z,0,0,36553359360,32070696960,
2020-01-01T20:22:30Z,0,0,36569088000,32086425600,
2020-01-01T20:23:00Z,0,0,36584816640,32102154240,
2020-01-01T20:23:30Z,0,0,36600545280,32117882880,
2020-01-01T20:24:00Z,0,0,36616273920,32133611520,
2020-01-01T20:24:30Z,0,0,36632002560,32149340160,
2020-01-01T20:25:00Z,0,0,36647731200,32165068800,
2020-01-01T20:25:30Z,0,0,36663459840,32180797440,
2020-01-01T20:26:00Z,0,0,36679188480,32196526080,
2020-01-01T20:26:30Z,0,0,36694917120,32212254720,
2020-01-01T20:27:00Z,0,0,36710645760,32227983360,
2020-01-01T20:27:30Z,0,0,36726374400,32243712000,
2020-01-01T20:28:00Z,0,0,36742103040,32259440640,
2020-01-01T20:28:30Z,0,0,36757831680,32275169280,
2020-01-01T20:29:00Z,0,0,36773560320,32290897920,
2020-01-01T20:29:30Z,0,0,36789288960,32306626560,
2020-01-01T20:30:00Z,0,0,36805017600,32322355200,
2020-01-01T20:30:30Z,0,0,36820746240,32338083840,
2020-01-01T20:31:00Z,0,0,36836474880,32353812480,
2020-01-01T20:31:30Z,0,0,36852203520,32369541120,
2020-01-01T20:32:00Z,0,0,36867932160,32385269760,
2020-01-01T20:32:30Z,0,0,36883660800,32400998400,
2020-01-01T20:33:00Z,0,0,36899389440,32416727040,
2020-01-01T20:33:30Z,0,0,36915118080,32432455680,
2020-01-01T20:34:00Z,0,1,36930846720,32369541120,P2S0->P1S0
2020-01-01T20:34:30Z,0,1,36946575360,32306626560,
2020-01-01T20:35:00Z,0,1,36962304000,32243712000,
2020-01-01T20:35:30Z,0,1,36978032640,32180797440,
2020-01-01T20:36:00Z,0,1,36993761280,32117882880,
2020-01-01T20:36:30Z,0,1,37009489920,32054968320,
2020-01-01T20:37:00Z,0,1,37025218560,31992053760,
2020-01-01T20:37:30Z,0,1,37040947200,31929139200,
2020-01-01T20:38:00Z,0,1,37056675840,31866224640,
2020-01-01T20:38:30Z,0,1,37072404480,31803310080,
2020-01-01T20:39:00Z,0,1,37088133120,31740395520,
2020-01-01T20:39:30Z,0,1,37103861760,31677480960,
2020-01-01T20:40:00Z,0,1,37119590400,31614566400,
2020-01-01T20:40:30Z,0,1,37135319040,31551651840,
2020-01-01T20:41:00Z,0,1,37151047680,31488737280,
2020-01-01T20:41:30Z,0,0,37166776320,31504465920,
2020-01-01T20:42:00Z,0,0,37182504960,31520194560,
2020-01-01T20:42:30Z,0,0,37198233600,31535923200,
2020-01-01T20:43:00Z,0,0,37213962240,31551651840,
2020-01-01T20:43:30Z,0,0,37229690880,31567380480,
2020-01-01T20:44:00Z,0,0,37245419520,31583109120,
2020-01-01T20:44:30Z,0,0,37261148160,31598837760,
2020-01-01T20:45:00Z,0,0,37276876800,31614566400,
2020-01-01T20:45:30Z,0,0,37292605440,31630295040,
2020-01-01T20:46:00Z,0,0,37308334080,31646023680,
2020-01-01T20:46:30Z,0,0,37324062720,31661752320,
2020-01-01T20:47:00Z,0,0,37339791360,31677480960,
2020-01-01T20:47:30Z,0,0,37355520000,31693209600,
2020-01-01T20:48:00Z,0,0,37371248640,31708938240,
2020-01-01T20:48:30Z,0,0,37386977280,31724666880,
2020-01-01T20:49:00Z,0,0,37402705920,31740395520,
2020-01-01T20:49:30Z,0,0,37418434560,31756124160,
2020-01-01T20:50:00Z,0,0,37434163200,31771852800,
2020-01-01T20:50:30Z,0,0,37449891840,31787581440,
2020-01-01T20:51:00Z,0,0,37465620480,31803310080,
2020-01-01T20:51:30Z,0,0,37481349120,31819038720,
2020-01-01T20:52:00Z,0,0,37497077760,31834767360,
2020-01-01T20:52:30Z,0,0,37512806400,31850496000,
2020-01-01T20:53:00Z,0,0,37528535040,31866224640,
2020-01-01T20:53:30Z,0,0,37544263680,31881953280,
2020-01-01T20:54:00Z,0,0,37559992320,31897681920,
2020-01-01T20:54:30Z,0,0,37575720960,31913410560,
2020-01-01T20:55:00Z,0,0,37591449600,31929139200,
2020-01-01T20:55:30Z,0,0,37607178240,31944867840,
2020-01-01T20:56:00Z,0,0,37622906880,31960596480,
2020-01-01T20:56:30Z,0,0,37638635520,31976325120,
2020-01-01T20:57:00Z,0,0,37654364160,31992053760,
2020-01-01T20:57:30Z,0,0,37670092800,32007782400,
2020-01-01T20:58:00Z,0,0,37685821440,32023511040,
2020-01-01T20:58:30Z,0,0,37701550080,32039239680,
2020-01-01T20:59:00Z,0,0,37717278720,32054968320,
2020-01-01T20:59:30Z,0,0,37733007360,32070696960,
2020-01-01T21:00:00Z,0,0,37748736000,32086425600,
2020-01-01T21:00:30Z,0,0,37764464640,32102154240,
2020-01-01T21:01:00Z,0,0,37780193280,32117882880,
2020-01-01T21:01:30Z,0,0,37795921920,32133611520,
2020-01-01T21:02:00Z,0,0,37811650560,32149340160,
2020-01-01T21:02:30Z,0,0,37827379200,32165068800,
2020-01-01T21:03:00Z,0,0,37843107840,32180797440,
2020-01-01T21:03:30Z,0,0,37858836480,32196526080,
2020-01-01T21:04:00Z,0,0,37874565120,32212254720,
2020-01-01T21:04:30Z,0,0,37890293760,32227983360,
2020-01-01T21:05:00Z,0,0,37906022400,32243712000,
2020-01-01T21:05:30Z,0,0,37921751040,32259440640,
2020-01-01T21:06:00Z,0,0,37937479680,32275169280,
2020-01-01T21:06:30Z,0,0,37953208320,32290897920,
2020-01-01T21:07:00Z,0,0,37968936960,32306626560,
2020-01-01T21:07:30Z,0,0,37984665600,32322355200,
2020-01-01T21:08:00Z,0,0,38000394240,32338083840,
2020-01-01T21:08:30Z,0,0,38016122880,32353812480,
2020-01-01T21:09:00Z,0,0,38031851520,32369541120,
2020-01-01T21:09:30Z,0,0,38047580160,32385269760,
2020-01-01T21:10:00Z,0,0,38063308800,32400998400,
2020-01-01T21:10:30Z,0,0,38079037440,32416727040,
2020-01-01T21:11:00Z,0,0,38094766080,32432455680,
2020-01-01T21:11:30Z,0,0,38110494720,32448184320,
2020-01-01T21:12:00Z,0,0,38126223360,32463912960,
2020-01-01T21:12:30Z,0,0,38141952000,32479641600,
2020-01-01T21:13:00Z,0,0,38157680640,32495370240,
2020-01-01T21:13:30Z,0,0,38173409280,32511098880,
2020-01-01T21:14:00Z,0,0,38189137920,32526827520,
2020-01-01T21:14:30Z,0,0,38204866560,32542556160,
2020-01-01T21:15:00Z,0,0,38220595200,32558284800,
2020-01-01T21:15:30Z,0,0,38236323840,32574013440,
2020-01-01T21:16:00Z,0,0,38252052480,32589742080,
2020-01-01T21:16:30Z,0,0,38267781120,32605470720,
2020-01-01T21:17:00Z,0,0,38283509760,32621199360,
2020-01-01T21:17:30Z,0,0,38299238400,32636928000,
2020-01-01T21:18:00Z,0,0,38314967040,32652656640,
2020-01-01T21:18:30Z,0,0,38330695680,32668385280,
2020-01-01T21:19:00Z,0,0,38346424320,32684113920,
2020-01-01T21:19:30Z,0,0,38362152960,32699842560,
2020-01-01T21:20:00Z,0,0,38377881600,32715571200,
2020-01-01T21:20:30Z,0,0,38393610240,32731299840,
2020-01-01T21:21:00Z,0,0,38409338880,32747028480,
2020-01-01T21:21:30Z,0,0,38425067520,32762757120,
2020-01-01T21:22:00Z,0,0,38440796160,32778485760,
2020-01-01T21:22:30Z,0,0,38456524800,32794214400,
2020-01-01T21:23:00Z,0,0,38472253440,32809943040,
2020-01-01T21:23:30Z,0,0,38487982080,32825671680,
2020-01-01T21:24:00Z,0,0,38503710720,32841400320,
2020-01-01T21:24:30Z,0,0,38519439360,32857128960,
2020-01-01T21:25:00Z,0,0,38535168000,32872857600,
2020-01-01T21:25:30Z,0,0,38550896640,32888586240,
2020-01-01T21:26:00Z,0,0,38566625280,32904314880,
2020-01-01T21:26:30Z,0,0,38582353920,32920043520,
2020-01-01T21:27:00Z,0,0,38598082560,32935772160,
2020-01-01T21:27:30Z,0,0,38613811200,32951500800,
2020-01-01T21:28:00Z,0,0,38629539840,32967229440,
2020-01-01T21:28:30Z,0,0,38645268480,32982958080,
2020-01-01T21:29:00Z,0,0,38660997120,32998686720,
2020-01-01T21:29:30Z,0,0,38676725760,33014415360,
2020-01-01T21:30:00Z,0,0,38692454400,33030144000,
2020-01-01T21:30:30Z,0,0,38708183040,33045872640,
2020-01-01T21:31:00Z,0,0,38723911680,33061601280,
2020-01-01T21:31:30Z,0,0,38739640320,33077329920,
2020-01-01T21:32:00Z,0,0,38755368960,33093058560,
2020-01-01T21:32:30Z,0,0,38771097600,33108787200,
2020-01-01T21:33:00Z,0,0,38786826240,33124515840,
2020-01-01T21:33:30Z,0,0,38802554880,33140244480,
2020-01-01T21:34:00Z,0,0,38818283520,33155973120,
2020-01-01T21:34:30Z,0,0,38834012160,33171701760,
2020-01-01T21:35:00Z,0,0,38849740800,33187430400,
2020-01-01T21:35:30Z,0,0,38865469440,33203159040,
2020-01-01T21:36:00Z,0,0,38881198080,33218887680,
2020-01-01T21:36:30Z,0,0,38896926720,33234616320,
2020-01-01T21:37:00Z,0,0,38912655360,33250344960,
2020-01-01T21:37:30Z,0,0,38928384000,33266073600,
2020-01-01T21:38:00Z,0,0,38944112640,33281802240,
2020-01-01T21:38:30Z,0,0,38959841280,33297530880,
2020-01-01T21:39:00Z,0,0,38975569920,33313259520,
2020-01-01T21:39:30Z,0,0,38991298560,33328988160,
2020-01-01T21:40:00Z,0,0,39007027200,33344716800,
2020-01-01T21:40:30Z,0,0,39022755840,33360445440,
2020-01-01T21:41:00Z,0,0,39038484480,33376174080,
2020-01-01T21:41:30Z,0,0,39054213120,33391902720,
2020-01-01T21:42:00Z,0,0,39069941760,33407631360,
2020-01-01T21:42:30Z,0,0,39085670400,33423360000,
2020-01-01T21:43:00Z,0,0,39101399040,33439088640,
2020-01-01T21:43:30Z,0,0,39117127680,33454817280,
2020-01-01T21:44:00Z,0,0,39132856320,33470545920,
2020-01-01T21:44:30Z,0,0,39148584960,33486274560,
2020-01-01T21:45:00Z,0,0,39164313600,33502003200,
2020-01-01T21:45:30Z,0,0,39180042240,33517731840,
2020-01-01T21:46:00Z,0,0,39195770880,33533460480,
2020-01-01T21:46:30Z,0,0,39211499520,33549189120,
2020-01-01T21:47:00Z,0,0,39227228160,33564917760,
2020-01-01T21:47:30Z,0,0,39242956800,33580646400,
2020-01-01T21:48:00Z,0,0,39258685440,33596375040,
2020-01-01T21:48:30Z,0,0,39274414080,33612103680,
2020-01-01T21:49:00Z,0,0,39290142720,33627832320,
2020-01-01T21:49:30Z,0,0,39305871360,33643560960,
2020-01-01T21:50:00Z,0,0,39321600000,33659289600,
2020-01-01T21:50:30Z,0,0,39337328640,33675018240,
2020-01-01T21:51:00Z,0,0,39353057280,33690746880,
2020-01-01T21:51:30Z,0,0,39368785920,33706475520,
2020-01-01T21:52:00Z,0,0,39384514560,33722204160,
2020-01-01T21:52:30Z,0,0,39400243200,33737932800,
2020-01-01T21:53:00Z,0,0,39415971840,33753661440,
2020-01-01T21:53:30Z,0,0,39431700480,33769390080,
2020-01-01T21:54:00Z,0,0,39447429120,33785118720,
2020-01-01T21:54:30Z,0,0,39463157760,33800847360,
2020-01-01T21:55:00Z,0,0,39478886400,33816576000,
2020-01-01T21:55:30Z,0,0,39494615040,33832304640,
2020-01-01T21:56:00Z,0,0,39510343680,33848033280,
2020-01-01T21:56:30Z,0,0,39526072320,33863761920,
2020-01-01T21:57:00Z,0,0,39541800960,33879490560,
2020-01-01T21:57:30Z,0,0,39557529600,33895219200,
2020-01-01T21:58:00Z,0,0,39573258240,33910947840,
2020-01-01T21:58:30Z,0,0,39588986880,33926676480,
2020-01-01T21:59:00Z,0,0,39604715520,33942405120,
2020-01-01T21:59:30Z,0,0,39620444160,33958133760,
2020-01-01T22:00:00Z,0,0,39636172800,33973862400,
2020-01-01T22:00:30Z,0,0,39651901440,33989591040,
2020-01-01T22:01:00Z,0,0,39667630080,34005319680,
2020-01-01T22:01:30Z,0,0,39683358720,34021048320,
2020-01-01T22:02:00Z,0,0,39699087360,34036776960,
2020-01-01T22:02:30Z,0,0,39714816000,34052505600,
2020-01-01T22:03:00Z,0,0,39730544640,34068234240,
2020-01-01T22:03:30Z,0,0,39746273280,34083962880,
2020-01-01T22:04:00Z,0,0,39762001920,34099691520,
2020-01-01T22:04:30Z,0,0,39777730560,34115420160,
2020-01-01T22:05:00Z,0,0,39793459200,34131148800,
2020-01-01T22:05:30Z,0,0,39809187840,34146877440,
2020-01-01T22:06:00Z,0,0,39824916480,34162606080,
2020-01-01T22:06:30Z,0,0,39840645120,34178334720,
2020-01-01T22:07:00Z,0,0,39856373760,34194063360,
2020-01-01T22:07:30Z,0,0,39872102400,34209792000,
2020-01-01T22:08:00Z,0,0,39887831040,34225520640,
2020-01-01T22:08:30Z,0,0,39903559680,34241249280,
2020-01-01T22:09:00Z,0,0,39919288320,34256977920,
2020-01-01T22:09:30Z,0,0,39935016960,34272706560,
2020-01-01T22:10:00Z,0,0,39950745600,34288435200,
2020-01-01T22:10:30Z,0,0,39966474240,34304163840,
2020-01-01T22:11:00Z,0,0,39982202880,34319892480,
2020-01-01T22:11:30Z,0,0,39997931520,34335621120,
2020-01-01T22:12:00Z,0,0,40013660160,34351349760,
2020-01-01T22:12:30Z,0,0,40029388800,34367078400,
2020-01-01T22:13:00Z,0,0,40045117440,34382807040,
2020-01-01T22:13:30Z,0,0,40060846080,34398535680,
2020-01-01T22:14:00Z,0,0,40076574720,34414264320,
2020-01-01T22:14:30Z,0,0,40092303360,34429992960,
2020-01-01T22:15:00Z,0,0,40108032000,34445721600,
2020-01-01T22:15:30Z,0,0,40123760640,34461450240,
2020-01-01T22:16:00Z,0,0,40139489280,34477178880,
2020-01-01T22:16:30Z,0,0,40155217920,34492907520,
2020-01-01T22:17:00Z,0,0,40170946560,34508636160,
2020-01-01T22:17:30Z,0,0,40186675200,34524364800,
2020-01-01T22:18:00Z,0,0,40202403840,34540093440,
2020-01-01T22:18:30Z,0,0,40218132480,34555822080,
2020-01-01T22:19:00Z,0,0,40233861120,34571550720,
2020-01-01T22:19:30Z,0,0,40249589760,34587279360,
2020-01-01T22:20:00Z,0,0,40265318400,34603008000,
2020-01-01T22:20:30Z,0,0,40281047040,34618736640,
2020-01-01T22:21:00Z,0,0,40296775680,34634465280,
2020-01-01T22:21:30Z,0,0,40312504320,34650193920,
2020-01-01T22:22:00Z,0,0,40328232960,34665922560,
2020-01-01T22:22:30Z,0,0,40343961600,34681651200,
2020-01-01T22:23:00Z,0,0,40359690240,34697379840,
2020-01-01T22:23:30Z,0,0,40375418880,34713108480,
2020-01-01T22:24:00Z,0,0,40391147520,34728837120,
2020-01-01T22:24:30Z,0,0,40406876160,34744565760,
2020-01-01T22:25:00Z,0,0,40422604800,34760294400,
2020-01-01T22:25:30Z,0,0,40438333440,34776023040,
2020-01-01T22:26:00Z,0,0,40454062080,34791751680,
2020-01-01T22:26:30Z,0,0,40469790720,34807480320,
2020-01-01T22:27:00Z,0,0,40485519360,34823208960,
2020-01-01T22:27:30Z,0,0,40501248000,34838937600,
2020-01-01T22:28:00Z,0,0,40516976640,34854666240,
2020-01-01T22:28:30Z,0,0,40532705280,34870394880,
2020-01-01T22:29:00Z,0,0,40548433920,34886123520,
2020-01-01T22:29:30Z,0,0,40564162560,34901852160,
2020-01-01T22:30:00Z,0,0,40579891200,34917580800,
2020-01-01T22:30:30Z,0,0,40595619840,34933309440,
2020-01-01T22:31:00Z,0,0,40611348480,34949038080,
2020-01-01T22:31:30Z,0,0,40627077120,34964766720,
2020-01-01T22:32:00Z,0,0,40642805760,34980495360,
2020-01-01T22:32:30Z,0,0,40658534400,34996224000,
2020-01-01T22:33:00Z,0,0,40674263040,35011952640,
2020-01-01T22:33:30Z,0,0,40689991680,35027681280,
2020-01-01T22:34:00Z,0,0,40705720320,35043409920,
2020-01-01T22:34:30Z,0,0,40721448960,35059138560,
2020-01-01T22:35:00Z,0,0,40737177600,35074867200,
2020-01-01T22:35:30Z,0,0,40752906240,35090595840,
2020-01-01T22:36:00Z,0,0,40768634880,35106324480,
2020-01-01T22:36:30Z,0,0,40784363520,35122053120,
2020-01-01T22:37:00Z,0,0,40800092160,35137781760,
2020-01-01T22:37:30Z,0,0,40815820800,35153510400,
2020-01-01T22:38:00Z,0,0,40831549440,35169239040,
2020-01-01T22:38:30Z,0,0,40847278080,35184967680,
2020-01-01T22:39:00Z,0,0,40863006720,35200696320,
2020-01-01T22:39:30Z,0,0,40878735360,35216424960,
2020-01-01T22:40:00Z,0,0,40894464000,35232153600,
2020-01-01T22:40:30Z,0,0,40910192640,35247882240,
2020-01-01T22:41:00Z,0,0,40925921280,35263610880,
2020-01-01T22:41:30Z,0,0,40941649920,35279339520,
2020-01-01T22:42:00Z,0,0,40957378560,35295068160,
2020-01-01T22:42:30Z,0,0,40973107200,35310796800,
2020-01-01T22:43:00Z,0,0,40988835840,35326525440,
2020-01-01T22:43:30Z,0,0,41004564480,35342254080,
2020-01-01T22:44:00Z,0,0,41020293120,35357982720,
2020-01-01T22:44:30Z,0,0,41036021760,35373711360,
2020-01-01T22:45:00Z,0,0,41051750400,35389440000,
2020-01-01T22:45:30Z,0,0,41067479040,35405168640,
2020-01-01T22:46:00Z,0,0,41083207680,35420897280,
2020-01-01T22:46:30Z,0,0,41098936320,35436625920,
2020-01-01T22:47:00Z,0,0,41114664960,35452354560,
2020-01-01T22:47:30Z,0,0,41130393600,35468083200,
2020-01-01T22:48:00Z,0,0,41146122240,35483811840,
2020-01-01T22:48:30Z,0,0,41161850880,35499540480,
2020-01-01T22:49:00Z,0,0,41177579520,35515269120,
2020-01-01T22:49:30Z,0,0,41193308160,35530997760,
2020-01-01T22:50:00Z,0,0,41209036800,35546726400,
2020-01-01T22:50:30Z,0,0,41224765440,35562455040,
2020-01-01T22:51:00Z,0,0,41240494080,35578183680,
2020-01-01T22:51:30Z,0,0,41256222720,35593912320,
2020-01-01T22:52:00Z,0,0,41271951360,35609640960,
2020-01-01T22:52:30Z,0,0,41287680000,35625369600,
2020-01-01T22:53:00Z,0,0,41303408640,35641098240,
2020-01-01T22:53:30Z,0,0,41319137280,35656826880,
2020-01-01T22:54:00Z,0,0,41334865920,35672555520,
2020-01-01T22:54:30Z,0,0,41350594560,35688284160,
2020-01-01T22:55:00Z,0,0,41366323200,35704012800,
2020-01-01T22:55:30Z,0,0,41382051840,35719741440,
2020-01-01T22:56:00Z,0,0,41397780480,35735470080,
2020-01-01T22:56:30Z,0,0,41413509120,35751198720,
2020-01-01T22:57:00Z,0,0,41429237760,35766927360,
2020-01-01T22:57:30Z,0,0,41444966400,35782656000,
2020-01-01T22:58:00Z,0,0,41460695040,35798384640,
2020-01-01T22:58:30Z,0,0,41476423680,35814113280,
2020-01-01T22:59:00Z,0,0,41492152320,35829841920,
2020-01-01T22:59:30Z,0,0,41507880960,35845570560,
2020-01-01T23:00:00Z,0,0,41523609600,35861299200,
2020-01-01T23:00:30Z,0,0,41539338240,35877027840,
2020-01-01T23:01:00Z,0,0,41555066880,35892756480,
2020-01-01T23:01:30Z,0,0,41570795520,35908485120,
2020-01-01T23:02:00Z,0,0,41586524160,35924213760,
2020-01-01T23:02:30Z,0,0,41602252800,35939942400,
2020-01-01T23:03:00Z,0,0,41617981440,35955671040,
2020-01-01T23:03:30Z,0,0,41633710080,35971399680,
2020-01-01T23:04:00Z,0,0,41649438720,35987128320,
2020-01-01T23:04:30Z,0,0,41665167360,36002856960,
2020-01-01T23:05:00Z,0,0,41680896000,36018585600,
2020-01-01T23:05:30Z,0,0,41696624640,36034314240,
2020-01-01T23:06:00Z,0,0,41712353280,36050042880,
2020-01-01T23:06:30Z,0,0,41728081920,36065771520,
2020-01-01T23:07:00Z,0,0,41743810560,36081500160,
2020-01-01T23:07:30Z,0,0,41759539200,36097228800,
2020-01-01T23:08:00Z,0,0,41775267840,36112957440,
2020-01-01T23:08:30Z,0,0,41790996480,36128686080,
2020-01-01T23:09:00Z,0,0,41806725120,36144414720,
2020-01-01T23:09:30Z,0,0,41822453760,36160143360,
2020-01-01T23:10:00Z,0,0,41838182400,36175872000,
2020-01-01T23:10:30Z,0,0,41853911040,36191600640,
2020-01-01T23:11:00Z,0,0,41869639680,36207329280,
2020-01-01T23:11:30Z,0,0,41885368320,36223057920,
2020-01-01T23:12:00Z,0,0,41901096960,36238786560,
2020-01-01T23:12:30Z,0,0,41916825600,36254515200,
2020-01-01T23:13:00Z,0,0,41932554240,36270243840,
2020-01-01T23:13:30Z,0,0,41948282880,36285972480,
2020-01-01T23:14:00Z,0,0,41964011520,36301701120,
2020-01-01T23:14:30Z,0,0,41979740160,36317429760,
2020-01-01T23:15:00Z,0,0,41995468800,36333158400,
2020-01-01T23:15:30Z,0,0,42011197440,36348887040,
2020-01-01T23:16:00Z,0,0,42026926080,36364615680,
2020-01-01T23:16:30Z,0,0,42042654720,36380344320,
2020-01-01T23:17:00Z,0,0,42058383360,36396072960,
2020-01-01T23:17:30Z,0,0,42074112000,36411801600,
2020-01-01T23:18:00Z,0,0,42089840640,36427530240,
2020-01-01T23:18:30Z,0,0,42105569280,36443258880,
2020-01-01T23:19:00Z,0,0,42121297920,36458987520,
2020-01-01T23:19:30Z,0,0,42137026560,36474716160,
2020-01-01T23:20:00Z,0,0,42152755200,36490444800,
2020-01-01T23:20:30Z,0,0,42168483840,36506173440,
2020-01-01T23:21:00Z,0,0,42184212480,36521902080,
2020-01-01T23:21:30Z,0,0,42199941120,36537630720,
2020-01-01T23:22:00Z,0,0,42215669760,36553359360,
2020-01-01T23:22:30Z,0,0,42231398400,36569088000,
2020-01-01T23:23:00Z,0,0,42247127040,36584816640,
2020-01-01T23:23:30Z,0,0,42262855680,36600545280,
2020-01-01T23:24:00Z,0,0,42278584320,36616273920,
2020-01-01T23:24:30Z,0,0,42294312960,36632002560,
2020-01-01T23:25:00Z,0,0,42310041600,36647731200,
2020-01-01T23:25:30Z,0,0,42325770240,36663459840,
2020-01-01T23:26:00Z,0,0,42341498880,36679188480,
2020-01-01T23:26:30Z,0,0,42357227520,36694917120,
2020-01-01T23:27:00Z,0,0,42372956160,36710645760,
2020-01-01T23:27:30Z,0,0,42388684800,36726374400,
2020-01-01T23:28:00Z,0,0,42404413440,36742103040,
2020-01-01T23:28:30Z,0,0,42420142080,36757831680,
2020-01-01T23:29:00Z,0,0,42435870720,36773560320,
2020-01-01T23:29:30Z,0,0,42451599360,36789288960,
2020-01-01T23:30:00Z,0,0,42467328000,36805017600,
2020-01-01T23:30:30Z,0,0,42483056640,36820746240,
2020-01-01T23:31:00Z,0,0,42498785280,36836474880,
2020-01-01T23:31:30Z,0,0,42514513920,36852203520,
2020-01-01T23:32:00Z,0,0,42530242560,36867932160,
2020-01-01T23:32:30Z,0,0,42545971200,36883660800,
2020-01-01T23:33:00Z,0,0,42561699840,36899389440,
2020-01-01T23:33:30Z,0,0,42577428480,36915118080,
2020-01-01T23:34:00Z,0,0,42593157120,36930846720,
2020-01-01T23:34:30Z,0,0,42608885760,36946575360,
2020-01-01T23:35:00Z,0,0,42624614400,36962304000,
2020-01-01T23:35:30Z,0,0,42640343040,36978032640,
2020-01-01T23:36:00Z,0,0,42656071680,36993761280,
2020-01-01T23:36:30Z,0,0,42671800320,37009489920,
2020-01-01T23:37:00Z,0,0,42687528960,37025218560,
2020-01-01T23:37:30Z,0,0,42703257600,37040947200,
2020-01-01T23:38:00Z,0,0,42718986240,37056675840,
2020-01-01T23:38:30Z,0,0,42734714880,37072404480,
2020-01-01T23:39:00Z,0,0,42750443520,37088133120,
2020-01-01T23:39:30Z,0,0,42766172160,37103861760,
2020-01-01T23:40:00Z,0,0,42781900800,37119590400,
2020-01-01T23:40:30Z,0,0,42797629440,37135319040,
2020-01-01T23:41:00Z,0,0,42813358080,37151047680,
2020-01-01T23:41:30Z,0,0,42829086720,37166776320,
2020-01-01T23:42:00Z,0,0,42844815360,37182504960,
2020-01-01T23:42:30Z,0,0,42860544000,37198233600,
2020-01-01T23:43:00Z,0,0,42876272640,37213962240,
2020-01-01T23:43:30Z,0,0,42892001280,37229690880,
2020-01-01T23:44:00Z,0,0,42907729920,37245419520,
2020-01-01T23:44:30Z,0,0,42923458560,37261148160,
2020-01-01T23:45:00Z,0,0,42939187200,37276876800,
2020-01-01T23:45:30Z,0,0,42954915840,37292605440,
2020-01-01T23:46:00Z,1,1,42892001280,37229690880,P1S0->P0S0
2020-01-01T23:46:30Z,1,1,42829086720,37166776320,
2020-01-01T23:47:00Z,1,1,42766172160,37103861760,
2020-01-01T23:47:30Z,1,1,42703257600,37040947200,
2020-01-01T23:48:00Z,1,1,42640343040,36978032640,
2020-01-01T23:48:30Z,1,1,42577428480,36915118080,
2020-01-01T23:49:00Z,1,1,42514513920,36852203520,
2020-01-01T23:49:30Z,1,1,42451599360,36789288960,
2020-01-01T23:50:00Z,1,1,42388684800,36726374400,
2020-01-01T23:50:30Z,1,1,42325770240,36663459840,
2020-01-01T23:51:00Z,1,1,42262855680,36600545280,
2020-01-01T23:51:30Z,1,1,42199941120,36537630720,
2020-01-01T23:52:00Z,1,1,42137026560,36474716160,
2020-01-01T23:52:30Z,1,1,42074112000,36411801600,
2020-01-01T23:53:00Z,1,1,42011197440,36348887040,
2020-01-01T23:53:30Z,0,0,42026926080,36364615680,
2020-01-01T23:54:00Z,0,0,42042654720,36380344320,
2020-01-01T23:54:30Z,0,0,42058383360,36396072960,
2020-01-01T23:55:00Z,0,0,42074112000,36411801600,
2020-01-01T23:55:30Z,0,0,42089840640,36427530240,
2020-01-01T23:56:00Z,0,0,42105569280,36443258880,
2020-01-01T23:56:30Z,0,0,42121297920,36458987520,
2020-01-01T23:57:00Z,0,0,42137026560,36474716160,
2020-01-01T23:57:30Z,0,0,42152755200,36490444800,
2020-01-01T23:58:00Z,0,0,42168483840,36506173440,
2020-01-01T23:58:30Z,0,0,42184212480,36521902080,
2020-01-01T23:59:00Z,0,0,42199941120,36537630720,
2020-01-01T23:59:30Z,0,0,42215669760,36553359360,
2020-01-02T00:00:00Z,0,0,42231398400,36569088000,
