architecture,thread,terminal_class,condition,trial_idx,total_passes,passes_met,cadence_rate,structural_incapacity,success
GroundOnly,MT4_PERSISTENT_MONITORING,VEHICLE_MOUNTED,NOMINAL,0,0,0,0.0,True,False
CompressedFull,MT4_PERSISTENT_MONITORING,VEHICLE_MOUNTED,NOMINAL,0,0,0,0.0,True,False
QuicklookFirst,MT4_PERSISTENT_MONITORING,VEHICLE_MOUNTED,NOMINAL,0,0,0,0.0,True,False
RoiFirst,MT4_PERSISTENT_MONITORING,VEHICLE_MOUNTED,NOMINAL,0,0,0,0.0,True,False
Progressive,MT4_PERSISTENT_MONITORING,VEHICLE_MOUNTED,NOMINAL,0,28,28,1.0,False,True
ContactAware,MT4_PERSISTENT_MONITORING,VEHICLE_MOUNTED,NOMINAL,0,0,0,0.0,True,False
ThreadAwarePriority,MT4_PERSISTENT_MONITORING,VEHICLE_MOUNTED,NOMINAL,0,28,28,1.0,False,True
GroundOnly,MT4_PERSISTENT_MONITORING,VEHICLE_MOUNTED,NOMINAL,1,0,0,0.0,True,False
CompressedFull,MT4_PERSISTENT_MONITORING,VEHICLE_MOUNTED,NOMINAL,1,0,0,0.0,True,False
QuicklookFirst,MT4_PERSISTENT_MONITORING,VEHICLE_MOUNTED,NOMINAL,1,0,0,0.0,True,False
RoiFirst,MT4_PERSISTENT_MONITORING,VEHICLE_MOUNTED,NOMINAL,1,0,0,0.0,True,False
Progressive,MT4_PERSISTENT_MONITORING,VEHICLE_MOUNTED,NOMINAL,1,28,28,1.0,False,True
ContactAware,MT4_PERSISTENT_MONITORING,VEHICLE_MOUNTED,NOMINAL,1,0,0,0.0,True,False
ThreadAwarePriority,MT4_PERSISTENT_MONITORING,VEHICLE_MOUNTED,NOMINAL,1,28,28,1.0,False,True
GroundOnly,MT4_PERSISTENT_MONITORING,VEHICLE_MOUNTED,NOMINAL,2,0,0,0.0,True,False
CompressedFull,MT4_PERSISTENT_MONITORING,VEHICLE_MOUNTED,NOMINAL,2,0,0,0.0,True,False
QuicklookFirst,MT4_PERSISTENT_MONITORING,VEHICLE_MOUNTED,NOMINAL,2,0,0,0.0,True,False
RoiFirst,MT4_PERSISTENT_MONITORING,VEHICLE_MOUNTED,NOMINAL,2,0,0,0.0,True,False
Progressive,MT4_PERSISTENT_MONITORING,VEHICLE_MOUNTED,NOMINAL,2,28,28,1.0,False,True
ContactAware,MT4_PERSISTENT_MONITORING,VEHICLE_MOUNTED,NOMINAL,2,0,0,0.0,True,False
ThreadAwarePriority,MT4_PERSISTENT_MONITORING,VEHICLE_MOUNTED,NOMINAL,2,28,28,1.0,False,True
GroundOnly,MT4_PERSISTENT_MONITORING,VEHICLE_MOUNTED,NOMINAL,3,0,0,0.0,True,False
CompressedFull,MT4_PERSISTENT_MONITORING,VEHICLE_MOUNTED,NOMINAL,3,0,0,0.0,True,False
QuicklookFirst,MT4_PERSISTENT_MONITORING,VEHICLE_MOUNTED,NOMINAL,3,0,0,0.0,True,False
RoiFirst,MT4_PERSISTENT_MONITORING,VEHICLE_MOUNTED,NOMINAL,3,0,0,0.0,True,False
Progressive,MT4_PERSISTENT_MONITORING,VEHICLE_MOUNTED,NOMINAL,3,28,28,1.0,False,True
ContactAware,MT4_PERSISTENT_MONITORING,VEHICLE_MOUNTED,NOMINAL,3,0,0,0.0,True,False
ThreadAwarePriority,MT4_PERSISTENT_MONITORING,VEHICLE_MOUNTED,NOMINAL,3,28,28,1.0,False,True
GroundOnly,MT4_PERSISTENT_MONITORING,VEHICLE_MOUNTED,NOMINAL,4,0,0,0.0,True,False
CompressedFull,MT4_PERSISTENT_MONITORING,VEHICLE_MOUNTED,NOMINAL,4,0,0,0.0,True,False
QuicklookFirst,MT4_PERSISTENT_MONITORING,VEHICLE_MOUNTED,NOMINAL,4,0,0,0.0,True,False
RoiFirst,MT4_PERSISTENT_MONITORING,VEHICLE_MOUNTED,NOMINAL,4,0,0,0.0,True,False
Progressive,MT4_PERSISTENT_MONITORING,VEHICLE_MOUNTED,NOMINAL,4,28,28,1.0,False,True
ContactAware,MT4_PERSISTENT_MONITORING,VEHICLE_MOUNTED,NOMINAL,4,0,0,0.0,True,False
ThreadAwarePriority,MT4_PERSISTENT_MONITORING,VEHICLE_MOUNTED,NOMINAL,4,28,28,1.0,False,True
GroundOnly,MT4_PERSISTENT_MONITORING,VEHICLE_MOUNTED,NOMINAL,5,0,0,0.0,True,False
CompressedFull,MT4_PERSISTENT_MONITORING,VEHICLE_MOUNTED,NOMINAL,5,0,0,0.0,True,False
QuicklookFirst,MT4_PERSISTENT_MONITORING,VEHICLE_MOUNTED,NOMINAL,5,0,0,0.0,True,False
RoiFirst,MT4_PERSISTENT_MONITORING,VEHICLE_MOUNTED,NOMINAL,5,0,0,0.0,True,False
Progressive,MT4_PERSISTENT_MONITORING,VEHICLE_MOUNTED,NOMINAL,5,28,28,1.0,False,True
ContactAware,MT4_PERSISTENT_MONITORING,VEHICLE_MOUNTED,NOMINAL,5,0,0,0.0,True,False
ThreadAwarePriority,MT4_PERSISTENT_MONITORING,VEHICLE_MOUNTED,NOMINAL,5,28,28,1.0,False,True
GroundOnly,MT4_PERSISTENT_MONITORING,VEHICLE_MOUNTED,NOMINAL,6,0,0,0.0,True,False
CompressedFull,MT4_PERSISTENT_MONITORING,VEHICLE_MOUNTED,NOMINAL,6,0,0,0.0,True,False
QuicklookFirst,MT4_PERSISTENT_MONITORING,VEHICLE_MOUNTED,NOMINAL,6,0,0,0.0,True,False
RoiFirst,MT4_PERSISTENT_MONITORING,VEHICLE_MOUNTED,NOMINAL,6,0,0,0.0,True,False
Progressive,MT4_PERSISTENT_MONITORING,VEHICLE_MOUNTED,NOMINAL,6,28,28,1.0,False,True
ContactAware,MT4_PERSISTENT_MONITORING,VEHICLE_MOUNTED,NOMINAL,6,0,0,0.0,True,False
ThreadAwarePriority,MT4_PERSISTENT_MONITORING,VEHICLE_MOUNTED,NOMINAL,6,28,28,1.0,False,True
GroundOnly,MT4_PERSISTENT_MONITORING,VEHICLE_MOUNTED,NOMINAL,7,0,0,0.0,True,False
CompressedFull,MT4_PERSISTENT_MONITORING,VEHICLE_MOUNTED,NOMINAL,7,0,0,0.0,True,False
QuicklookFirst,MT4_PERSISTENT_MONITORING,VEHICLE_MOUNTED,NOMINAL,7,0,0,0.0,True,False
RoiFirst,MT4_PERSISTENT_MONITORING,VEHICLE_MOUNTED,NOMINAL,7,0,0,0.0,True,False
Progressive,MT4_PERSISTENT_MONITORING,VEHICLE_MOUNTED,NOMINAL,7,28,28,1.0,False,True
ContactAware,MT4_PERSISTENT_MONITORING,VEHICLE_MOUNTED,NOMINAL,7,0,0,0.0,True,False
ThreadAwarePriority,MT4_PERSISTENT_MONITORING,VEHICLE_MOUNTED,NOMINAL,7,28,28,1.0,False,True
GroundOnly,MT4_PERSISTENT_MONITORING,VEHICLE_MOUNTED,NOMINAL,8,0,0,0.0,True,False
CompressedFull,MT4_PERSISTENT_MONITORING,VEHICLE_MOUNTED,NOMINAL,8,0,0,0.0,True,False
QuicklookFirst,MT4_PERSISTENT_MONITORING,VEHICLE_MOUNTED,NOMINAL,8,0,0,0.0,True,False
RoiFirst,MT4_PERSISTENT_MONITORING,VEHICLE_MOUNTED,NOMINAL,8,0,0,0.0,True,False
Progressive,MT4_PERSISTENT_MONITORING,VEHICLE_MOUNTED,NOMINAL,8,28,28,1.0,False,True
ContactAware,MT4_PERSISTENT_MONITORING,VEHICLE_MOUNTED,NOMINAL,8,0,0,0.0,True,False
ThreadAwarePriority,MT4_PERSISTENT_MONITORING,VEHICLE_MOUNTED,NOMINAL,8,28,28,1.0,False,True
GroundOnly,MT4_PERSISTENT_MONITORING,VEHICLE_MOUNTED,NOMINAL,9,0,0,0.0,True,False
CompressedFull,MT4_PERSISTENT_MONITORING,VEHICLE_MOUNTED,NOMINAL,9,0,0,0.0,True,False
QuicklookFirst,MT4_PERSISTENT_MONITORING,VEHICLE_MOUNTED,NOMINAL,9,0,0,0.0,True,False
RoiFirst,MT4_PERSISTENT_MONITORING,VEHICLE_MOUNTED,NOMINAL,9,0,0,0.0,True,False
Progressive,MT4_PERSISTENT_MONITORING,VEHICLE_MOUNTED,NOMINAL,9,28,28,1.0,False,True
ContactAware,MT4_PERSISTENT_MONITORING,VEHICLE_MOUNTED,NOMINAL,9,0,0,0.0,True,False
ThreadAwarePriority,MT4_PERSISTENT_MONITORING,VEHICLE_MOUNTED,NOMINAL,9,28,28,1.0,False,True
GroundOnly,MT4_PERSISTENT_MONITORING,VEHICLE_MOUNTED,NOMINAL,10,0,0,0.0,True,False
CompressedFull,MT4_PERSISTENT_MONITORING,VEHICLE_MOUNTED,NOMINAL,10,0,0,0.0,True,False
QuicklookFirst,MT4_PERSISTENT_MONITORING,VEHICLE_MOUNTED,NOMINAL,10,0,0,0.0,True,False
RoiFirst,MT4_PERSISTENT_MONITORING,VEHICLE_MOUNTED,NOMINAL,10,0,0,0.0,True,False
Progressive,MT4_PERSISTENT_MONITORING,VEHICLE_MOUNTED,NOMINAL,10,28,28,1.0,False,True
ContactAware,MT4_PERSISTENT_MONITORING,VEHICLE_MOUNTED,NOMINAL,10,0,0,0.0,True,False
ThreadAwarePriority,MT4_PERSISTENT_MONITORING,VEHICLE_MOUNTED,NOMINAL,10,28,28,1.0,False,True
GroundOnly,MT4_PERSISTENT_MONITORING,VEHICLE_MOUNTED,NOMINAL,11,0,0,0.0,True,False
CompressedFull,MT4_PERSISTENT_MONITORING,VEHICLE_MOUNTED,NOMINAL,11,0,0,0.0,True,False
QuicklookFirst,MT4_PERSISTENT_MONITORING,VEHICLE_MOUNTED,NOMINAL,11,0,0,0.0,True,False
RoiFirst,MT4_PERSISTENT_MONITORING,VEHICLE_MOUNTED,NOMINAL,11,0,0,0.0,True,False
Progressive,MT4_PERSISTENT_MONITORING,VEHICLE_MOUNTED,NOMINAL,11,28,28,1.0,False,True
ContactAware,MT4_PERSISTENT_MONITORING,VEHICLE_MOUNTED,NOMINAL,11,0,0,0.0,True,False
ThreadAwarePriority,MT4_PERSISTENT_MONITORING,VEHICLE_MOUNTED,NOMINAL,11,28,28,1.0,False,True
GroundOnly,MT4_PERSISTENT_MONITORING,VEHICLE_MOUNTED,NOMINAL,12,0,0,0.0,True,False
CompressedFull,MT4_PERSISTENT_MONITORING,VEHICLE_MOUNTED,NOMINAL,12,0,0,0.0,True,False
QuicklookFirst,MT4_PERSISTENT_MONITORING,VEHICLE_MOUNTED,NOMINAL,12,0,0,0.0,True,False
RoiFirst,MT4_PERSISTENT_MONITORING,VEHICLE_MOUNTED,NOMINAL,12,0,0,0.0,True,False
Progressive,MT4_PERSISTENT_MONITORING,VEHICLE_MOUNTED,NOMINAL,12,28,28,1.0,False,True
ContactAware,MT4_PERSISTENT_MONITORING,VEHICLE_MOUNTED,NOMINAL,12,0,0,0.0,True,False
ThreadAwarePriority,MT4_PERSISTENT_MONITORING,VEHICLE_MOUNTED,NOMINAL,12,28,28,1.0,False,True
GroundOnly,MT4_PERSISTENT_MONITORING,VEHICLE_MOUNTED,NOMINAL,13,0,0,0.0,True,False
CompressedFull,MT4_PERSISTENT_MONITORING,VEHICLE_MOUNTED,NOMINAL,13,0,0,0.0,True,False
QuicklookFirst,MT4_PERSISTENT_MONITORING,VEHICLE_MOUNTED,NOMINAL,13,0,0,0.0,True,False
RoiFirst,MT4_PERSISTENT_MONITORING,VEHICLE_MOUNTED,NOMINAL,13,0,0,0.0,True,False
Progressive,MT4_PERSISTENT_MONITORING,VEHICLE_MOUNTED,NOMINAL,13,28,28,1.0,False,True
ContactAware,MT4_PERSISTENT_MONITORING,VEHICLE_MOUNTED,NOMINAL,13,0,0,0.0,True,False
ThreadAwarePriority,MT4_PERSISTENT_MONITORING,VEHICLE_MOUNTED,NOMINAL,13,28,28,1.0,False,True
GroundOnly,MT4_PERSISTENT_MONITORING,VEHICLE_MOUNTED,NOMINAL,14,0,0,0.0,True,False
CompressedFull,MT4_PERSISTENT_MONITORING,VEHICLE_MOUNTED,NOMINAL,14,0,0,0.0,True,False
QuicklookFirst,MT4_PERSISTENT_MONITORING,VEHICLE_MOUNTED,NOMINAL,14,0,0,0.0,True,False
RoiFirst,MT4_PERSISTENT_MONITORING,VEHICLE_MOUNTED,NOMINAL,14,0,0,0.0,True,False
Progressive,MT4_PERSISTENT_MONITORING,VEHICLE_MOUNTED,NOMINAL,14,28,28,1.0,False,True
ContactAware,MT4_PERSISTENT_MONITORING,VEHICLE_MOUNTED,NOMINAL,14,0,0,0.0,True,False
ThreadAwarePriority,MT4_PERSISTENT_MONITORING,VEHICLE_MOUNTED,NOMINAL,14,28,28,1.0,False,True
GroundOnly,MT4_PERSISTENT_MONITORING,VEHICLE_MOUNTED,NOMINAL,15,0,0,0.0,True,False
CompressedFull,MT4_PERSISTENT_MONITORING,VEHICLE_MOUNTED,NOMINAL,15,0,0,0.0,True,False
QuicklookFirst,MT4_PERSISTENT_MONITORING,VEHICLE_MOUNTED,NOMINAL,15,0,0,0.0,True,False
RoiFirst,MT4_PERSISTENT_MONITORING,VEHICLE_MOUNTED,NOMINAL,15,0,0,0.0,True,False
Progressive,MT4_PERSISTENT_MONITORING,VEHICLE_MOUNTED,NOMINAL,15,28,28,1.0,False,True
ContactAware,MT4_PERSISTENT_MONITORING,VEHICLE_MOUNTED,NOMINAL,15,0,0,0.0,True,False
ThreadAwarePriority,MT4_PERSISTENT_MONITORING,VEHICLE_MOUNTED,NOMINAL,15,28,28,1.0,False,True
GroundOnly,MT4_PERSISTENT_MONITORING,VEHICLE_MOUNTED,NOMINAL,16,0,0,0.0,True,False
CompressedFull,MT4_PERSISTENT_MONITORING,VEHICLE_MOUNTED,NOMINAL,16,0,0,0.0,True,False
QuicklookFirst,MT4_PERSISTENT_MONITORING,VEHICLE_MOUNTED,NOMINAL,16,0,0,0.0,True,False
RoiFirst,MT4_PERSISTENT_MONITORING,VEHICLE_MOUNTED,NOMINAL,16,0,0,0.0,True,False
Progressive,MT4_PERSISTENT_MONITORING,VEHICLE_MOUNTED,NOMINAL,16,28,28,1.0,False,True
ContactAware,MT4_PERSISTENT_MONITORING,VEHICLE_MOUNTED,NOMINAL,16,0,0,0.0,True,False
ThreadAwarePriority,MT4_PERSISTENT_MONITORING,VEHICLE_MOUNTED,NOMINAL,16,28,28,1.0,False,True
GroundOnly,MT4_PERSISTENT_MONITORING,VEHICLE_MOUNTED,NOMINAL,17,0,0,0.0,True,False
CompressedFull,MT4_PERSISTENT_MONITORING,VEHICLE_MOUNTED,NOMINAL,17,0,0,0.0,True,False
QuicklookFirst,MT4_PERSISTENT_MONITORING,VEHICLE_MOUNTED,NOMINAL,17,0,0,0.0,True,False
RoiFirst,MT4_PERSISTENT_MONITORING,VEHICLE_MOUNTED,NOMINAL,17,0,0,0.0,True,False
Progressive,MT4_PERSISTENT_MONITORING,VEHICLE_MOUNTED,NOMINAL,17,28,28,1.0,False,True
ContactAware,MT4_PERSISTENT_MONITORING,VEHICLE_MOUNTED,NOMINAL,17,0,0,0.0,True,False
ThreadAwarePriority,MT4_PERSISTENT_MONITORING,VEHICLE_MOUNTED,NOMINAL,17,28,28,1.0,False,True
GroundOnly,MT4_PERSISTENT_MONITORING,VEHICLE_MOUNTED,NOMINAL,18,0,0,0.0,True,False
CompressedFull,MT4_PERSISTENT_MONITORING,VEHICLE_MOUNTED,NOMINAL,18,0,0,0.0,True,False
QuicklookFirst,MT4_PERSISTENT_MONITORING,VEHICLE_MOUNTED,NOMINAL,18,0,0,0.0,True,False
RoiFirst,MT4_PERSISTENT_MONITORING,VEHICLE_MOUNTED,NOMINAL,18,0,0,0.0,True,False
Progressive,MT4_PERSISTENT_MONITORING,VEHICLE_MOUNTED,NOMINAL,18,28,28,1.0,False,True
ContactAware,MT4_PERSISTENT_MONITORING,VEHICLE_MOUNTED,NOMINAL,18,0,0,0.0,True,False
ThreadAwarePriority,MT4_PERSISTENT_MONITORING,VEHICLE_MOUNTED,NOMINAL,18,28,28,1.0,False,True
GroundOnly,MT4_PERSISTENT_MONITORING,VEHICLE_MOUNTED,NOMINAL,19,0,0,0.0,True,False
CompressedFull,MT4_PERSISTENT_MONITORING,VEHICLE_MOUNTED,NOMINAL,19,0,0,0.0,True,False
QuicklookFirst,MT4_PERSISTENT_MONITORING,VEHICLE_MOUNTED,NOMINAL,19,0,0,0.0,True,False
RoiFirst,MT4_PERSISTENT_MONITORING,VEHICLE_MOUNTED,NOMINAL,19,0,0,0.0,True,False
Progressive,MT4_PERSISTENT_MONITORING,VEHICLE_MOUNTED,NOMINAL,19,28,28,1.0,False,True
ContactAware,MT4_PERSISTENT_MONITORING,VEHICLE_MOUNTED,NOMINAL,19,0,0,0.0,True,False
ThreadAwarePriority,MT4_PERSISTENT_MONITORING,VEHICLE_MOUNTED,NOMINAL,19,28,28,1.0,False,True
GroundOnly,MT4_PERSISTENT_MONITORING,VEHICLE_MOUNTED,NOMINAL,20,0,0,0.0,True,False
CompressedFull,MT4_PERSISTENT_MONITORING,VEHICLE_MOUNTED,NOMINAL,20,0,0,0.0,True,False
QuicklookFirst,MT4_PERSISTENT_MONITORING,VEHICLE_MOUNTED,NOMINAL,20,0,0,0.0,True,False
RoiFirst,MT4_PERSISTENT_MONITORING,VEHICLE_MOUNTED,NOMINAL,20,0,0,0.0,True,False
Progressive,MT4_PERSISTENT_MONITORING,VEHICLE_MOUNTED,NOMINAL,20,28,28,1.0,False,True
ContactAware,MT4_PERSISTENT_MONITORING,VEHICLE_MOUNTED,NOMINAL,20,0,0,0.0,True,False
ThreadAwarePriority,MT4_PERSISTENT_MONITORING,VEHICLE_MOUNTED,NOMINAL,20,28,28,1.0,False,True
GroundOnly,MT4_PERSISTENT_MONITORING,VEHICLE_MOUNTED,NOMINAL,21,0,0,0.0,True,False
CompressedFull,MT4_PERSISTENT_MONITORING,VEHICLE_MOUNTED,NOMINAL,21,0,0,0.0,True,False
QuicklookFirst,MT4_PERSISTENT_MONITORING,VEHICLE_MOUNTED,NOMINAL,21,0,0,0.0,True,False
RoiFirst,MT4_PERSISTENT_MONITORING,VEHICLE_MOUNTED,NOMINAL,21,0,0,0.0,True,False
Progressive,MT4_PERSISTENT_MONITORING,VEHICLE_MOUNTED,NOMINAL,21,28,28,1.0,False,True
ContactAware,MT4_PERSISTENT_MONITORING,VEHICLE_MOUNTED,NOMINAL,21,0,0,0.0,True,False
ThreadAwarePriority,MT4_PERSISTENT_MONITORING,VEHICLE_MOUNTED,NOMINAL,21,28,28,1.0,False,True
GroundOnly,MT4_PERSISTENT_MONITORING,VEHICLE_MOUNTED,NOMINAL,22,0,0,0.0,True,False
CompressedFull,MT4_PERSISTENT_MONITORING,VEHICLE_MOUNTED,NOMINAL,22,0,0,0.0,True,False
QuicklookFirst,MT4_PERSISTENT_MONITORING,VEHICLE_MOUNTED,NOMINAL,22,0,0,0.0,True,False
RoiFirst,MT4_PERSISTENT_MONITORING,VEHICLE_MOUNTED,NOMINAL,22,0,0,0.0,True,False
Progressive,MT4_PERSISTENT_MONITORING,VEHICLE_MOUNTED,NOMINAL,22,28,28,1.0,False,True
ContactAware,MT4_PERSISTENT_MONITORING,VEHICLE_MOUNTED,NOMINAL,22,0,0,0.0,True,False
ThreadAwarePriority,MT4_PERSISTENT_MONITORING,VEHICLE_MOUNTED,NOMINAL,22,28,28,1.0,False,True
GroundOnly,MT4_PERSISTENT_MONITORING,VEHICLE_MOUNTED,NOMINAL,23,0,0,0.0,True,False
CompressedFull,MT4_PERSISTENT_MONITORING,VEHICLE_MOUNTED,NOMINAL,23,0,0,0.0,True,False
QuicklookFirst,MT4_PERSISTENT_MONITORING,VEHICLE_MOUNTED,NOMINAL,23,0,0,0.0,True,False
RoiFirst,MT4_PERSISTENT_MONITORING,VEHICLE_MOUNTED,NOMINAL,23,0,0,0.0,True,False
Progressive,MT4_PERSISTENT_MONITORING,VEHICLE_MOUNTED,NOMINAL,23,28,28,1.0,False,True
ContactAware,MT4_PERSISTENT_MONITORING,VEHICLE_MOUNTED,NOMINAL,23,0,0,0.0,True,False
ThreadAwarePriority,MT4_PERSISTENT_MONITORING,VEHICLE_MOUNTED,NOMINAL,23,28,28,1.0,False,True
GroundOnly,MT4_PERSISTENT_MONITORING,VEHICLE_MOUNTED,NOMINAL,24,0,0,0.0,True,False
CompressedFull,MT4_PERSISTENT_MONITORING,VEHICLE_MOUNTED,NOMINAL,24,0,0,0.0,True,False
QuicklookFirst,MT4_PERSISTENT_MONITORING,VEHICLE_MOUNTED,NOMINAL,24,0,0,0.0,True,False
RoiFirst,MT4_PERSISTENT_MONITORING,VEHICLE_MOUNTED,NOMINAL,24,0,0,0.0,True,False
Progressive,MT4_PERSISTENT_MONITORING,VEHICLE_MOUNTED,NOMINAL,24,28,28,1.0,False,True
ContactAware,MT4_PERSISTENT_MONITORING,VEHICLE_MOUNTED,NOMINAL,24,0,0,0.0,True,False
ThreadAwarePriority,MT4_PERSISTENT_MONITORING,VEHICLE_MOUNTED,NOMINAL,24,28,28,1.0,False,True
GroundOnly,MT4_PERSISTENT_MONITORING,VEHICLE_MOUNTED,NOMINAL,25,0,0,0.0,True,False
CompressedFull,MT4_PERSISTENT_MONITORING,VEHICLE_MOUNTED,NOMINAL,25,0,0,0.0,True,False
QuicklookFirst,MT4_PERSISTENT_MONITORING,VEHICLE_MOUNTED,NOMINAL,25,0,0,0.0,True,False
RoiFirst,MT4_PERSISTENT_MONITORING,VEHICLE_MOUNTED,NOMINAL,25,0,0,0.0,True,False
Progressive,MT4_PERSISTENT_MONITORING,VEHICLE_MOUNTED,NOMINAL,25,28,28,1.0,False,True
ContactAware,MT4_PERSISTENT_MONITORING,VEHICLE_MOUNTED,NOMINAL,25,0,0,0.0,True,False
ThreadAwarePriority,MT4_PERSISTENT_MONITORING,VEHICLE_MOUNTED,NOMINAL,25,28,28,1.0,False,True
GroundOnly,MT4_PERSISTENT_MONITORING,VEHICLE_MOUNTED,NOMINAL,26,0,0,0.0,True,False
CompressedFull,MT4_PERSISTENT_MONITORING,VEHICLE_MOUNTED,NOMINAL,26,0,0,0.0,True,False
QuicklookFirst,MT4_PERSISTENT_MONITORING,VEHICLE_MOUNTED,NOMINAL,26,0,0,0.0,True,False
RoiFirst,MT4_PERSISTENT_MONITORING,VEHICLE_MOUNTED,NOMINAL,26,0,0,0.0,True,False
Progressive,MT4_PERSISTENT_MONITORING,VEHICLE_MOUNTED,NOMINAL,26,28,28,1.0,False,True
ContactAware,MT4_PERSISTENT_MONITORING,VEHICLE_MOUNTED,NOMINAL,26,0,0,0.0,True,False
ThreadAwarePriority,MT4_PERSISTENT_MONITORING,VEHICLE_MOUNTED,NOMINAL,26,28,28,1.0,False,True
GroundOnly,MT4_PERSISTENT_MONITORING,VEHICLE_MOUNTED,NOMINAL,27,0,0,0.0,True,False
CompressedFull,MT4_PERSISTENT_MONITORING,VEHICLE_MOUNTED,NOMINAL,27,0,0,0.0,True,False
QuicklookFirst,MT4_PERSISTENT_MONITORING,VEHICLE_MOUNTED,NOMINAL,27,0,0,0.0,True,False
RoiFirst,MT4_PERSISTENT_MONITORING,VEHICLE_MOUNTED,NOMINAL,27,0,0,0.0,True,False
Progressive,MT4_PERSISTENT_MONITORING,VEHICLE_MOUNTED,NOMINAL,27,28,28,1.0,False,True
ContactAware,MT4_PERSISTENT_MONITORING,VEHICLE_MOUNTED,NOMINAL,27,0,0,0.0,True,False
ThreadAwarePriority,MT4_PERSISTENT_MONITORING,VEHICLE_MOUNTED,NOMINAL,27,28,28,1.0,False,True
GroundOnly,MT4_PERSISTENT_MONITORING,VEHICLE_MOUNTED,NOMINAL,28,0,0,0.0,True,False
CompressedFull,MT4_PERSISTENT_MONITORING,VEHICLE_MOUNTED,NOMINAL,28,0,0,0.0,True,False
QuicklookFirst,MT4_PERSISTENT_MONITORING,VEHICLE_MOUNTED,NOMINAL,28,0,0,0.0,True,False
RoiFirst,MT4_PERSISTENT_MONITORING,VEHICLE_MOUNTED,NOMINAL,28,0,0,0.0,True,False
Progressive,MT4_PERSISTENT_MONITORING,VEHICLE_MOUNTED,NOMINAL,28,28,28,1.0,False,True
ContactAware,MT4_PERSISTENT_MONITORING,VEHICLE_MOUNTED,NOMINAL,28,0,0,0.0,True,False
ThreadAwarePriority,MT4_PERSISTENT_MONITORING,VEHICLE_MOUNTED,NOMINAL,28,28,28,1.0,False,True
GroundOnly,MT4_PERSISTENT_MONITORING,VEHICLE_MOUNTED,NOMINAL,29,0,0,0.0,True,False
CompressedFull,MT4_PERSISTENT_MONITORING,VEHICLE_MOUNTED,NOMINAL,29,0,0,0.0,True,False
QuicklookFirst,MT4_PERSISTENT_MONITORING,VEHICLE_MOUNTED,NOMINAL,29,0,0,0.0,True,False
RoiFirst,MT4_PERSISTENT_MONITORING,VEHICLE_MOUNTED,NOMINAL,29,0,0,0.0,True,False
Progressive,MT4_PERSISTENT_MONITORING,VEHICLE_MOUNTED,NOMINAL,29,28,28,1.0,False,True
ContactAware,MT4_PERSISTENT_MONITORING,VEHICLE_MOUNTED,NOMINAL,29,0,0,0.0,True,False
ThreadAwarePriority,MT4_PERSISTENT_MONITORING,VEHICLE_MOUNTED,NOMINAL,29,28,28,1.0,False,True
GroundOnly,MT4_PERSISTENT_MONITORING,VEHICLE_MOUNTED,INTERFERENCE,0,0,0,0.0,True,False
CompressedFull,MT4_PERSISTENT_MONITORING,VEHICLE_MOUNTED,INTERFERENCE,0,0,0,0.0,True,False
QuicklookFirst,MT4_PERSISTENT_MONITORING,VEHICLE_MOUNTED,INTERFERENCE,0,0,0,0.0,True,False
RoiFirst,MT4_PERSISTENT_MONITORING,VEHICLE_MOUNTED,INTERFERENCE,0,0,0,0.0,True,False
Progressive,MT4_PERSISTENT_MONITORING,VEHICLE_MOUNTED,INTERFERENCE,0,28,28,1.0,False,True
ContactAware,MT4_PERSISTENT_MONITORING,VEHICLE_MOUNTED,INTERFERENCE,0,0,0,0.0,True,False
ThreadAwarePriority,MT4_PERSISTENT_MONITORING,VEHICLE_MOUNTED,INTERFERENCE,0,28,28,1.0,False,True
GroundOnly,MT4_PERSISTENT_MONITORING,VEHICLE_MOUNTED,INTERFERENCE,1,0,0,0.0,True,False
CompressedFull,MT4_PERSISTENT_MONITORING,VEHICLE_MOUNTED,INTERFERENCE,1,0,0,0.0,True,False
QuicklookFirst,MT4_PERSISTENT_MONITORING,VEHICLE_MOUNTED,INTERFERENCE,1,0,0,0.0,True,False
RoiFirst,MT4_PERSISTENT_MONITORING,VEHICLE_MOUNTED,INTERFERENCE,1,0,0,0.0,True,False
Progressive,MT4_PERSISTENT_MONITORING,VEHICLE_MOUNTED,INTERFERENCE,1,28,28,1.0,False,True
ContactAware,MT4_PERSISTENT_MONITORING,VEHICLE_MOUNTED,INTERFERENCE,1,0,0,0.0,True,False
ThreadAwarePriority,MT4_PERSISTENT_MONITORING,VEHICLE_MOUNTED,INTERFERENCE,1,28,28,1.0,False,True
GroundOnly,MT4_PERSISTENT_MONITORING,VEHICLE_MOUNTED,INTERFERENCE,2,0,0,0.0,True,False
CompressedFull,MT4_PERSISTENT_MONITORING,VEHICLE_MOUNTED,INTERFERENCE,2,0,0,0.0,True,False
QuicklookFirst,MT4_PERSISTENT_MONITORING,VEHICLE_MOUNTED,INTERFERENCE,2,0,0,0.0,True,False
RoiFirst,MT4_PERSISTENT_MONITORING,VEHICLE_MOUNTED,INTERFERENCE,2,0,0,0.0,True,False
Progressive,MT4_PERSISTENT_MONITORING,VEHICLE_MOUNTED,INTERFERENCE,2,28,28,1.0,False,True
ContactAware,MT4_PERSISTENT_MONITORING,VEHICLE_MOUNTED,INTERFERENCE,2,0,0,0.0,True,False
ThreadAwarePriority,MT4_PERSISTENT_MONITORING,VEHICLE_MOUNTED,INTERFERENCE,2,28,28,1.0,False,True
GroundOnly,MT4_PERSISTENT_MONITORING,VEHICLE_MOUNTED,INTERFERENCE,3,0,0,0.0,True,False
CompressedFull,MT4_PERSISTENT_MONITORING,VEHICLE_MOUNTED,INTERFERENCE,3,0,0,0.0,True,False
QuicklookFirst,MT4_PERSISTENT_MONITORING,VEHICLE_MOUNTED,INTERFERENCE,3,0,0,0.0,True,False
RoiFirst,MT4_PERSISTENT_MONITORING,VEHICLE_MOUNTED,INTERFERENCE,3,0,0,0.0,True,False
Progressive,MT4_PERSISTENT_MONITORING,VEHICLE_MOUNTED,INTERFERENCE,3,28,28,1.0,False,True
ContactAware,MT4_PERSISTENT_MONITORING,VEHICLE_MOUNTED,INTERFERENCE,3,0,0,0.0,True,False
ThreadAwarePriority,MT4_PERSISTENT_MONITORING,VEHICLE_MOUNTED,INTERFERENCE,3,28,28,1.0,False,True
GroundOnly,MT4_PERSISTENT_MONITORING,VEHICLE_MOUNTED,INTERFERENCE,4,0,0,0.0,True,False
CompressedFull,MT4_PERSISTENT_MONITORING,VEHICLE_MOUNTED,INTERFERENCE,4,0,0,0.0,True,False
QuicklookFirst,MT4_PERSISTENT_MONITORING,VEHICLE_MOUNTED,INTERFERENCE,4,0,0,0.0,True,False
RoiFirst,MT4_PERSISTENT_MONITORING,VEHICLE_MOUNTED,INTERFERENCE,4,0,0,0.0,True,False
Progressive,MT4_PERSISTENT_MONITORING,VEHICLE_MOUNTED,INTERFERENCE,4,28,28,1.0,False,True
ContactAware,MT4_PERSISTENT_MONITORING,VEHICLE_MOUNTED,INTERFERENCE,4,0,0,0.0,True,False
ThreadAwarePriority,MT4_PERSISTENT_MONITORING,VEHICLE_MOUNTED,INTERFERENCE,4,28,28,1.0,False,True
GroundOnly,MT4_PERSISTENT_MONITORING,VEHICLE_MOUNTED,INTERFERENCE,5,0,0,0.0,True,False
CompressedFull,MT4_PERSISTENT_MONITORING,VEHICLE_MOUNTED,INTERFERENCE,5,0,0,0.0,True,False
QuicklookFirst,MT4_PERSISTENT_MONITORING,VEHICLE_MOUNTED,INTERFERENCE,5,0,0,0.0,True,False
RoiFirst,MT4_PERSISTENT_MONITORING,VEHICLE_MOUNTED,INTERFERENCE,5,0,0,0.0,True,False
Progressive,MT4_PERSISTENT_MONITORING,VEHICLE_MOUNTED,INTERFERENCE,5,28,28,1.0,False,True
ContactAware,MT4_PERSISTENT_MONITORING,VEHICLE_MOUNTED,INTERFERENCE,5,0,0,0.0,True,False
ThreadAwarePriority,MT4_PERSISTENT_MONITORING,VEHICLE_MOUNTED,INTERFERENCE,5,28,28,1.0,False,True
GroundOnly,MT4_PERSISTENT_MONITORING,VEHICLE_MOUNTED,INTERFERENCE,6,0,0,0.0,True,False
CompressedFull,MT4_PERSISTENT_MONITORING,VEHICLE_MOUNTED,INTERFERENCE,6,0,0,0.0,True,False
QuicklookFirst,MT4_PERSISTENT_MONITORING,VEHICLE_MOUNTED,INTERFERENCE,6,0,0,0.0,True,False
RoiFirst,MT4_PERSISTENT_MONITORING,VEHICLE_MOUNTED,INTERFERENCE,6,0,0,0.0,True,False
Progressive,MT4_PERSISTENT_MONITORING,VEHICLE_MOUNTED,INTERFERENCE,6,28,28,1.0,False,True
ContactAware,MT4_PERSISTENT_MONITORING,VEHICLE_MOUNTED,INTERFERENCE,6,0,0,0.0,True,False
ThreadAwarePriority,MT4_PERSISTENT_MONITORING,VEHICLE_MOUNTED,INTERFERENCE,6,28,28,1.0,False,True
GroundOnly,MT4_PERSISTENT_MONITORING,VEHICLE_MOUNTED,INTERFERENCE,7,0,0,0.0,True,False
CompressedFull,MT4_PERSISTENT_MONITORING,VEHICLE_MOUNTED,INTERFERENCE,7,0,0,0.0,True,False
QuicklookFirst,MT4_PERSISTENT_MONITORING,VEHICLE_MOUNTED,INTERFERENCE,7,0,0,0.0,True,False
RoiFirst,MT4_PERSISTENT_MONITORING,VEHICLE_MOUNTED,INTERFERENCE,7,0,0,0.0,True,False
Progressive,MT4_PERSISTENT_MONITORING,VEHICLE_MOUNTED,INTERFERENCE,7,28,28,1.0,False,True
ContactAware,MT4_PERSISTENT_MONITORING,VEHICLE_MOUNTED,INTERFERENCE,7,0,0,0.0,True,False
ThreadAwarePriority,MT4_PERSISTENT_MONITORING,VEHICLE_MOUNTED,INTERFERENCE,7,28,28,1.0,False,True
GroundOnly,MT4_PERSISTENT_MONITORING,VEHICLE_MOUNTED,INTERFERENCE,8,0,0,0.0,True,False
CompressedFull,MT4_PERSISTENT_MONITORING,VEHICLE_MOUNTED,INTERFERENCE,8,0,0,0.0,True,False
QuicklookFirst,MT4_PERSISTENT_MONITORING,VEHICLE_MOUNTED,INTERFERENCE,8,0,0,0.0,True,False
RoiFirst,MT4_PERSISTENT_MONITORING,VEHICLE_MOUNTED,INTERFERENCE,8,0,0,0.0,True,False
Progressive,MT4_PERSISTENT_MONITORING,VEHICLE_MOUNTED,INTERFERENCE,8,28,28,1.0,False,True
ContactAware,MT4_PERSISTENT_MONITORING,VEHICLE_MOUNTED,INTERFERENCE,8,0,0,0.0,True,False
ThreadAwarePriority,MT4_PERSISTENT_MONITORING,VEHICLE_MOUNTED,INTERFERENCE,8,28,28,1.0,False,True
GroundOnly,MT4_PERSISTENT_MONITORING,VEHICLE_MOUNTED,INTERFERENCE,9,0,0,0.0,True,False
CompressedFull,MT4_PERSISTENT_MONITORING,VEHICLE_MOUNTED,INTERFERENCE,9,0,0,0.0,True,False
QuicklookFirst,MT4_PERSISTENT_MONITORING,VEHICLE_MOUNTED,INTERFERENCE,9,0,0,0.0,True,False
RoiFirst,MT4_PERSISTENT_MONITORING,VEHICLE_MOUNTED,INTERFERENCE,9,0,0,0.0,True,False
Progressive,MT4_PERSISTENT_MONITORING,VEHICLE_MOUNTED,INTERFERENCE,9,28,28,1.0,False,True
ContactAware,MT4_PERSISTENT_MONITORING,VEHICLE_MOUNTED,INTERFERENCE,9,0,0,0.0,True,False
ThreadAwarePriority,MT4_PERSISTENT_MONITORING,VEHICLE_MOUNTED,INTERFERENCE,9,28,28,1.0,False,True
GroundOnly,MT4_PERSISTENT_MONITORING,VEHICLE_MOUNTED,INTERFERENCE,10,0,0,0.0,True,False
CompressedFull,MT4_PERSISTENT_MONITORING,VEHICLE_MOUNTED,INTERFERENCE,10,0,0,0.0,True,False
QuicklookFirst,MT4_PERSISTENT_MONITORING,VEHICLE_MOUNTED,INTERFERENCE,10,0,0,0.0,True,False
RoiFirst,MT4_PERSISTENT_MONITORING,VEHICLE_MOUNTED,INTERFERENCE,10,0,0,0.0,True,False
Progressive,MT4_PERSISTENT_MONITORING,VEHICLE_MOUNTED,INTERFERENCE,10,28,28,1.0,False,True
ContactAware,MT4_PERSISTENT_MONITORING,VEHICLE_MOUNTED,INTERFERENCE,10,0,0,0.0,True,False
ThreadAwarePriority,MT4_PERSISTENT_MONITORING,VEHICLE_MOUNTED,INTERFERENCE,10,28,28,1.0,False,True
GroundOnly,MT4_PERSISTENT_MONITORING,VEHICLE_MOUNTED,INTERFERENCE,11,0,0,0.0,True,False
CompressedFull,MT4_PERSISTENT_MONITORING,VEHICLE_MOUNTED,INTERFERENCE,11,0,0,0.0,True,False
QuicklookFirst,MT4_PERSISTENT_MONITORING,VEHICLE_MOUNTED,INTERFERENCE,11,0,0,0.0,True,False
RoiFirst,MT4_PERSISTENT_MONITORING,VEHICLE_MOUNTED,INTERFERENCE,11,0,0,0.0,True,False
Progressive,MT4_PERSISTENT_MONITORING,VEHICLE_MOUNTED,INTERFERENCE,11,28,28,1.0,False,True
ContactAware,MT4_PERSISTENT_MONITORING,VEHICLE_MOUNTED,INTERFERENCE,11,0,0,0.0,True,False
ThreadAwarePriority,MT4_PERSISTENT_MONITORING,VEHICLE_MOUNTED,INTERFERENCE,11,28,28,1.0,False,True
GroundOnly,MT4_PERSISTENT_MONITORING,VEHICLE_MOUNTED,INTERFERENCE,12,0,0,0.0,True,False
CompressedFull,MT4_PERSISTENT_MONITORING,VEHICLE_MOUNTED,INTERFERENCE,12,0,0,0.0,True,False
QuicklookFirst,MT4_PERSISTENT_MONITORING,VEHICLE_MOUNTED,INTERFERENCE,12,0,0,0.0,True,False
RoiFirst,MT4_PERSISTENT_MONITORING,VEHICLE_MOUNTED,INTERFERENCE,12,0,0,0.0,True,False
Progressive,MT4_PERSISTENT_MONITORING,VEHICLE_MOUNTED,INTERFERENCE,12,28,28,1.0,False,True
ContactAware,MT4_PERSISTENT_MONITORING,VEHICLE_MOUNTED,INTERFERENCE,12,0,0,0.0,True,False
ThreadAwarePriority,MT4_PERSISTENT_MONITORING,VEHICLE_MOUNTED,INTERFERENCE,12,28,28,1.0,False,True
GroundOnly,MT4_PERSISTENT_MONITORING,VEHICLE_MOUNTED,INTERFERENCE,13,0,0,0.0,True,False
CompressedFull,MT4_PERSISTENT_MONITORING,VEHICLE_MOUNTED,INTERFERENCE,13,0,0,0.0,True,False
QuicklookFirst,MT4_PERSISTENT_MONITORING,VEHICLE_MOUNTED,INTERFERENCE,13,0,0,0.0,True,False
RoiFirst,MT4_PERSISTENT_MONITORING,VEHICLE_MOUNTED,INTERFERENCE,13,0,0,0.0,True,False
Progressive,MT4_PERSISTENT_MONITORING,VEHICLE_MOUNTED,INTERFERENCE,13,28,28,1.0,False,True
ContactAware,MT4_PERSISTENT_MONITORING,VEHICLE_MOUNTED,INTERFERENCE,13,0,0,0.0,True,False
ThreadAwarePriority,MT4_PERSISTENT_MONITORING,VEHICLE_MOUNTED,INTERFERENCE,13,28,28,1.0,False,True
GroundOnly,MT4_PERSISTENT_MONITORING,VEHICLE_MOUNTED,INTERFERENCE,14,0,0,0.0,True,False
CompressedFull,MT4_PERSISTENT_MONITORING,VEHICLE_MOUNTED,INTERFERENCE,14,0,0,0.0,True,False
QuicklookFirst,MT4_PERSISTENT_MONITORING,VEHICLE_MOUNTED,INTERFERENCE,14,0,0,0.0,True,False
RoiFirst,MT4_PERSISTENT_MONITORING,VEHICLE_MOUNTED,INTERFERENCE,14,0,0,0.0,True,False
Progressive,MT4_PERSISTENT_MONITORING,VEHICLE_MOUNTED,INTERFERENCE,14,28,28,1.0,False,True
ContactAware,MT4_PERSISTENT_MONITORING,VEHICLE_MOUNTED,INTERFERENCE,14,0,0,0.0,True,False
ThreadAwarePriority,MT4_PERSISTENT_MONITORING,VEHICLE_MOUNTED,INTERFERENCE,14,28,28,1.0,False,True
GroundOnly,MT4_PERSISTENT_MONITORING,VEHICLE_MOUNTED,INTERFERENCE,15,0,0,0.0,True,False
CompressedFull,MT4_PERSISTENT_MONITORING,VEHICLE_MOUNTED,INTERFERENCE,15,0,0,0.0,True,False
QuicklookFirst,MT4_PERSISTENT_MONITORING,VEHICLE_MOUNTED,INTERFERENCE,15,0,0,0.0,True,False
RoiFirst,MT4_PERSISTENT_MONITORING,VEHICLE_MOUNTED,INTERFERENCE,15,0,0,0.0,True,False
Progressive,MT4_PERSISTENT_MONITORING,VEHICLE_MOUNTED,INTERFERENCE,15,28,28,1.0,False,True
ContactAware,MT4_PERSISTENT_MONITORING,VEHICLE_MOUNTED,INTERFERENCE,15,0,0,0.0,True,False
ThreadAwarePriority,MT4_PERSISTENT_MONITORING,VEHICLE_MOUNTED,INTERFERENCE,15,28,28,1.0,False,True
GroundOnly,MT4_PERSISTENT_MONITORING,VEHICLE_MOUNTED,INTERFERENCE,16,0,0,0.0,True,False
CompressedFull,MT4_PERSISTENT_MONITORING,VEHICLE_MOUNTED,INTERFERENCE,16,0,0,0.0,True,False
QuicklookFirst,MT4_PERSISTENT_MONITORING,VEHICLE_MOUNTED,INTERFERENCE,16,0,0,0.0,True,False
RoiFirst,MT4_PERSISTENT_MONITORING,VEHICLE_MOUNTED,INTERFERENCE,16,0,0,0.0,True,False
Progressive,MT4_PERSISTENT_MONITORING,VEHICLE_MOUNTED,INTERFERENCE,16,28,28,1.0,False,True
ContactAware,MT4_PERSISTENT_MONITORING,VEHICLE_MOUNTED,INTERFERENCE,16,0,0,0.0,True,False
ThreadAwarePriority,MT4_PERSISTENT_MONITORING,VEHICLE_MOUNTED,INTERFERENCE,16,28,28,1.0,False,True
GroundOnly,MT4_PERSISTENT_MONITORING,VEHICLE_MOUNTED,INTERFERENCE,17,0,0,0.0,True,False
CompressedFull,MT4_PERSISTENT_MONITORING,VEHICLE_MOUNTED,INTERFERENCE,17,0,0,0.0,True,False
QuicklookFirst,MT4_PERSISTENT_MONITORING,VEHICLE_MOUNTED,INTERFERENCE,17,0,0,0.0,True,False
RoiFirst,MT4_PERSISTENT_MONITORING,VEHICLE_MOUNTED,INTERFERENCE,17,0,0,0.0,True,False
Progressive,MT4_PERSISTENT_MONITORING,VEHICLE_MOUNTED,INTERFERENCE,17,28,28,1.0,False,True
ContactAware,MT4_PERSISTENT_MONITORING,VEHICLE_MOUNTED,INTERFERENCE,17,0,0,0.0,True,False
ThreadAwarePriority,MT4_PERSISTENT_MONITORING,VEHICLE_MOUNTED,INTERFERENCE,17,28,28,1.0,False,True
GroundOnly,MT4_PERSISTENT_MONITORING,VEHICLE_MOUNTED,INTERFERENCE,18,0,0,0.0,True,False
CompressedFull,MT4_PERSISTENT_MONITORING,VEHICLE_MOUNTED,INTERFERENCE,18,0,0,0.0,True,False
QuicklookFirst,MT4_PERSISTENT_MONITORING,VEHICLE_MOUNTED,INTERFERENCE,18,0,0,0.0,True,False
RoiFirst,MT4_PERSISTENT_MONITORING,VEHICLE_MOUNTED,INTERFERENCE,18,0,0,0.0,True,False
Progressive,MT4_PERSISTENT_MONITORING,VEHICLE_MOUNTED,INTERFERENCE,18,28,28,1.0,False,True
ContactAware,MT4_PERSISTENT_MONITORING,VEHICLE_MOUNTED,INTERFERENCE,18,0,0,0.0,True,False
ThreadAwarePriority,MT4_PERSISTENT_MONITORING,VEHICLE_MOUNTED,INTERFERENCE,18,28,28,1.0,False,True
GroundOnly,MT4_PERSISTENT_MONITORING,VEHICLE_MOUNTED,INTERFERENCE,19,0,0,0.0,True,False
CompressedFull,MT4_PERSISTENT_MONITORING,VEHICLE_MOUNTED,INTERFERENCE,19,0,0,0.0,True,False
QuicklookFirst,MT4_PERSISTENT_MONITORING,VEHICLE_MOUNTED,INTERFERENCE,19,0,0,0.0,True,False
RoiFirst,MT4_PERSISTENT_MONITORING,VEHICLE_MOUNTED,INTERFERENCE,19,0,0,0.0,True,False
Progressive,MT4_PERSISTENT_MONITORING,VEHICLE_MOUNTED,INTERFERENCE,19,28,28,1.0,False,True
ContactAware,MT4_PERSISTENT_MONITORING,VEHICLE_MOUNTED,INTERFERENCE,19,0,0,0.0,True,False
ThreadAwarePriority,MT4_PERSISTENT_MONITORING,VEHICLE_MOUNTED,INTERFERENCE,19,28,28,1.0,False,True
GroundOnly,MT4_PERSISTENT_MONITORING,VEHICLE_MOUNTED,INTERFERENCE,20,0,0,0.0,True,False
CompressedFull,MT4_PERSISTENT_MONITORING,VEHICLE_MOUNTED,INTERFERENCE,20,0,0,0.0,True,False
QuicklookFirst,MT4_PERSISTENT_MONITORING,VEHICLE_MOUNTED,INTERFERENCE,20,0,0,0.0,True,False
RoiFirst,MT4_PERSISTENT_MONITORING,VEHICLE_MOUNTED,INTERFERENCE,20,0,0,0.0,True,False
Progressive,MT4_PERSISTENT_MONITORING,VEHICLE_MOUNTED,INTERFERENCE,20,28,28,1.0,False,True
ContactAware,MT4_PERSISTENT_MONITORING,VEHICLE_MOUNTED,INTERFERENCE,20,0,0,0.0,True,False
ThreadAwarePriority,MT4_PERSISTENT_MONITORING,VEHICLE_MOUNTED,INTERFERENCE,20,28,28,1.0,False,True
GroundOnly,MT4_PERSISTENT_MONITORING,VEHICLE_MOUNTED,INTERFERENCE,21,0,0,0.0,True,False
CompressedFull,MT4_PERSISTENT_MONITORING,VEHICLE_MOUNTED,INTERFERENCE,21,0,0,0.0,True,False
QuicklookFirst,MT4_PERSISTENT_MONITORING,VEHICLE_MOUNTED,INTERFERENCE,21,0,0,0.0,True,False
RoiFirst,MT4_PERSISTENT_MONITORING,VEHICLE_MOUNTED,INTERFERENCE,21,0,0,0.0,True,False
Progressive,MT4_PERSISTENT_MONITORING,VEHICLE_MOUNTED,INTERFERENCE,21,28,28,1.0,False,True
ContactAware,MT4_PERSISTENT_MONITORING,VEHICLE_MOUNTED,INTERFERENCE,21,0,0,0.0,True,False
ThreadAwarePriority,MT4_PERSISTENT_MONITORING,VEHICLE_MOUNTED,INTERFERENCE,21,28,28,1.0,False,True
GroundOnly,MT4_PERSISTENT_MONITORING,VEHICLE_MOUNTED,INTERFERENCE,22,0,0,0.0,True,False
CompressedFull,MT4_PERSISTENT_MONITORING,VEHICLE_MOUNTED,INTERFERENCE,22,0,0,0.0,True,False
QuicklookFirst,MT4_PERSISTENT_MONITORING,VEHICLE_MOUNTED,INTERFERENCE,22,0,0,0.0,True,False
RoiFirst,MT4_PERSISTENT_MONITORING,VEHICLE_MOUNTED,INTERFERENCE,22,0,0,0.0,True,False
Progressive,MT4_PERSISTENT_MONITORING,VEHICLE_MOUNTED,INTERFERENCE,22,28,28,1.0,False,True
ContactAware,MT4_PERSISTENT_MONITORING,VEHICLE_MOUNTED,INTERFERENCE,22,0,0,0.0,True,False
ThreadAwarePriority,MT4_PERSISTENT_MONITORING,VEHICLE_MOUNTED,INTERFERENCE,22,28,28,1.0,False,True
GroundOnly,MT4_PERSISTENT_MONITORING,VEHICLE_MOUNTED,INTERFERENCE,23,0,0,0.0,True,False
CompressedFull,MT4_PERSISTENT_MONITORING,VEHICLE_MOUNTED,INTERFERENCE,23,0,0,0.0,True,False
QuicklookFirst,MT4_PERSISTENT_MONITORING,VEHICLE_MOUNTED,INTERFERENCE,23,0,0,0.0,True,False
RoiFirst,MT4_PERSISTENT_MONITORING,VEHICLE_MOUNTED,INTERFERENCE,23,0,0,0.0,True,False
Progressive,MT4_PERSISTENT_MONITORING,VEHICLE_MOUNTED,INTERFERENCE,23,28,28,1.0,False,True
ContactAware,MT4_PERSISTENT_MONITORING,VEHICLE_MOUNTED,INTERFERENCE,23,0,0,0.0,True,False
ThreadAwarePriority,MT4_PERSISTENT_MONITORING,VEHICLE_MOUNTED,INTERFERENCE,23,28,28,1.0,False,True
GroundOnly,MT4_PERSISTENT_MONITORING,VEHICLE_MOUNTED,INTERFERENCE,24,0,0,0.0,True,False
CompressedFull,MT4_PERSISTENT_MONITORING,VEHICLE_MOUNTED,INTERFERENCE,24,0,0,0.0,True,False
QuicklookFirst,MT4_PERSISTENT_MONITORING,VEHICLE_MOUNTED,INTERFERENCE,24,0,0,0.0,True,False
RoiFirst,MT4_PERSISTENT_MONITORING,VEHICLE_MOUNTED,INTERFERENCE,24,0,0,0.0,True,False
Progressive,MT4_PERSISTENT_MONITORING,VEHICLE_MOUNTED,INTERFERENCE,24,28,28,1.0,False,True
ContactAware,MT4_PERSISTENT_MONITORING,VEHICLE_MOUNTED,INTERFERENCE,24,0,0,0.0,True,False
ThreadAwarePriority,MT4_PERSISTENT_MONITORING,VEHICLE_MOUNTED,INTERFERENCE,24,28,28,1.0,False,True
GroundOnly,MT4_PERSISTENT_MONITORING,VEHICLE_MOUNTED,INTERFERENCE,25,0,0,0.0,True,False
CompressedFull,MT4_PERSISTENT_MONITORING,VEHICLE_MOUNTED,INTERFERENCE,25,0,0,0.0,True,False
QuicklookFirst,MT4_PERSISTENT_MONITORING,VEHICLE_MOUNTED,INTERFERENCE,25,0,0,0.0,True,False
RoiFirst,MT4_PERSISTENT_MONITORING,VEHICLE_MOUNTED,INTERFERENCE,25,0,0,0.0,True,False
Progressive,MT4_PERSISTENT_MONITORING,VEHICLE_MOUNTED,INTERFERENCE,25,28,28,1.0,False,True
ContactAware,MT4_PERSISTENT_MONITORING,VEHICLE_MOUNTED,INTERFERENCE,25,0,0,0.0,True,False
ThreadAwarePriority,MT4_PERSISTENT_MONITORING,VEHICLE_MOUNTED,INTERFERENCE,25,28,28,1.0,False,True
GroundOnly,MT4_PERSISTENT_MONITORING,VEHICLE_MOUNTED,INTERFERENCE,26,0,0,0.0,True,False
CompressedFull,MT4_PERSISTENT_MONITORING,VEHICLE_MOUNTED,INTERFERENCE,26,0,0,0.0,True,False
QuicklookFirst,MT4_PERSISTENT_MONITORING,VEHICLE_MOUNTED,INTERFERENCE,26,0,0,0.0,True,False
RoiFirst,MT4_PERSISTENT_MONITORING,VEHICLE_MOUNTED,INTERFERENCE,26,0,0,0.0,True,False
Progressive,MT4_PERSISTENT_MONITORING,VEHICLE_MOUNTED,INTERFERENCE,26,28,28,1.0,False,True
ContactAware,MT4_PERSISTENT_MONITORING,VEHICLE_MOUNTED,INTERFERENCE,26,0,0,0.0,True,False
ThreadAwarePriority,MT4_PERSISTENT_MONITORING,VEHICLE_MOUNTED,INTERFERENCE,26,28,28,1.0,False,True
GroundOnly,MT4_PERSISTENT_MONITORING,VEHICLE_MOUNTED,INTERFERENCE,27,0,0,0.0,True,False
CompressedFull,MT4_PERSISTENT_MONITORING,VEHICLE_MOUNTED,INTERFERENCE,27,0,0,0.0,True,False
QuicklookFirst,MT4_PERSISTENT_MONITORING,VEHICLE_MOUNTED,INTERFERENCE,27,0,0,0.0,True,False
RoiFirst,MT4_PERSISTENT_MONITORING,VEHICLE_MOUNTED,INTERFERENCE,27,0,0,0.0,True,False
Progressive,MT4_PERSISTENT_MONITORING,VEHICLE_MOUNTED,INTERFERENCE,27,28,28,1.0,False,True
ContactAware,MT4_PERSISTENT_MONITORING,VEHICLE_MOUNTED,INTERFERENCE,27,0,0,0.0,True,False
ThreadAwarePriority,MT4_PERSISTENT_MONITORING,VEHICLE_MOUNTED,INTERFERENCE,27,28,28,1.0,False,True
GroundOnly,MT4_PERSISTENT_MONITORING,VEHICLE_MOUNTED,INTERFERENCE,28,0,0,0.0,True,False
CompressedFull,MT4_PERSISTENT_MONITORING,VEHICLE_MOUNTED,INTERFERENCE,28,0,0,0.0,True,False
QuicklookFirst,MT4_PERSISTENT_MONITORING,VEHICLE_MOUNTED,INTERFERENCE,28,0,0,0.0,True,False
RoiFirst,MT4_PERSISTENT_MONITORING,VEHICLE_MOUNTED,INTERFERENCE,28,0,0,0.0,True,False
Progressive,MT4_PERSISTENT_MONITORING,VEHICLE_MOUNTED,INTERFERENCE,28,28,28,1.0,False,True
ContactAware,MT4_PERSISTENT_MONITORING,VEHICLE_MOUNTED,INTERFERENCE,28,0,0,0.0,True,False
ThreadAwarePriority,MT4_PERSISTENT_MONITORING,VEHICLE_MOUNTED,INTERFERENCE,28,28,28,1.0,False,True
GroundOnly,MT4_PERSISTENT_MONITORING,VEHICLE_MOUNTED,INTERFERENCE,29,0,0,0.0,True,False
CompressedFull,MT4_PERSISTENT_MONITORING,VEHICLE_MOUNTED,INTERFERENCE,29,0,0,0.0,True,False
QuicklookFirst,MT4_PERSISTENT_MONITORING,VEHICLE_MOUNTED,INTERFERENCE,29,0,0,0.0,True,False
RoiFirst,MT4_PERSISTENT_MONITORING,VEHICLE_MOUNTED,INTERFERENCE,29,0,0,0.0,True,False
Progressive,MT4_PERSISTENT_MONITORING,VEHICLE_MOUNTED,INTERFERENCE,29,28,28,1.0,False,True
ContactAware,MT4_PERSISTENT_MONITORING,VEHICLE_MOUNTED,INTERFERENCE,29,0,0,0.0,True,False
ThreadAwarePriority,MT4_PERSISTENT_MONITORING,VEHICLE_MOUNTED,INTERFERENCE,29,28,28,1.0,False,True
GroundOnly,MT4_PERSISTENT_MONITORING,VEHICLE_MOUNTED,CONTACT_DENIAL,0,0,0,0.0,True,False
CompressedFull,MT4_PERSISTENT_MONITORING,VEHICLE_MOUNTED,CONTACT_DENIAL,0,0,0,0.0,True,False
QuicklookFirst,MT4_PERSISTENT_MONITORING,VEHICLE_MOUNTED,CONTACT_DENIAL,0,0,0,0.0,True,False
RoiFirst,MT4_PERSISTENT_MONITORING,VEHICLE_MOUNTED,CONTACT_DENIAL,0,0,0,0.0,True,False
Progressive,MT4_PERSISTENT_MONITORING,VEHICLE_MOUNTED,CONTACT_DENIAL,0,28,21,0.75,False,False
ContactAware,MT4_PERSISTENT_MONITORING,VEHICLE_MOUNTED,CONTACT_DENIAL,0,0,0,0.0,True,False
ThreadAwarePriority,MT4_PERSISTENT_MONITORING,VEHICLE_MOUNTED,CONTACT_DENIAL,0,28,21,0.75,False,False
GroundOnly,MT4_PERSISTENT_MONITORING,VEHICLE_MOUNTED,CONTACT_DENIAL,1,0,0,0.0,True,False
CompressedFull,MT4_PERSISTENT_MONITORING,VEHICLE_MOUNTED,CONTACT_DENIAL,1,0,0,0.0,True,False
QuicklookFirst,MT4_PERSISTENT_MONITORING,VEHICLE_MOUNTED,CONTACT_DENIAL,1,0,0,0.0,True,False
RoiFirst,MT4_PERSISTENT_MONITORING,VEHICLE_MOUNTED,CONTACT_DENIAL,1,0,0,0.0,True,False
Progressive,MT4_PERSISTENT_MONITORING,VEHICLE_MOUNTED,CONTACT_DENIAL,1,28,18,0.6428571428571429,False,False
ContactAware,MT4_PERSISTENT_MONITORING,VEHICLE_MOUNTED,CONTACT_DENIAL,1,0,0,0.0,True,False
ThreadAwarePriority,MT4_PERSISTENT_MONITORING,VEHICLE_MOUNTED,CONTACT_DENIAL,1,28,18,0.6428571428571429,False,False
GroundOnly,MT4_PERSISTENT_MONITORING,VEHICLE_MOUNTED,CONTACT_DENIAL,2,0,0,0.0,True,False
CompressedFull,MT4_PERSISTENT_MONITORING,VEHICLE_MOUNTED,CONTACT_DENIAL,2,0,0,0.0,True,False
QuicklookFirst,MT4_PERSISTENT_MONITORING,VEHICLE_MOUNTED,CONTACT_DENIAL,2,0,0,0.0,True,False
RoiFirst,MT4_PERSISTENT_MONITORING,VEHICLE_MOUNTED,CONTACT_DENIAL,2,0,0,0.0,True,False
Progressive,MT4_PERSISTENT_MONITORING,VEHICLE_MOUNTED,CONTACT_DENIAL,2,28,18,0.6428571428571429,False,False
ContactAware,MT4_PERSISTENT_MONITORING,VEHICLE_MOUNTED,CONTACT_DENIAL,2,0,0,0.0,True,False
ThreadAwarePriority,MT4_PERSISTENT_MONITORING,VEHICLE_MOUNTED,CONTACT_DENIAL,2,28,18,0.6428571428571429,False,False
GroundOnly,MT4_PERSISTENT_MONITORING,VEHICLE_MOUNTED,CONTACT_DENIAL,3,0,0,0.0,True,False
CompressedFull,MT4_PERSISTENT_MONITORING,VEHICLE_MOUNTED,CONTACT_DENIAL,3,0,0,0.0,True,False
QuicklookFirst,MT4_PERSISTENT_MONITORING,VEHICLE_MOUNTED,CONTACT_DENIAL,3,0,0,0.0,True,False
RoiFirst,MT4_PERSISTENT_MONITORING,VEHICLE_MOUNTED,CONTACT_DENIAL,3,0,0,0.0,True,False
Progressive,MT4_PERSISTENT_MONITORING,VEHICLE_MOUNTED,CONTACT_DENIAL,3,28,21,0.75,False,False
ContactAware,MT4_PERSISTENT_MONITORING,VEHICLE_MOUNTED,CONTACT_DENIAL,3,0,0,0.0,True,False
ThreadAwarePriority,MT4_PERSISTENT_MONITORING,VEHICLE_MOUNTED,CONTACT_DENIAL,3,28,21,0.75,False,False
GroundOnly,MT4_PERSISTENT_MONITORING,VEHICLE_MOUNTED,CONTACT_DENIAL,4,0,0,0.0,True,False
CompressedFull,MT4_PERSISTENT_MONITORING,VEHICLE_MOUNTED,CONTACT_DENIAL,4,0,0,0.0,True,False
QuicklookFirst,MT4_PERSISTENT_MONITORING,VEHICLE_MOUNTED,CONTACT_DENIAL,4,0,0,0.0,True,False
RoiFirst,MT4_PERSISTENT_MONITORING,VEHICLE_MOUNTED,CONTACT_DENIAL,4,0,0,0.0,True,False
Progressive,MT4_PERSISTENT_MONITORING,VEHICLE_MOUNTED,CONTACT_DENIAL,4,28,20,0.7142857142857143,False,False
ContactAware,MT4_PERSISTENT_MONITORING,VEHICLE_MOUNTED,CONTACT_DENIAL,4,0,0,0.0,True,False
ThreadAwarePriority,MT4_PERSISTENT_MONITORING,VEHICLE_MOUNTED,CONTACT_DENIAL,4,28,20,0.7142857142857143,False,False
GroundOnly,MT4_PERSISTENT_MONITORING,VEHICLE_MOUNTED,CONTACT_DENIAL,5,0,0,0.0,True,False
CompressedFull,MT4_PERSISTENT_MONITORING,VEHICLE_MOUNTED,CONTACT_DENIAL,5,0,0,0.0,True,False
QuicklookFirst,MT4_PERSISTENT_MONITORING,VEHICLE_MOUNTED,CONTACT_DENIAL,5,0,0,0.0,True,False
RoiFirst,MT4_PERSISTENT_MONITORING,VEHICLE_MOUNTED,CONTACT_DENIAL,5,0,0,0.0,True,False
Progressive,MT4_PERSISTENT_MONITORING,VEHICLE_MOUNTED,CONTACT_DENIAL,5,28,19,0.6785714285714286,False,False
ContactAware,MT4_PERSISTENT_MONITORING,VEHICLE_MOUNTED,CONTACT_DENIAL,5,0,0,0.0,True,False
ThreadAwarePriority,MT4_PERSISTENT_MONITORING,VEHICLE_MOUNTED,CONTACT_DENIAL,5,28,19,0.6785714285714286,False,False
GroundOnly,MT4_PERSISTENT_MONITORING,VEHICLE_MOUNTED,CONTACT_DENIAL,6,0,0,0.0,True,False
CompressedFull,MT4_PERSISTENT_MONITORING,VEHICLE_MOUNTED,CONTACT_DENIAL,6,0,0,0.0,True,False
QuicklookFirst,MT4_PERSISTENT_MONITORING,VEHICLE_MOUNTED,CONTACT_DENIAL,6,0,0,0.0,True,False
RoiFirst,MT4_PERSISTENT_MONITORING,VEHICLE_MOUNTED,CONTACT_DENIAL,6,0,0,0.0,True,False
Progressive,MT4_PERSISTENT_MONITORING,VEHICLE_MOUNTED,CONTACT_DENIAL,6,28,16,0.5714285714285714,False,False
ContactAware,MT4_PERSISTENT_MONITORING,VEHICLE_MOUNTED,CONTACT_DENIAL,6,0,0,0.0,True,False
ThreadAwarePriority,MT4_PERSISTENT_MONITORING,VEHICLE_MOUNTED,CONTACT_DENIAL,6,28,16,0.5714285714285714,False,False
GroundOnly,MT4_PERSISTENT_MONITORING,VEHICLE_MOUNTED,CONTACT_DENIAL,7,0,0,0.0,True,False
CompressedFull,MT4_PERSISTENT_MONITORING,VEHICLE_MOUNTED,CONTACT_DENIAL,7,0,0,0.0,True,False
QuicklookFirst,MT4_PERSISTENT_MONITORING,VEHICLE_MOUNTED,CONTACT_DENIAL,7,0,0,0.0,True,False
RoiFirst,MT4_PERSISTENT_MONITORING,VEHICLE_MOUNTED,CONTACT_DENIAL,7,0,0,0.0,True,False
Progressive,MT4_PERSISTENT_MONITORING,VEHICLE_MOUNTED,CONTACT_DENIAL,7,28,17,0.6071428571428571,False,False
ContactAware,MT4_PERSISTENT_MONITORING,VEHICLE_MOUNTED,CONTACT_DENIAL,7,0,0,0.0,True,False
ThreadAwarePriority,MT4_PERSISTENT_MONITORING,VEHICLE_MOUNTED,CONTACT_DENIAL,7,28,17,0.6071428571428571,False,False
GroundOnly,MT4_PERSISTENT_MONITORING,VEHICLE_MOUNTED,CONTACT_DENIAL,8,0,0,0.0,True,False
CompressedFull,MT4_PERSISTENT_MONITORING,VEHICLE_MOUNTED,CONTACT_DENIAL,8,0,0,0.0,True,False
QuicklookFirst,MT4_PERSISTENT_MONITORING,VEHICLE_MOUNTED,CONTACT_DENIAL,8,0,0,0.0,True,False
RoiFirst,MT4_PERSISTENT_MONITORING,VEHICLE_MOUNTED,CONTACT_DENIAL,8,0,0,0.0,True,False
Progressive,MT4_PERSISTENT_MONITORING,VEHICLE_MOUNTED,CONTACT_DENIAL,8,28,19,0.6785714285714286,False,False
ContactAware,MT4_PERSISTENT_MONITORING,VEHICLE_MOUNTED,CONTACT_DENIAL,8,0,0,0.0,True,False
ThreadAwarePriority,MT4_PERSISTENT_MONITORING,VEHICLE_MOUNTED,CONTACT_DENIAL,8,28,19,0.6785714285714286,False,False
GroundOnly,MT4_PERSISTENT_MONITORING,VEHICLE_MOUNTED,CONTACT_DENIAL,9,0,0,0.0,True,False
CompressedFull,MT4_PERSISTENT_MONITORING,VEHICLE_MOUNTED,CONTACT_DENIAL,9,0,0,0.0,True,False
QuicklookFirst,MT4_PERSISTENT_MONITORING,VEHICLE_MOUNTED,CONTACT_DENIAL,9,0,0,0.0,True,False
RoiFirst,MT4_PERSISTENT_MONITORING,VEHICLE_MOUNTED,CONTACT_DENIAL,9,0,0,0.0,True,False
Progressive,MT4_PERSISTENT_MONITORING,VEHICLE_MOUNTED,CONTACT_DENIAL,9,28,21,0.75,False,False
ContactAware,MT4_PERSISTENT_MONITORING,VEHICLE_MOUNTED,CONTACT_DENIAL,9,0,0,0.0,True,False
ThreadAwarePriority,MT4_PERSISTENT_MONITORING,VEHICLE_MOUNTED,CONTACT_DENIAL,9,28,21,0.75,False,False
GroundOnly,MT4_PERSISTENT_MONITORING,VEHICLE_MOUNTED,CONTACT_DENIAL,10,0,0,0.0,True,False
CompressedFull,MT4_PERSISTENT_MONITORING,VEHICLE_MOUNTED,CONTACT_DENIAL,10,0,0,0.0,True,False
QuicklookFirst,MT4_PERSISTENT_MONITORING,VEHICLE_MOUNTED,CONTACT_DENIAL,10,0,0,0.0,True,False
RoiFirst,MT4_PERSISTENT_MONITORING,VEHICLE_MOUNTED,CONTACT_DENIAL,10,0,0,0.0,True,False
Progressive,MT4_PERSISTENT_MONITORING,VEHICLE_MOUNTED,CONTACT_DENIAL,10,28,19,0.6785714285714286,False,False
ContactAware,MT4_PERSISTENT_MONITORING,VEHICLE_MOUNTED,CONTACT_DENIAL,10,0,0,0.0,True,False
ThreadAwarePriority,MT4_PERSISTENT_MONITORING,VEHICLE_MOUNTED,CONTACT_DENIAL,10,28,19,0.6785714285714286,False,False
GroundOnly,MT4_PERSISTENT_MONITORING,VEHICLE_MOUNTED,CONTACT_DENIAL,11,0,0,0.0,True,False
CompressedFull,MT4_PERSISTENT_MONITORING,VEHICLE_MOUNTED,CONTACT_DENIAL,11,0,0,0.0,True,False
QuicklookFirst,MT4_PERSISTENT_MONITORING,VEHICLE_MOUNTED,CONTACT_DENIAL,11,0,0,0.0,True,False
RoiFirst,MT4_PERSISTENT_MONITORING,VEHICLE_MOUNTED,CONTACT_DENIAL,11,0,0,0.0,True,False
Progressive,MT4_PERSISTENT_MONITORING,VEHICLE_MOUNTED,CONTACT_DENIAL,11,28,23,0.8214285714285714,False,True
ContactAware,MT4_PERSISTENT_MONITORING,VEHICLE_MOUNTED,CONTACT_DENIAL,11,0,0,0.0,True,False
ThreadAwarePriority,MT4_PERSISTENT_MONITORING,VEHICLE_MOUNTED,CONTACT_DENIAL,11,28,23,0.8214285714285714,False,True
GroundOnly,MT4_PERSISTENT_MONITORING,VEHICLE_MOUNTED,CONTACT_DENIAL,12,0,0,0.0,True,False
CompressedFull,MT4_PERSISTENT_MONITORING,VEHICLE_MOUNTED,CONTACT_DENIAL,12,0,0,0.0,True,False
QuicklookFirst,MT4_PERSISTENT_MONITORING,VEHICLE_MOUNTED,CONTACT_DENIAL,12,0,0,0.0,True,False
RoiFirst,MT4_PERSISTENT_MONITORING,VEHICLE_MOUNTED,CONTACT_DENIAL,12,0,0,0.0,True,False
Progressive,MT4_PERSISTENT_MONITORING,VEHICLE_MOUNTED,CONTACT_DENIAL,12,28,21,0.75,False,False
ContactAware,MT4_PERSISTENT_MONITORING,VEHICLE_MOUNTED,CONTACT_DENIAL,12,0,0,0.0,True,False
ThreadAwarePriority,MT4_PERSISTENT_MONITORING,VEHICLE_MOUNTED,CONTACT_DENIAL,12,28,21,0.75,False,False
GroundOnly,MT4_PERSISTENT_MONITORING,VEHICLE_MOUNTED,CONTACT_DENIAL,13,0,0,0.0,True,False
CompressedFull,MT4_PERSISTENT_MONITORING,VEHICLE_MOUNTED,CONTACT_DENIAL,13,0,0,0.0,True,False
QuicklookFirst,MT4_PERSISTENT_MONITORING,VEHICLE_MOUNTED,CONTACT_DENIAL,13,0,0,0.0,True,False
RoiFirst,MT4_PERSISTENT_MONITORING,VEHICLE_MOUNTED,CONTACT_DENIAL,13,0,0,0.0,True,False
Progressive,MT4_PERSISTENT_MONITORING,VEHICLE_MOUNTED,CONTACT_DENIAL,13,28,19,0.6785714285714286,False,False
ContactAware,MT4_PERSISTENT_MONITORING,VEHICLE_MOUNTED,CONTACT_DENIAL,13,0,0,0.0,True,False
ThreadAwarePriority,MT4_PERSISTENT_MONITORING,VEHICLE_MOUNTED,CONTACT_DENIAL,13,28,19,0.6785714285714286,False,False
GroundOnly,MT4_PERSISTENT_MONITORING,VEHICLE_MOUNTED,CONTACT_DENIAL,14,0,0,0.0,True,False
CompressedFull,MT4_PERSISTENT_MONITORING,VEHICLE_MOUNTED,CONTACT_DENIAL,14,0,0,0.0,True,False
QuicklookFirst,MT4_PERSISTENT_MONITORING,VEHICLE_MOUNTED,CONTACT_DENIAL,14,0,0,0.0,True,False
RoiFirst,MT4_PERSISTENT_MONITORING,VEHICLE_MOUNTED,CONTACT_DENIAL,14,0,0,0.0,True,False
Progressive,MT4_PERSISTENT_MONITORING,VEHICLE_MOUNTED,CONTACT_DENIAL,14,28,19,0.6785714285714286,False,False
ContactAware,MT4_PERSISTENT_MONITORING,VEHICLE_MOUNTED,CONTACT_DENIAL,14,0,0,0.0,True,False
ThreadAwarePriority,MT4_PERSISTENT_MONITORING,VEHICLE_MOUNTED,CONTACT_DENIAL,14,28,19,0.6785714285714286,False,False
GroundOnly,MT4_PERSISTENT_MONITORING,VEHICLE_MOUNTED,CONTACT_DENIAL,15,0,0,0.0,True,False
CompressedFull,MT4_PERSISTENT_MONITORING,VEHICLE_MOUNTED,CONTACT_DENIAL,15,0,0,0.0,True,False
QuicklookFirst,MT4_PERSISTENT_MONITORING,VEHICLE_MOUNTED,CONTACT_DENIAL,15,0,0,0.0,True,False
RoiFirst,MT4_PERSISTENT_MONITORING,VEHICLE_MOUNTED,CONTACT_DENIAL,15,0,0,0.0,True,False
Progressive,MT4_PERSISTENT_MONITORING,VEHICLE_MOUNTED,CONTACT_DENIAL,15,28,19,0.6785714285714286,False,False
ContactAware,MT4_PERSISTENT_MONITORING,VEHICLE_MOUNTED,CONTACT_DENIAL,15,0,0,0.0,True,False
ThreadAwarePriority,MT4_PERSISTENT_MONITORING,VEHICLE_MOUNTED,CONTACT_DENIAL,15,28,19,0.6785714285714286,False,False
GroundOnly,MT4_PERSISTENT_MONITORING,VEHICLE_MOUNTED,CONTACT_DENIAL,16,0,0,0.0,True,False
CompressedFull,MT4_PERSISTENT_MONITORING,VEHICLE_MOUNTED,CONTACT_DENIAL,16,0,0,0.0,True,False
QuicklookFirst,MT4_PERSISTENT_MONITORING,VEHICLE_MOUNTED,CONTACT_DENIAL,16,0,0,0.0,True,False
RoiFirst,MT4_PERSISTENT_MONITORING,VEHICLE_MOUNTED,CONTACT_DENIAL,16,0,0,0.0,True,False
Progressive,MT4_PERSISTENT_MONITORING,VEHICLE_MOUNTED,CONTACT_DENIAL,16,28,19,0.6785714285714286,False,False
ContactAware,MT4_PERSISTENT_MONITORING,VEHICLE_MOUNTED,CONTACT_DENIAL,16,0,0,0.0,True,False
ThreadAwarePriority,MT4_PERSISTENT_MONITORING,VEHICLE_MOUNTED,CONTACT_DENIAL,16,28,19,0.6785714285714286,False,False
GroundOnly,MT4_PERSISTENT_MONITORING,VEHICLE_MOUNTED,CONTACT_DENIAL,17,0,0,0.0,True,False
CompressedFull,MT4_PERSISTENT_MONITORING,VEHICLE_MOUNTED,CONTACT_DENIAL,17,0,0,0.0,True,False
QuicklookFirst,MT4_PERSISTENT_MONITORING,VEHICLE_MOUNTED,CONTACT_DENIAL,17,0,0,0.0,True,False
RoiFirst,MT4_PERSISTENT_MONITORING,VEHICLE_MOUNTED,CONTACT_DENIAL,17,0,0,0.0,True,False
Progressive,MT4_PERSISTENT_MONITORING,VEHICLE_MOUNTED,CONTACT_DENIAL,17,28,20,0.7142857142857143,False,False
ContactAware,MT4_PERSISTENT_MONITORING,VEHICLE_MOUNTED,CONTACT_DENIAL,17,0,0,0.0,True,False
ThreadAwarePriority,MT4_PERSISTENT_MONITORING,VEHICLE_MOUNTED,CONTACT_DENIAL,17,28,20,0.7142857142857143,False,False
GroundOnly,MT4_PERSISTENT_MONITORING,VEHICLE_MOUNTED,CONTACT_DENIAL,18,0,0,0.0,True,False
CompressedFull,MT4_PERSISTENT_MONITORING,VEHICLE_MOUNTED,CONTACT_DENIAL,18,0,0,0.0,True,False
QuicklookFirst,MT4_PERSISTENT_MONITORING,VEHICLE_MOUNTED,CONTACT_DENIAL,18,0,0,0.0,True,False
RoiFirst,MT4_PERSISTENT_MONITORING,VEHICLE_MOUNTED,CONTACT_DENIAL,18,0,0,0.0,True,False
Progressive,MT4_PERSISTENT_MONITORING,VEHICLE_MOUNTED,CONTACT_DENIAL,18,28,16,0.5714285714285714,False,False
ContactAware,MT4_PERSISTENT_MONITORING,VEHICLE_MOUNTED,CONTACT_DENIAL,18,0,0,0.0,True,False
ThreadAwarePriority,MT4_PERSISTENT_MONITORING,VEHICLE_MOUNTED,CONTACT_DENIAL,18,28,16,0.5714285714285714,False,False
GroundOnly,MT4_PERSISTENT_MONITORING,VEHICLE_MOUNTED,CONTACT_DENIAL,19,0,0,0.0,True,False
CompressedFull,MT4_PERSISTENT_MONITORING,VEHICLE_MOUNTED,CONTACT_DENIAL,19,0,0,0.0,True,False
QuicklookFirst,MT4_PERSISTENT_MONITORING,VEHICLE_MOUNTED,CONTACT_DENIAL,19,0,0,0.0,True,False
RoiFirst,MT4_PERSISTENT_MONITORING,VEHICLE_MOUNTED,CONTACT_DENIAL,19,0,0,0.0,True,False
Progressive,MT4_PERSISTENT_MONITORING,VEHICLE_MOUNTED,CONTACT_DENIAL,19,28,20,0.7142857142857143,False,True
ContactAware,MT4_PERSISTENT_MONITORING,VEHICLE_MOUNTED,CONTACT_DENIAL,19,0,0,0.0,True,False
ThreadAwarePriority,MT4_PERSISTENT_MONITORING,VEHICLE_MOUNTED,CONTACT_DENIAL,19,28,20,0.7142857142857143,False,True
GroundOnly,MT4_PERSISTENT_MONITORING,VEHICLE_MOUNTED,CONTACT_DENIAL,20,0,0,0.0,True,False
CompressedFull,MT4_PERSISTENT_MONITORING,VEHICLE_MOUNTED,CONTACT_DENIAL,20,0,0,0.0,True,False
QuicklookFirst,MT4_PERSISTENT_MONITORING,VEHICLE_MOUNTED,CONTACT_DENIAL,20,0,0,0.0,True,False
RoiFirst,MT4_PERSISTENT_MONITORING,VEHICLE_MOUNTED,CONTACT_DENIAL,20,0,0,0.0,True,False
Progressive,MT4_PERSISTENT_MONITORING,VEHICLE_MOUNTED,CONTACT_DENIAL,20,28,21,0.75,False,False
ContactAware,MT4_PERSISTENT_MONITORING,VEHICLE_MOUNTED,CONTACT_DENIAL,20,0,0,0.0,True,False
ThreadAwarePriority,MT4_PERSISTENT_MONITORING,VEHICLE_MOUNTED,CONTACT_DENIAL,20,28,21,0.75,False,False
GroundOnly,MT4_PERSISTENT_MONITORING,VEHICLE_MOUNTED,CONTACT_DENIAL,21,0,0,0.0,True,False
CompressedFull,MT4_PERSISTENT_MONITORING,VEHICLE_MOUNTED,CONTACT_DENIAL,21,0,0,0.0,True,False
QuicklookFirst,MT4_PERSISTENT_MONITORING,VEHICLE_MOUNTED,CONTACT_DENIAL,21,0,0,0.0,True,False
RoiFirst,MT4_PERSISTENT_MONITORING,VEHICLE_MOUNTED,CONTACT_DENIAL,21,0,0,0.0,True,False
Progressive,MT4_PERSISTENT_MONITORING,VEHICLE_MOUNTED,CONTACT_DENIAL,21,28,21,0.75,False,True
ContactAware,MT4_PERSISTENT_MONITORING,VEHICLE_MOUNTED,CONTACT_DENIAL,21,0,0,0.0,True,False
ThreadAwarePriority,MT4_PERSISTENT_MONITORING,VEHICLE_MOUNTED,CONTACT_DENIAL,21,28,21,0.75,False,True
GroundOnly,MT4_PERSISTENT_MONITORING,VEHICLE_MOUNTED,CONTACT_DENIAL,22,0,0,0.0,True,False
CompressedFull,MT4_PERSISTENT_MONITORING,VEHICLE_MOUNTED,CONTACT_DENIAL,22,0,0,0.0,True,False
QuicklookFirst,MT4_PERSISTENT_MONITORING,VEHICLE_MOUNTED,CONTACT_DENIAL,22,0,0,0.0,True,False
RoiFirst,MT4_PERSISTENT_MONITORING,VEHICLE_MOUNTED,CONTACT_DENIAL,22,0,0,0.0,True,False
Progressive,MT4_PERSISTENT_MONITORING,VEHICLE_MOUNTED,CONTACT_DENIAL,22,28,20,0.7142857142857143,False,False
ContactAware,MT4_PERSISTENT_MONITORING,VEHICLE_MOUNTED,CONTACT_DENIAL,22,0,0,0.0,True,False
ThreadAwarePriority,MT4_PERSISTENT_MONITORING,VEHICLE_MOUNTED,CONTACT_DENIAL,22,28,20,0.7142857142857143,False,False
GroundOnly,MT4_PERSISTENT_MONITORING,VEHICLE_MOUNTED,CONTACT_DENIAL,23,0,0,0.0,True,False
CompressedFull,MT4_PERSISTENT_MONITORING,VEHICLE_MOUNTED,CONTACT_DENIAL,23,0,0,0.0,True,False
QuicklookFirst,MT4_PERSISTENT_MONITORING,VEHICLE_MOUNTED,CONTACT_DENIAL,23,0,0,0.0,True,False
RoiFirst,MT4_PERSISTENT_MONITORING,VEHICLE_MOUNTED,CONTACT_DENIAL,23,0,0,0.0,True,False
Progressive,MT4_PERSISTENT_MONITORING,VEHICLE_MOUNTED,CONTACT_DENIAL,23,28,17,0.6071428571428571,False,False
ContactAware,MT4_PERSISTENT_MONITORING,VEHICLE_MOUNTED,CONTACT_DENIAL,23,0,0,0.0,True,False
ThreadAwarePriority,MT4_PERSISTENT_MONITORING,VEHICLE_MOUNTED,CONTACT_DENIAL,23,28,17,0.6071428571428571,False,False
GroundOnly,MT4_PERSISTENT_MONITORING,VEHICLE_MOUNTED,CONTACT_DENIAL,24,0,0,0.0,True,False
CompressedFull,MT4_PERSISTENT_MONITORING,VEHICLE_MOUNTED,CONTACT_DENIAL,24,0,0,0.0,True,False
QuicklookFirst,MT4_PERSISTENT_MONITORING,VEHICLE_MOUNTED,CONTACT_DENIAL,24,0,0,0.0,True,False
RoiFirst,MT4_PERSISTENT_MONITORING,VEHICLE_MOUNTED,CONTACT_DENIAL,24,0,0,0.0,True,False
Progressive,MT4_PERSISTENT_MONITORING,VEHICLE_MOUNTED,CONTACT_DENIAL,24,28,18,0.6428571428571429,False,False
ContactAware,MT4_PERSISTENT_MONITORING,VEHICLE_MOUNTED,CONTACT_DENIAL,24,0,0,0.0,True,False
ThreadAwarePriority,MT4_PERSISTENT_MONITORING,VEHICLE_MOUNTED,CONTACT_DENIAL,24,28,18,0.6428571428571429,False,False
GroundOnly,MT4_PERSISTENT_MONITORING,VEHICLE_MOUNTED,CONTACT_DENIAL,25,0,0,0.0,True,False
CompressedFull,MT4_PERSISTENT_MONITORING,VEHICLE_MOUNTED,CONTACT_DENIAL,25,0,0,0.0,True,False
QuicklookFirst,MT4_PERSISTENT_MONITORING,VEHICLE_MOUNTED,CONTACT_DENIAL,25,0,0,0.0,True,False
RoiFirst,MT4_PERSISTENT_MONITORING,VEHICLE_MOUNTED,CONTACT_DENIAL,25,0,0,0.0,True,False
Progressive,MT4_PERSISTENT_MONITORING,VEHICLE_MOUNTED,CONTACT_DENIAL,25,28,20,0.7142857142857143,False,False
ContactAware,MT4_PERSISTENT_MONITORING,VEHICLE_MOUNTED,CONTACT_DENIAL,25,0,0,0.0,True,False
ThreadAwarePriority,MT4_PERSISTENT_MONITORING,VEHICLE_MOUNTED,CONTACT_DENIAL,25,28,20,0.7142857142857143,False,False
GroundOnly,MT4_PERSISTENT_MONITORING,VEHICLE_MOUNTED,CONTACT_DENIAL,26,0,0,0.0,True,False
CompressedFull,MT4_PERSISTENT_MONITORING,VEHICLE_MOUNTED,CONTACT_DENIAL,26,0,0,0.0,True,False
QuicklookFirst,MT4_PERSISTENT_MONITORING,VEHICLE_MOUNTED,CONTACT_DENIAL,26,0,0,0.0,True,False
RoiFirst,MT4_PERSISTENT_MONITORING,VEHICLE_MOUNTED,CONTACT_DENIAL,26,0,0,0.0,True,False
Progressive,MT4_PERSISTENT_MONITORING,VEHICLE_MOUNTED,CONTACT_DENIAL,26,28,17,0.6071428571428571,False,False
ContactAware,MT4_PERSISTENT_MONITORING,VEHICLE_MOUNTED,CONTACT_DENIAL,26,0,0,0.0,True,False
ThreadAwarePriority,MT4_PERSISTENT_MONITORING,VEHICLE_MOUNTED,CONTACT_DENIAL,26,28,17,0.6071428571428571,False,False
GroundOnly,MT4_PERSISTENT_MONITORING,VEHICLE_MOUNTED,CONTACT_DENIAL,27,0,0,0.0,True,False
CompressedFull,MT4_PERSISTENT_MONITORING,VEHICLE_MOUNTED,CONTACT_DENIAL,27,0,0,0.0,True,False
QuicklookFirst,MT4_PERSISTENT_MONITORING,VEHICLE_MOUNTED,CONTACT_DENIAL,27,0,0,0.0,True,False
RoiFirst,MT4_PERSISTENT_MONITORING,VEHICLE_MOUNTED,CONTACT_DENIAL,27,0,0,0.0,True,False
Progressive,MT4_PERSISTENT_MONITORING,VEHICLE_MOUNTED,CONTACT_DENIAL,27,28,21,0.75,False,False
ContactAware,MT4_PERSISTENT_MONITORING,VEHICLE_MOUNTED,CONTACT_DENIAL,27,0,0,0.0,True,False
ThreadAwarePriority,MT4_PERSISTENT_MONITORING,VEHICLE_MOUNTED,CONTACT_DENIAL,27,28,21,0.75,False,False
GroundOnly,MT4_PERSISTENT_MONITORING,VEHICLE_MOUNTED,CONTACT_DENIAL,28,0,0,0.0,True,False
CompressedFull,MT4_PERSISTENT_MONITORING,VEHICLE_MOUNTED,CONTACT_DENIAL,28,0,0,0.0,True,False
QuicklookFirst,MT4_PERSISTENT_MONITORING,VEHICLE_MOUNTED,CONTACT_DENIAL,28,0,0,0.0,True,False
RoiFirst,MT4_PERSISTENT_MONITORING,VEHICLE_MOUNTED,CONTACT_DENIAL,28,0,0,0.0,True,False
Progressive,MT4_PERSISTENT_MONITORING,VEHICLE_MOUNTED,CONTACT_DENIAL,28,28,14,0.5,False,False
ContactAware,MT4_PERSISTENT_MONITORING,VEHICLE_MOUNTED,CONTACT_DENIAL,28,0,0,0.0,True,False
ThreadAwarePriority,MT4_PERSISTENT_MONITORING,VEHICLE_MOUNTED,CONTACT_DENIAL,28,28,14,0.5,False,False
GroundOnly,MT4_PERSISTENT_MONITORING,VEHICLE_MOUNTED,CONTACT_DENIAL,29,0,0,0.0,True,False
CompressedFull,MT4_PERSISTENT_MONITORING,VEHICLE_MOUNTED,CONTACT_DENIAL,29,0,0,0.0,True,False
QuicklookFirst,MT4_PERSISTENT_MONITORING,VEHICLE_MOUNTED,CONTACT_DENIAL,29,0,0,0.0,True,False
RoiFirst,MT4_PERSISTENT_MONITORING,VEHICLE_MOUNTED,CONTACT_DENIAL,29,0,0,0.0,True,False
Progressive,MT4_PERSISTENT_MONITORING,VEHICLE_MOUNTED,CONTACT_DENIAL,29,28,19,0.6785714285714286,False,False
ContactAware,MT4_PERSISTENT_MONITORING,VEHICLE_MOUNTED,CONTACT_DENIAL,29,0,0,0.0,True,False
ThreadAwarePriority,MT4_PERSISTENT_MONITORING,VEHICLE_MOUNTED,CONTACT_DENIAL,29,28,19,0.6785714285714286,False,False
GroundOnly,MT4_PERSISTENT_MONITORING,VEHICLE_MOUNTED,REACHBACK_LOST,0,0,0,0.0,True,False
CompressedFull,MT4_PERSISTENT_MONITORING,VEHICLE_MOUNTED,REACHBACK_LOST,0,0,0,0.0,True,False
QuicklookFirst,MT4_PERSISTENT_MONITORING,VEHICLE_MOUNTED,REACHBACK_LOST,0,0,0,0.0,True,False
RoiFirst,MT4_PERSISTENT_MONITORING,VEHICLE_MOUNTED,REACHBACK_LOST,0,0,0,0.0,True,False
Progressive,MT4_PERSISTENT_MONITORING,VEHICLE_MOUNTED,REACHBACK_LOST,0,28,28,1.0,False,True
ContactAware,MT4_PERSISTENT_MONITORING,VEHICLE_MOUNTED,REACHBACK_LOST,0,0,0,0.0,True,False
ThreadAwarePriority,MT4_PERSISTENT_MONITORING,VEHICLE_MOUNTED,REACHBACK_LOST,0,28,28,1.0,False,True
GroundOnly,MT4_PERSISTENT_MONITORING,VEHICLE_MOUNTED,REACHBACK_LOST,1,0,0,0.0,True,False
CompressedFull,MT4_PERSISTENT_MONITORING,VEHICLE_MOUNTED,REACHBACK_LOST,1,0,0,0.0,True,False
QuicklookFirst,MT4_PERSISTENT_MONITORING,VEHICLE_MOUNTED,REACHBACK_LOST,1,0,0,0.0,True,False
RoiFirst,MT4_PERSISTENT_MONITORING,VEHICLE_MOUNTED,REACHBACK_LOST,1,0,0,0.0,True,False
Progressive,MT4_PERSISTENT_MONITORING,VEHICLE_MOUNTED,REACHBACK_LOST,1,28,28,1.0,False,True
ContactAware,MT4_PERSISTENT_MONITORING,VEHICLE_MOUNTED,REACHBACK_LOST,1,0,0,0.0,True,False
ThreadAwarePriority,MT4_PERSISTENT_MONITORING,VEHICLE_MOUNTED,REACHBACK_LOST,1,28,28,1.0,False,True
GroundOnly,MT4_PERSISTENT_MONITORING,VEHICLE_MOUNTED,REACHBACK_LOST,2,0,0,0.0,True,False
CompressedFull,MT4_PERSISTENT_MONITORING,VEHICLE_MOUNTED,REACHBACK_LOST,2,0,0,0.0,True,False
QuicklookFirst,MT4_PERSISTENT_MONITORING,VEHICLE_MOUNTED,REACHBACK_LOST,2,0,0,0.0,True,False
RoiFirst,MT4_PERSISTENT_MONITORING,VEHICLE_MOUNTED,REACHBACK_LOST,2,0,0,0.0,True,False
Progressive,MT4_PERSISTENT_MONITORING,VEHICLE_MOUNTED,REACHBACK_LOST,2,28,28,1.0,False,True
ContactAware,MT4_PERSISTENT_MONITORING,VEHICLE_MOUNTED,REACHBACK_LOST,2,0,0,0.0,True,False
ThreadAwarePriority,MT4_PERSISTENT_MONITORING,VEHICLE_MOUNTED,REACHBACK_LOST,2,28,28,1.0,False,True
GroundOnly,MT4_PERSISTENT_MONITORING,VEHICLE_MOUNTED,REACHBACK_LOST,3,0,0,0.0,True,False
CompressedFull,MT4_PERSISTENT_MONITORING,VEHICLE_MOUNTED,REACHBACK_LOST,3,0,0,0.0,True,False
QuicklookFirst,MT4_PERSISTENT_MONITORING,VEHICLE_MOUNTED,REACHBACK_LOST,3,0,0,0.0,True,False
RoiFirst,MT4_PERSISTENT_MONITORING,VEHICLE_MOUNTED,REACHBACK_LOST,3,0,0,0.0,True,False
Progressive,MT4_PERSISTENT_MONITORING,VEHICLE_MOUNTED,REACHBACK_LOST,3,28,28,1.0,False,True
ContactAware,MT4_PERSISTENT_MONITORING,VEHICLE_MOUNTED,REACHBACK_LOST,3,0,0,0.0,True,False
ThreadAwarePriority,MT4_PERSISTENT_MONITORING,VEHICLE_MOUNTED,REACHBACK_LOST,3,28,28,1.0,False,True
GroundOnly,MT4_PERSISTENT_MONITORING,VEHICLE_MOUNTED,REACHBACK_LOST,4,0,0,0.0,True,False
CompressedFull,MT4_PERSISTENT_MONITORING,VEHICLE_MOUNTED,REACHBACK_LOST,4,0,0,0.0,True,False
QuicklookFirst,MT4_PERSISTENT_MONITORING,VEHICLE_MOUNTED,REACHBACK_LOST,4,0,0,0.0,True,False
RoiFirst,MT4_PERSISTENT_MONITORING,VEHICLE_MOUNTED,REACHBACK_LOST,4,0,0,0.0,True,False
Progressive,MT4_PERSISTENT_MONITORING,VEHICLE_MOUNTED,REACHBACK_LOST,4,28,28,1.0,False,True
ContactAware,MT4_PERSISTENT_MONITORING,VEHICLE_MOUNTED,REACHBACK_LOST,4,0,0,0.0,True,False
ThreadAwarePriority,MT4_PERSISTENT_MONITORING,VEHICLE_MOUNTED,REACHBACK_LOST,4,28,28,1.0,False,True
GroundOnly,MT4_PERSISTENT_MONITORING,VEHICLE_MOUNTED,REACHBACK_LOST,5,0,0,0.0,True,False
CompressedFull,MT4_PERSISTENT_MONITORING,VEHICLE_MOUNTED,REACHBACK_LOST,5,0,0,0.0,True,False
QuicklookFirst,MT4_PERSISTENT_MONITORING,VEHICLE_MOUNTED,REACHBACK_LOST,5,0,0,0.0,True,False
RoiFirst,MT4_PERSISTENT_MONITORING,VEHICLE_MOUNTED,REACHBACK_LOST,5,0,0,0.0,True,False
Progressive,MT4_PERSISTENT_MONITORING,VEHICLE_MOUNTED,REACHBACK_LOST,5,28,28,1.0,False,True
ContactAware,MT4_PERSISTENT_MONITORING,VEHICLE_MOUNTED,REACHBACK_LOST,5,0,0,0.0,True,False
ThreadAwarePriority,MT4_PERSISTENT_MONITORING,VEHICLE_MOUNTED,REACHBACK_LOST,5,28,28,1.0,False,True
GroundOnly,MT4_PERSISTENT_MONITORING,VEHICLE_MOUNTED,REACHBACK_LOST,6,0,0,0.0,True,False
CompressedFull,MT4_PERSISTENT_MONITORING,VEHICLE_MOUNTED,REACHBACK_LOST,6,0,0,0.0,True,False
QuicklookFirst,MT4_PERSISTENT_MONITORING,VEHICLE_MOUNTED,REACHBACK_LOST,6,0,0,0.0,True,False
RoiFirst,MT4_PERSISTENT_MONITORING,VEHICLE_MOUNTED,REACHBACK_LOST,6,0,0,0.0,True,False
Progressive,MT4_PERSISTENT_MONITORING,VEHICLE_MOUNTED,REACHBACK_LOST,6,28,28,1.0,False,True
ContactAware,MT4_PERSISTENT_MONITORING,VEHICLE_MOUNTED,REACHBACK_LOST,6,0,0,0.0,True,False
ThreadAwarePriority,MT4_PERSISTENT_MONITORING,VEHICLE_MOUNTED,REACHBACK_LOST,6,28,28,1.0,False,True
GroundOnly,MT4_PERSISTENT_MONITORING,VEHICLE_MOUNTED,REACHBACK_LOST,7,0,0,0.0,True,False
CompressedFull,MT4_PERSISTENT_MONITORING,VEHICLE_MOUNTED,REACHBACK_LOST,7,0,0,0.0,True,False
QuicklookFirst,MT4_PERSISTENT_MONITORING,VEHICLE_MOUNTED,REACHBACK_LOST,7,0,0,0.0,True,False
RoiFirst,MT4_PERSISTENT_MONITORING,VEHICLE_MOUNTED,REACHBACK_LOST,7,0,0,0.0,True,False
Progressive,MT4_PERSISTENT_MONITORING,VEHICLE_MOUNTED,REACHBACK_LOST,7,28,28,1.0,False,True
ContactAware,MT4_PERSISTENT_MONITORING,VEHICLE_MOUNTED,REACHBACK_LOST,7,0,0,0.0,True,False
ThreadAwarePriority,MT4_PERSISTENT_MONITORING,VEHICLE_MOUNTED,REACHBACK_LOST,7,28,28,1.0,False,True
GroundOnly,MT4_PERSISTENT_MONITORING,VEHICLE_MOUNTED,REACHBACK_LOST,8,0,0,0.0,True,False
CompressedFull,MT4_PERSISTENT_MONITORING,VEHICLE_MOUNTED,REACHBACK_LOST,8,0,0,0.0,True,False
QuicklookFirst,MT4_PERSISTENT_MONITORING,VEHICLE_MOUNTED,REACHBACK_LOST,8,0,0,0.0,True,False
RoiFirst,MT4_PERSISTENT_MONITORING,VEHICLE_MOUNTED,REACHBACK_LOST,8,0,0,0.0,True,False
Progressive,MT4_PERSISTENT_MONITORING,VEHICLE_MOUNTED,REACHBACK_LOST,8,28,28,1.0,False,True
ContactAware,MT4_PERSISTENT_MONITORING,VEHICLE_MOUNTED,REACHBACK_LOST,8,0,0,0.0,True,False
ThreadAwarePriority,MT4_PERSISTENT_MONITORING,VEHICLE_MOUNTED,REACHBACK_LOST,8,28,28,1.0,False,True
GroundOnly,MT4_PERSISTENT_MONITORING,VEHICLE_MOUNTED,REACHBACK_LOST,9,0,0,0.0,True,False
CompressedFull,MT4_PERSISTENT_MONITORING,VEHICLE_MOUNTED,REACHBACK_LOST,9,0,0,0.0,True,False
QuicklookFirst,MT4_PERSISTENT_MONITORING,VEHICLE_MOUNTED,REACHBACK_LOST,9,0,0,0.0,True,False
RoiFirst,MT4_PERSISTENT_MONITORING,VEHICLE_MOUNTED,REACHBACK_LOST,9,0,0,0.0,True,False
Progressive,MT4_PERSISTENT_MONITORING,VEHICLE_MOUNTED,REACHBACK_LOST,9,28,28,1.0,False,True
ContactAware,MT4_PERSISTENT_MONITORING,VEHICLE_MOUNTED,REACHBACK_LOST,9,0,0,0.0,True,False
ThreadAwarePriority,MT4_PERSISTENT_MONITORING,VEHICLE_MOUNTED,REACHBACK_LOST,9,28,28,1.0,False,True
GroundOnly,MT4_PERSISTENT_MONITORING,VEHICLE_MOUNTED,REACHBACK_LOST,10,0,0,0.0,True,False
CompressedFull,MT4_PERSISTENT_MONITORING,VEHICLE_MOUNTED,REACHBACK_LOST,10,0,0,0.0,True,False
QuicklookFirst,MT4_PERSISTENT_MONITORING,VEHICLE_MOUNTED,REACHBACK_LOST,10,0,0,0.0,True,False
RoiFirst,MT4_PERSISTENT_MONITORING,VEHICLE_MOUNTED,REACHBACK_LOST,10,0,0,0.0,True,False
Progressive,MT4_PERSISTENT_MONITORING,VEHICLE_MOUNTED,REACHBACK_LOST,10,28,28,1.0,False,True
ContactAware,MT4_PERSISTENT_MONITORING,VEHICLE_MOUNTED,REACHBACK_LOST,10,0,0,0.0,True,False
ThreadAwarePriority,MT4_PERSISTENT_MONITORING,VEHICLE_MOUNTED,REACHBACK_LOST,10,28,28,1.0,False,True
GroundOnly,MT4_PERSISTENT_MONITORING,VEHICLE_MOUNTED,REACHBACK_LOST,11,0,0,0.0,True,False
CompressedFull,MT4_PERSISTENT_MONITORING,VEHICLE_MOUNTED,REACHBACK_LOST,11,0,0,0.0,True,False
QuicklookFirst,MT4_PERSISTENT_MONITORING,VEHICLE_MOUNTED,REACHBACK_LOST,11,0,0,0.0,True,False
RoiFirst,MT4_PERSISTENT_MONITORING,VEHICLE_MOUNTED,REACHBACK_LOST,11,0,0,0.0,True,False
Progressive,MT4_PERSISTENT_MONITORING,VEHICLE_MOUNTED,REACHBACK_LOST,11,28,28,1.0,False,True
ContactAware,MT4_PERSISTENT_MONITORING,VEHICLE_MOUNTED,REACHBACK_LOST,11,0,0,0.0,True,False
ThreadAwarePriority,MT4_PERSISTENT_MONITORING,VEHICLE_MOUNTED,REACHBACK_LOST,11,28,28,1.0,False,True
GroundOnly,MT4_PERSISTENT_MONITORING,VEHICLE_MOUNTED,REACHBACK_LOST,12,0,0,0.0,True,False
CompressedFull,MT4_PERSISTENT_MONITORING,VEHICLE_MOUNTED,REACHBACK_LOST,12,0,0,0.0,True,False
QuicklookFirst,MT4_PERSISTENT_MONITORING,VEHICLE_MOUNTED,REACHBACK_LOST,12,0,0,0.0,True,False
RoiFirst,MT4_PERSISTENT_MONITORING,VEHICLE_MOUNTED,REACHBACK_LOST,12,0,0,0.0,True,False
Progressive,MT4_PERSISTENT_MONITORING,VEHICLE_MOUNTED,REACHBACK_LOST,12,28,28,1.0,False,True
ContactAware,MT4_PERSISTENT_MONITORING,VEHICLE_MOUNTED,REACHBACK_LOST,12,0,0,0.0,True,False
ThreadAwarePriority,MT4_PERSISTENT_MONITORING,VEHICLE_MOUNTED,REACHBACK_LOST,12,28,28,1.0,False,True
GroundOnly,MT4_PERSISTENT_MONITORING,VEHICLE_MOUNTED,REACHBACK_LOST,13,0,0,0.0,True,False
CompressedFull,MT4_PERSISTENT_MONITORING,VEHICLE_MOUNTED,REACHBACK_LOST,13,0,0,0.0,True,False
QuicklookFirst,MT4_PERSISTENT_MONITORING,VEHICLE_MOUNTED,REACHBACK_LOST,13,0,0,0.0,True,False
RoiFirst,MT4_PERSISTENT_MONITORING,VEHICLE_MOUNTED,REACHBACK_LOST,13,0,0,0.0,True,False
Progressive,MT4_PERSISTENT_MONITORING,VEHICLE_MOUNTED,REACHBACK_LOST,13,28,28,1.0,False,True
ContactAware,MT4_PERSISTENT_MONITORING,VEHICLE_MOUNTED,REACHBACK_LOST,13,0,0,0.0,True,False
ThreadAwarePriority,MT4_PERSISTENT_MONITORING,VEHICLE_MOUNTED,REACHBACK_LOST,13,28,28,1.0,False,True
GroundOnly,MT4_PERSISTENT_MONITORING,VEHICLE_MOUNTED,REACHBACK_LOST,14,0,0,0.0,True,False
CompressedFull,MT4_PERSISTENT_MONITORING,VEHICLE_MOUNTED,REACHBACK_LOST,14,0,0,0.0,True,False
QuicklookFirst,MT4_PERSISTENT_MONITORING,VEHICLE_MOUNTED,REACHBACK_LOST,14,0,0,0.0,True,False
RoiFirst,MT4_PERSISTENT_MONITORING,VEHICLE_MOUNTED,REACHBACK_LOST,14,0,0,0.0,True,False
Progressive,MT4_PERSISTENT_MONITORING,VEHICLE_MOUNTED,REACHBACK_LOST,14,28,28,1.0,False,True
ContactAware,MT4_PERSISTENT_MONITORING,VEHICLE_MOUNTED,REACHBACK_LOST,14,0,0,0.0,True,False
ThreadAwarePriority,MT4_PERSISTENT_MONITORING,VEHICLE_MOUNTED,REACHBACK_LOST,14,28,28,1.0,False,True
GroundOnly,MT4_PERSISTENT_MONITORING,VEHICLE_MOUNTED,REACHBACK_LOST,15,0,0,0.0,True,False
CompressedFull,MT4_PERSISTENT_MONITORING,VEHICLE_MOUNTED,REACHBACK_LOST,15,0,0,0.0,True,False
QuicklookFirst,MT4_PERSISTENT_MONITORING,VEHICLE_MOUNTED,REACHBACK_LOST,15,0,0,0.0,True,False
RoiFirst,MT4_PERSISTENT_MONITORING,VEHICLE_MOUNTED,REACHBACK_LOST,15,0,0,0.0,True,False
Progressive,MT4_PERSISTENT_MONITORING,VEHICLE_MOUNTED,REACHBACK_LOST,15,28,28,1.0,False,True
ContactAware,MT4_PERSISTENT_MONITORING,VEHICLE_MOUNTED,REACHBACK_LOST,15,0,0,0.0,True,False
ThreadAwarePriority,MT4_PERSISTENT_MONITORING,VEHICLE_MOUNTED,REACHBACK_LOST,15,28,28,1.0,False,True
GroundOnly,MT4_PERSISTENT_MONITORING,VEHICLE_MOUNTED,REACHBACK_LOST,16,0,0,0.0,True,False
CompressedFull,MT4_PERSISTENT_MONITORING,VEHICLE_MOUNTED,REACHBACK_LOST,16,0,0,0.0,True,False
QuicklookFirst,MT4_PERSISTENT_MONITORING,VEHICLE_MOUNTED,REACHBACK_LOST,16,0,0,0.0,True,False
RoiFirst,MT4_PERSISTENT_MONITORING,VEHICLE_MOUNTED,REACHBACK_LOST,16,0,0,0.0,True,False
Progressive,MT4_PERSISTENT_MONITORING,VEHICLE_MOUNTED,REACHBACK_LOST,16,28,28,1.0,False,True
ContactAware,MT4_PERSISTENT_MONITORING,VEHICLE_MOUNTED,REACHBACK_LOST,16,0,0,0.0,True,False
ThreadAwarePriority,MT4_PERSISTENT_MONITORING,VEHICLE_MOUNTED,REACHBACK_LOST,16,28,28,1.0,False,True
GroundOnly,MT4_PERSISTENT_MONITORING,VEHICLE_MOUNTED,REACHBACK_LOST,17,0,0,0.0,True,False
CompressedFull,MT4_PERSISTENT_MONITORING,VEHICLE_MOUNTED,REACHBACK_LOST,17,0,0,0.0,True,False
QuicklookFirst,MT4_PERSISTENT_MONITORING,VEHICLE_MOUNTED,REACHBACK_LOST,17,0,0,0.0,True,False
RoiFirst,MT4_PERSISTENT_MONITORING,VEHICLE_MOUNTED,REACHBACK_LOST,17,0,0,0.0,True,False
Progressive,MT4_PERSISTENT_MONITORING,VEHICLE_MOUNTED,REACHBACK_LOST,17,28,28,1.0,False,True
ContactAware,MT4_PERSISTENT_MONITORING,VEHICLE_MOUNTED,REACHBACK_LOST,17,0,0,0.0,True,False
ThreadAwarePriority,MT4_PERSISTENT_MONITORING,VEHICLE_MOUNTED,REACHBACK_LOST,17,28,28,1.0,False,True
GroundOnly,MT4_PERSISTENT_MONITORING,VEHICLE_MOUNTED,REACHBACK_LOST,18,0,0,0.0,True,False
CompressedFull,MT4_PERSISTENT_MONITORING,VEHICLE_MOUNTED,REACHBACK_LOST,18,0,0,0.0,True,False
QuicklookFirst,MT4_PERSISTENT_MONITORING,VEHICLE_MOUNTED,REACHBACK_LOST,18,0,0,0.0,True,False
RoiFirst,MT4_PERSISTENT_MONITORING,VEHICLE_MOUNTED,REACHBACK_LOST,18,0,0,0.0,True,False
Progressive,MT4_PERSISTENT_MONITORING,VEHICLE_MOUNTED,REACHBACK_LOST,18,28,28,1.0,False,True
ContactAware,MT4_PERSISTENT_MONITORING,VEHICLE_MOUNTED,REACHBACK_LOST,18,0,0,0.0,True,False
ThreadAwarePriority,MT4_PERSISTENT_MONITORING,VEHICLE_MOUNTED,REACHBACK_LOST,18,28,28,1.0,False,True
GroundOnly,MT4_PERSISTENT_MONITORING,VEHICLE_MOUNTED,REACHBACK_LOST,19,0,0,0.0,True,False
CompressedFull,MT4_PERSISTENT_MONITORING,VEHICLE_MOUNTED,REACHBACK_LOST,19,0,0,0.0,True,False
QuicklookFirst,MT4_PERSISTENT_MONITORING,VEHICLE_MOUNTED,REACHBACK_LOST,19,0,0,0.0,True,False
RoiFirst,MT4_PERSISTENT_MONITORING,VEHICLE_MOUNTED,REACHBACK_LOST,19,0,0,0.0,True,False
Progressive,MT4_PERSISTENT_MONITORING,VEHICLE_MOUNTED,REACHBACK_LOST,19,28,28,1.0,False,True
ContactAware,MT4_PERSISTENT_MONITORING,VEHICLE_MOUNTED,REACHBACK_LOST,19,0,0,0.0,True,False
ThreadAwarePriority,MT4_PERSISTENT_MONITORING,VEHICLE_MOUNTED,REACHBACK_LOST,19,28,28,1.0,False,True
GroundOnly,MT4_PERSISTENT_MONITORING,VEHICLE_MOUNTED,REACHBACK_LOST,20,0,0,0.0,True,False
CompressedFull,MT4_PERSISTENT_MONITORING,VEHICLE_MOUNTED,REACHBACK_LOST,20,0,0,0.0,True,False
QuicklookFirst,MT4_PERSISTENT_MONITORING,VEHICLE_MOUNTED,REACHBACK_LOST,20,0,0,0.0,True,False
RoiFirst,MT4_PERSISTENT_MONITORING,VEHICLE_MOUNTED,REACHBACK_LOST,20,0,0,0.0,True,False
Progressive,MT4_PERSISTENT_MONITORING,VEHICLE_MOUNTED,REACHBACK_LOST,20,28,28,1.0,False,True
ContactAware,MT4_PERSISTENT_MONITORING,VEHICLE_MOUNTED,REACHBACK_LOST,20,0,0,0.0,True,False
ThreadAwarePriority,MT4_PERSISTENT_MONITORING,VEHICLE_MOUNTED,REACHBACK_LOST,20,28,28,1.0,False,True
GroundOnly,MT4_PERSISTENT_MONITORING,VEHICLE_MOUNTED,REACHBACK_LOST,21,0,0,0.0,True,False
CompressedFull,MT4_PERSISTENT_MONITORING,VEHICLE_MOUNTED,REACHBACK_LOST,21,0,0,0.0,True,False
QuicklookFirst,MT4_PERSISTENT_MONITORING,VEHICLE_MOUNTED,REACHBACK_LOST,21,0,0,0.0,True,False
RoiFirst,MT4_PERSISTENT_MONITORING,VEHICLE_MOUNTED,REACHBACK_LOST,21,0,0,0.0,True,False
Progressive,MT4_PERSISTENT_MONITORING,VEHICLE_MOUNTED,REACHBACK_LOST,21,28,28,1.0,False,True
ContactAware,MT4_PERSISTENT_MONITORING,VEHICLE_MOUNTED,REACHBACK_LOST,21,0,0,0.0,True,False
ThreadAwarePriority,MT4_PERSISTENT_MONITORING,VEHICLE_MOUNTED,REACHBACK_LOST,21,28,28,1.0,False,True
GroundOnly,MT4_PERSISTENT_MONITORING,VEHICLE_MOUNTED,REACHBACK_LOST,22,0,0,0.0,True,False
CompressedFull,MT4_PERSISTENT_MONITORING,VEHICLE_MOUNTED,REACHBACK_LOST,22,0,0,0.0,True,False
QuicklookFirst,MT4_PERSISTENT_MONITORING,VEHICLE_MOUNTED,REACHBACK_LOST,22,0,0,0.0,True,False
RoiFirst,MT4_PERSISTENT_MONITORING,VEHICLE_MOUNTED,REACHBACK_LOST,22,0,0,0.0,True,False
Progressive,MT4_PERSISTENT_MONITORING,VEHICLE_MOUNTED,REACHBACK_LOST,22,28,28,1.0,False,True
ContactAware,MT4_PERSISTENT_MONITORING,VEHICLE_MOUNTED,REACHBACK_LOST,22,0,0,0.0,True,False
ThreadAwarePriority,MT4_PERSISTENT_MONITORING,VEHICLE_MOUNTED,REACHBACK_LOST,22,28,28,1.0,False,True
GroundOnly,MT4_PERSISTENT_MONITORING,VEHICLE_MOUNTED,REACHBACK_LOST,23,0,0,0.0,True,False
CompressedFull,MT4_PERSISTENT_MONITORING,VEHICLE_MOUNTED,REACHBACK_LOST,23,0,0,0.0,True,False
QuicklookFirst,MT4_PERSISTENT_MONITORING,VEHICLE_MOUNTED,REACHBACK_LOST,23,0,0,0.0,True,False
RoiFirst,MT4_PERSISTENT_MONITORING,VEHICLE_MOUNTED,REACHBACK_LOST,23,0,0,0.0,True,False
Progressive,MT4_PERSISTENT_MONITORING,VEHICLE_MOUNTED,REACHBACK_LOST,23,28,28,1.0,False,True
ContactAware,MT4_PERSISTENT_MONITORING,VEHICLE_MOUNTED,REACHBACK_LOST,23,0,0,0.0,True,False
ThreadAwarePriority,MT4_PERSISTENT_MONITORING,VEHICLE_MOUNTED,REACHBACK_LOST,23,28,28,1.0,False,True
GroundOnly,MT4_PERSISTENT_MONITORING,VEHICLE_MOUNTED,REACHBACK_LOST,24,0,0,0.0,True,False
CompressedFull,MT4_PERSISTENT_MONITORING,VEHICLE_MOUNTED,REACHBACK_LOST,24,0,0,0.0,True,False
QuicklookFirst,MT4_PERSISTENT_MONITORING,VEHICLE_MOUNTED,REACHBACK_LOST,24,0,0,0.0,True,False
RoiFirst,MT4_PERSISTENT_MONITORING,VEHICLE_MOUNTED,REACHBACK_LOST,24,0,0,0.0,True,False
Progressive,MT4_PERSISTENT_MONITORING,VEHICLE_MOUNTED,REACHBACK_LOST,24,28,28,1.0,False,True
ContactAware,MT4_PERSISTENT_MONITORING,VEHICLE_MOUNTED,REACHBACK_LOST,24,0,0,0.0,True,False
ThreadAwarePriority,MT4_PERSISTENT_MONITORING,VEHICLE_MOUNTED,REACHBACK_LOST,24,28,28,1.0,False,True
GroundOnly,MT4_PERSISTENT_MONITORING,VEHICLE_MOUNTED,REACHBACK_LOST,25,0,0,0.0,True,False
CompressedFull,MT4_PERSISTENT_MONITORING,VEHICLE_MOUNTED,REACHBACK_LOST,25,0,0,0.0,True,False
QuicklookFirst,MT4_PERSISTENT_MONITORING,VEHICLE_MOUNTED,REACHBACK_LOST,25,0,0,0.0,True,False
RoiFirst,MT4_PERSISTENT_MONITORING,VEHICLE_MOUNTED,REACHBACK_LOST,25,0,0,0.0,True,False
Progressive,MT4_PERSISTENT_MONITORING,VEHICLE_MOUNTED,REACHBACK_LOST,25,28,28,1.0,False,True
ContactAware,MT4_PERSISTENT_MONITORING,VEHICLE_MOUNTED,REACHBACK_LOST,25,0,0,0.0,True,False
ThreadAwarePriority,MT4_PERSISTENT_MONITORING,VEHICLE_MOUNTED,REACHBACK_LOST,25,28,28,1.0,False,True
GroundOnly,MT4_PERSISTENT_MONITORING,VEHICLE_MOUNTED,REACHBACK_LOST,26,0,0,0.0,True,False
CompressedFull,MT4_PERSISTENT_MONITORING,VEHICLE_MOUNTED,REACHBACK_LOST,26,0,0,0.0,True,False
QuicklookFirst,MT4_PERSISTENT_MONITORING,VEHICLE_MOUNTED,REACHBACK_LOST,26,0,0,0.0,True,False
RoiFirst,MT4_PERSISTENT_MONITORING,VEHICLE_MOUNTED,REACHBACK_LOST,26,0,0,0.0,True,False
Progressive,MT4_PERSISTENT_MONITORING,VEHICLE_MOUNTED,REACHBACK_LOST,26,28,28,1.0,False,True
ContactAware,MT4_PERSISTENT_MONITORING,VEHICLE_MOUNTED,REACHBACK_LOST,26,0,0,0.0,True,False
ThreadAwarePriority,MT4_PERSISTENT_MONITORING,VEHICLE_MOUNTED,REACHBACK_LOST,26,28,28,1.0,False,True
GroundOnly,MT4_PERSISTENT_MONITORING,VEHICLE_MOUNTED,REACHBACK_LOST,27,0,0,0.0,True,False
CompressedFull,MT4_PERSISTENT_MONITORING,VEHICLE_MOUNTED,REACHBACK_LOST,27,0,0,0.0,True,False
QuicklookFirst,MT4_PERSISTENT_MONITORING,VEHICLE_MOUNTED,REACHBACK_LOST,27,0,0,0.0,True,False
RoiFirst,MT4_PERSISTENT_MONITORING,VEHICLE_MOUNTED,REACHBACK_LOST,27,0,0,0.0,True,False
Progressive,MT4_PERSISTENT_MONITORING,VEHICLE_MOUNTED,REACHBACK_LOST,27,28,28,1.0,False,True
ContactAware,MT4_PERSISTENT_MONITORING,VEHICLE_MOUNTED,REACHBACK_LOST,27,0,0,0.0,True,False
ThreadAwarePriority,MT4_PERSISTENT_MONITORING,VEHICLE_MOUNTED,REACHBACK_LOST,27,28,28,1.0,False,True
GroundOnly,MT4_PERSISTENT_MONITORING,VEHICLE_MOUNTED,REACHBACK_LOST,28,0,0,0.0,True,False
CompressedFull,MT4_PERSISTENT_MONITORING,VEHICLE_MOUNTED,REACHBACK_LOST,28,0,0,0.0,True,False
QuicklookFirst,MT4_PERSISTENT_MONITORING,VEHICLE_MOUNTED,REACHBACK_LOST,28,0,0,0.0,True,False
RoiFirst,MT4_PERSISTENT_MONITORING,VEHICLE_MOUNTED,REACHBACK_LOST,28,0,0,0.0,True,False
Progressive,MT4_PERSISTENT_MONITORING,VEHICLE_MOUNTED,REACHBACK_LOST,28,28,28,1.0,False,True
ContactAware,MT4_PERSISTENT_MONITORING,VEHICLE_MOUNTED,REACHBACK_LOST,28,0,0,0.0,True,False
ThreadAwarePriority,MT4_PERSISTENT_MONITORING,VEHICLE_MOUNTED,REACHBACK_LOST,28,28,28,1.0,False,True
GroundOnly,MT4_PERSISTENT_MONITORING,VEHICLE_MOUNTED,REACHBACK_LOST,29,0,0,0.0,True,False
CompressedFull,MT4_PERSISTENT_MONITORING,VEHICLE_MOUNTED,REACHBACK_LOST,29,0,0,0.0,True,False
QuicklookFirst,MT4_PERSISTENT_MONITORING,VEHICLE_MOUNTED,REACHBACK_LOST,29,0,0,0.0,True,False
RoiFirst,MT4_PERSISTENT_MONITORING,VEHICLE_MOUNTED,REACHBACK_LOST,29,0,0,0.0,True,False
Progressive,MT4_PERSISTENT_MONITORING,VEHICLE_MOUNTED,REACHBACK_LOST,29,28,28,1.0,False,True
ContactAware,MT4_PERSISTENT_MONITORING,VEHICLE_MOUNTED,REACHBACK_LOST,29,0,0,0.0,True,False
ThreadAwarePriority,MT4_PERSISTENT_MONITORING,VEHICLE_MOUNTED,REACHBACK_LOST,29,28,28,1.0,False,True
GroundOnly,MT4_PERSISTENT_MONITORING,VEHICLE_MOUNTED,COMBINED_DEGRADED,0,0,0,0.0,True,False
CompressedFull,MT4_PERSISTENT_MONITORING,VEHICLE_MOUNTED,COMBINED_DEGRADED,0,0,0,0.0,True,False
QuicklookFirst,MT4_PERSISTENT_MONITORING,VEHICLE_MOUNTED,COMBINED_DEGRADED,0,0,0,0.0,True,False
RoiFirst,MT4_PERSISTENT_MONITORING,VEHICLE_MOUNTED,COMBINED_DEGRADED,0,0,0,0.0,True,False
Progressive,MT4_PERSISTENT_MONITORING,VEHICLE_MOUNTED,COMBINED_DEGRADED,0,28,24,0.8571428571428571,False,False
ContactAware,MT4_PERSISTENT_MONITORING,VEHICLE_MOUNTED,COMBINED_DEGRADED,0,0,0,0.0,True,False
ThreadAwarePriority,MT4_PERSISTENT_MONITORING,VEHICLE_MOUNTED,COMBINED_DEGRADED,0,28,24,0.8571428571428571,False,False
GroundOnly,MT4_PERSISTENT_MONITORING,VEHICLE_MOUNTED,COMBINED_DEGRADED,1,0,0,0.0,True,False
CompressedFull,MT4_PERSISTENT_MONITORING,VEHICLE_MOUNTED,COMBINED_DEGRADED,1,0,0,0.0,True,False
QuicklookFirst,MT4_PERSISTENT_MONITORING,VEHICLE_MOUNTED,COMBINED_DEGRADED,1,0,0,0.0,True,False
RoiFirst,MT4_PERSISTENT_MONITORING,VEHICLE_MOUNTED,COMBINED_DEGRADED,1,0,0,0.0,True,False
Progressive,MT4_PERSISTENT_MONITORING,VEHICLE_MOUNTED,COMBINED_DEGRADED,1,28,21,0.75,False,False
ContactAware,MT4_PERSISTENT_MONITORING,VEHICLE_MOUNTED,COMBINED_DEGRADED,1,0,0,0.0,True,False
ThreadAwarePriority,MT4_PERSISTENT_MONITORING,VEHICLE_MOUNTED,COMBINED_DEGRADED,1,28,21,0.75,False,False
GroundOnly,MT4_PERSISTENT_MONITORING,VEHICLE_MOUNTED,COMBINED_DEGRADED,2,0,0,0.0,True,False
CompressedFull,MT4_PERSISTENT_MONITORING,VEHICLE_MOUNTED,COMBINED_DEGRADED,2,0,0,0.0,True,False
QuicklookFirst,MT4_PERSISTENT_MONITORING,VEHICLE_MOUNTED,COMBINED_DEGRADED,2,0,0,0.0,True,False
RoiFirst,MT4_PERSISTENT_MONITORING,VEHICLE_MOUNTED,COMBINED_DEGRADED,2,0,0,0.0,True,False
Progressive,MT4_PERSISTENT_MONITORING,VEHICLE_MOUNTED,COMBINED_DEGRADED,2,28,23,0.8214285714285714,False,False
ContactAware,MT4_PERSISTENT_MONITORING,VEHICLE_MOUNTED,COMBINED_DEGRADED,2,0,0,0.0,True,False
ThreadAwarePriority,MT4_PERSISTENT_MONITORING,VEHICLE_MOUNTED,COMBINED_DEGRADED,2,28,23,0.8214285714285714,False,False
GroundOnly,MT4_PERSISTENT_MONITORING,VEHICLE_MOUNTED,COMBINED_DEGRADED,3,0,0,0.0,True,False
CompressedFull,MT4_PERSISTENT_MONITORING,VEHICLE_MOUNTED,COMBINED_DEGRADED,3,0,0,0.0,True,False
QuicklookFirst,MT4_PERSISTENT_MONITORING,VEHICLE_MOUNTED,COMBINED_DEGRADED,3,0,0,0.0,True,False
RoiFirst,MT4_PERSISTENT_MONITORING,VEHICLE_MOUNTED,COMBINED_DEGRADED,3,0,0,0.0,True,False
Progressive,MT4_PERSISTENT_MONITORING,VEHICLE_MOUNTED,COMBINED_DEGRADED,3,28,20,0.7142857142857143,False,False
ContactAware,MT4_PERSISTENT_MONITORING,VEHICLE_MOUNTED,COMBINED_DEGRADED,3,0,0,0.0,True,False
ThreadAwarePriority,MT4_PERSISTENT_MONITORING,VEHICLE_MOUNTED,COMBINED_DEGRADED,3,28,20,0.7142857142857143,False,False
GroundOnly,MT4_PERSISTENT_MONITORING,VEHICLE_MOUNTED,COMBINED_DEGRADED,4,0,0,0.0,True,False
CompressedFull,MT4_PERSISTENT_MONITORING,VEHICLE_MOUNTED,COMBINED_DEGRADED,4,0,0,0.0,True,False
QuicklookFirst,MT4_PERSISTENT_MONITORING,VEHICLE_MOUNTED,COMBINED_DEGRADED,4,0,0,0.0,True,False
RoiFirst,MT4_PERSISTENT_MONITORING,VEHICLE_MOUNTED,COMBINED_DEGRADED,4,0,0,0.0,True,False
Progressive,MT4_PERSISTENT_MONITORING,VEHICLE_MOUNTED,COMBINED_DEGRADED,4,28,21,0.75,False,False
ContactAware,MT4_PERSISTENT_MONITORING,VEHICLE_MOUNTED,COMBINED_DEGRADED,4,0,0,0.0,True,False
ThreadAwarePriority,MT4_PERSISTENT_MONITORING,VEHICLE_MOUNTED,COMBINED_DEGRADED,4,28,21,0.75,False,False
GroundOnly,MT4_PERSISTENT_MONITORING,VEHICLE_MOUNTED,COMBINED_DEGRADED,5,0,0,0.0,True,False
CompressedFull,MT4_PERSISTENT_MONITORING,VEHICLE_MOUNTED,COMBINED_DEGRADED,5,0,0,0.0,True,False
QuicklookFirst,MT4_PERSISTENT_MONITORING,VEHICLE_MOUNTED,COMBINED_DEGRADED,5,0,0,0.0,True,False
RoiFirst,MT4_PERSISTENT_MONITORING,VEHICLE_MOUNTED,COMBINED_DEGRADED,5,0,0,0.0,True,False
Progressive,MT4_PERSISTENT_MONITORING,VEHICLE_MOUNTED,COMBINED_DEGRADED,5,28,21,0.75,False,False
ContactAware,MT4_PERSISTENT_MONITORING,VEHICLE_MOUNTED,COMBINED_DEGRADED,5,0,0,0.0,True,False
ThreadAwarePriority,MT4_PERSISTENT_MONITORING,VEHICLE_MOUNTED,COMBINED_DEGRADED,5,28,21,0.75,False,False
GroundOnly,MT4_PERSISTENT_MONITORING,VEHICLE_MOUNTED,COMBINED_DEGRADED,6,0,0,0.0,True,False
CompressedFull,MT4_PERSISTENT_MONITORING,VEHICLE_MOUNTED,COMBINED_DEGRADED,6,0,0,0.0,True,False
QuicklookFirst,MT4_PERSISTENT_MONITORING,VEHICLE_MOUNTED,COMBINED_DEGRADED,6,0,0,0.0,True,False
RoiFirst,MT4_PERSISTENT_MONITORING,VEHICLE_MOUNTED,COMBINED_DEGRADED,6,0,0,0.0,True,False
Progressive,MT4_PERSISTENT_MONITORING,VEHICLE_MOUNTED,COMBINED_DEGRADED,6,28,14,0.5,False,False
ContactAware,MT4_PERSISTENT_MONITORING,VEHICLE_MOUNTED,COMBINED_DEGRADED,6,0,0,0.0,True,False
ThreadAwarePriority,MT4_PERSISTENT_MONITORING,VEHICLE_MOUNTED,COMBINED_DEGRADED,6,28,14,0.5,False,False
GroundOnly,MT4_PERSISTENT_MONITORING,VEHICLE_MOUNTED,COMBINED_DEGRADED,7,0,0,0.0,True,False
CompressedFull,MT4_PERSISTENT_MONITORING,VEHICLE_MOUNTED,COMBINED_DEGRADED,7,0,0,0.0,True,False
QuicklookFirst,MT4_PERSISTENT_MONITORING,VEHICLE_MOUNTED,COMBINED_DEGRADED,7,0,0,0.0,True,False
RoiFirst,MT4_PERSISTENT_MONITORING,VEHICLE_MOUNTED,COMBINED_DEGRADED,7,0,0,0.0,True,False
Progressive,MT4_PERSISTENT_MONITORING,VEHICLE_MOUNTED,COMBINED_DEGRADED,7,28,22,0.7857142857142857,False,False
ContactAware,MT4_PERSISTENT_MONITORING,VEHICLE_MOUNTED,COMBINED_DEGRADED,7,0,0,0.0,True,False
ThreadAwarePriority,MT4_PERSISTENT_MONITORING,VEHICLE_MOUNTED,COMBINED_DEGRADED,7,28,22,0.7857142857142857,False,False
GroundOnly,MT4_PERSISTENT_MONITORING,VEHICLE_MOUNTED,COMBINED_DEGRADED,8,0,0,0.0,True,False
CompressedFull,MT4_PERSISTENT_MONITORING,VEHICLE_MOUNTED,COMBINED_DEGRADED,8,0,0,0.0,True,False
QuicklookFirst,MT4_PERSISTENT_MONITORING,VEHICLE_MOUNTED,COMBINED_DEGRADED,8,0,0,0.0,True,False
RoiFirst,MT4_PERSISTENT_MONITORING,VEHICLE_MOUNTED,COMBINED_DEGRADED,8,0,0,0.0,True,False
Progressive,MT4_PERSISTENT_MONITORING,VEHICLE_MOUNTED,COMBINED_DEGRADED,8,28,18,0.6428571428571429,False,False
ContactAware,MT4_PERSISTENT_MONITORING,VEHICLE_MOUNTED,COMBINED_DEGRADED,8,0,0,0.0,True,False
ThreadAwarePriority,MT4_PERSISTENT_MONITORING,VEHICLE_MOUNTED,COMBINED_DEGRADED,8,28,18,0.6428571428571429,False,False
GroundOnly,MT4_PERSISTENT_MONITORING,VEHICLE_MOUNTED,COMBINED_DEGRADED,9,0,0,0.0,True,False
CompressedFull,MT4_PERSISTENT_MONITORING,VEHICLE_MOUNTED,COMBINED_DEGRADED,9,0,0,0.0,True,False
QuicklookFirst,MT4_PERSISTENT_MONITORING,VEHICLE_MOUNTED,COMBINED_DEGRADED,9,0,0,0.0,True,False
RoiFirst,MT4_PERSISTENT_MONITORING,VEHICLE_MOUNTED,COMBINED_DEGRADED,9,0,0,0.0,True,False
Progressive,MT4_PERSISTENT_MONITORING,VEHICLE_MOUNTED,COMBINED_DEGRADED,9,28,18,0.6428571428571429,False,False
ContactAware,MT4_PERSISTENT_MONITORING,VEHICLE_MOUNTED,COMBINED_DEGRADED,9,0,0,0.0,True,False
ThreadAwarePriority,MT4_PERSISTENT_MONITORING,VEHICLE_MOUNTED,COMBINED_DEGRADED,9,28,18,0.6428571428571429,False,False
GroundOnly,MT4_PERSISTENT_MONITORING,VEHICLE_MOUNTED,COMBINED_DEGRADED,10,0,0,0.0,True,False
CompressedFull,MT4_PERSISTENT_MONITORING,VEHICLE_MOUNTED,COMBINED_DEGRADED,10,0,0,0.0,True,False
QuicklookFirst,MT4_PERSISTENT_MONITORING,VEHICLE_MOUNTED,COMBINED_DEGRADED,10,0,0,0.0,True,False
RoiFirst,MT4_PERSISTENT_MONITORING,VEHICLE_MOUNTED,COMBINED_DEGRADED,10,0,0,0.0,True,False
Progressive,MT4_PERSISTENT_MONITORING,VEHICLE_MOUNTED,COMBINED_DEGRADED,10,28,16,0.5714285714285714,False,False
ContactAware,MT4_PERSISTENT_MONITORING,VEHICLE_MOUNTED,COMBINED_DEGRADED,10,0,0,0.0,True,False
ThreadAwarePriority,MT4_PERSISTENT_MONITORING,VEHICLE_MOUNTED,COMBINED_DEGRADED,10,28,16,0.5714285714285714,False,False
GroundOnly,MT4_PERSISTENT_MONITORING,VEHICLE_MOUNTED,COMBINED_DEGRADED,11,0,0,0.0,True,False
CompressedFull,MT4_PERSISTENT_MONITORING,VEHICLE_MOUNTED,COMBINED_DEGRADED,11,0,0,0.0,True,False
QuicklookFirst,MT4_PERSISTENT_MONITORING,VEHICLE_MOUNTED,COMBINED_DEGRADED,11,0,0,0.0,True,False
RoiFirst,MT4_PERSISTENT_MONITORING,VEHICLE_MOUNTED,COMBINED_DEGRADED,11,0,0,0.0,True,False
Progressive,MT4_PERSISTENT_MONITORING,VEHICLE_MOUNTED,COMBINED_DEGRADED,11,28,23,0.8214285714285714,False,False
ContactAware,MT4_PERSISTENT_MONITORING,VEHICLE_MOUNTED,COMBINED_DEGRADED,11,0,0,0.0,True,False
ThreadAwarePriority,MT4_PERSISTENT_MONITORING,VEHICLE_MOUNTED,COMBINED_DEGRADED,11,28,23,0.8214285714285714,False,False
GroundOnly,MT4_PERSISTENT_MONITORING,VEHICLE_MOUNTED,COMBINED_DEGRADED,12,0,0,0.0,True,False
CompressedFull,MT4_PERSISTENT_MONITORING,VEHICLE_MOUNTED,COMBINED_DEGRADED,12,0,0,0.0,True,False
QuicklookFirst,MT4_PERSISTENT_MONITORING,VEHICLE_MOUNTED,COMBINED_DEGRADED,12,0,0,0.0,True,False
RoiFirst,MT4_PERSISTENT_MONITORING,VEHICLE_MOUNTED,COMBINED_DEGRADED,12,0,0,0.0,True,False
Progressive,MT4_PERSISTENT_MONITORING,VEHICLE_MOUNTED,COMBINED_DEGRADED,12,28,19,0.6785714285714286,False,False
ContactAware,MT4_PERSISTENT_MONITORING,VEHICLE_MOUNTED,COMBINED_DEGRADED,12,0,0,0.0,True,False
ThreadAwarePriority,MT4_PERSISTENT_MONITORING,VEHICLE_MOUNTED,COMBINED_DEGRADED,12,28,19,0.6785714285714286,False,False
GroundOnly,MT4_PERSISTENT_MONITORING,VEHICLE_MOUNTED,COMBINED_DEGRADED,13,0,0,0.0,True,False
CompressedFull,MT4_PERSISTENT_MONITORING,VEHICLE_MOUNTED,COMBINED_DEGRADED,13,0,0,0.0,True,False
QuicklookFirst,MT4_PERSISTENT_MONITORING,VEHICLE_MOUNTED,COMBINED_DEGRADED,13,0,0,0.0,True,False
RoiFirst,MT4_PERSISTENT_MONITORING,VEHICLE_MOUNTED,COMBINED_DEGRADED,13,0,0,0.0,True,False
Progressive,MT4_PERSISTENT_MONITORING,VEHICLE_MOUNTED,COMBINED_DEGRADED,13,28,24,0.8571428571428571,False,True
ContactAware,MT4_PERSISTENT_MONITORING,VEHICLE_MOUNTED,COMBINED_DEGRADED,13,0,0,0.0,True,False
ThreadAwarePriority,MT4_PERSISTENT_MONITORING,VEHICLE_MOUNTED,COMBINED_DEGRADED,13,28,24,0.8571428571428571,False,True
GroundOnly,MT4_PERSISTENT_MONITORING,VEHICLE_MOUNTED,COMBINED_DEGRADED,14,0,0,0.0,True,False
CompressedFull,MT4_PERSISTENT_MONITORING,VEHICLE_MOUNTED,COMBINED_DEGRADED,14,0,0,0.0,True,False
QuicklookFirst,MT4_PERSISTENT_MONITORING,VEHICLE_MOUNTED,COMBINED_DEGRADED,14,0,0,0.0,True,False
RoiFirst,MT4_PERSISTENT_MONITORING,VEHICLE_MOUNTED,COMBINED_DEGRADED,14,0,0,0.0,True,False
Progressive,MT4_PERSISTENT_MONITORING,VEHICLE_MOUNTED,COMBINED_DEGRADED,14,28,23,0.8214285714285714,False,True
ContactAware,MT4_PERSISTENT_MONITORING,VEHICLE_MOUNTED,COMBINED_DEGRADED,14,0,0,0.0,True,False
ThreadAwarePriority,MT4_PERSISTENT_MONITORING,VEHICLE_MOUNTED,COMBINED_DEGRADED,14,28,23,0.8214285714285714,False,True
GroundOnly,MT4_PERSISTENT_MONITORING,VEHICLE_MOUNTED,COMBINED_DEGRADED,15,0,0,0.0,True,False
CompressedFull,MT4_PERSISTENT_MONITORING,VEHICLE_MOUNTED,COMBINED_DEGRADED,15,0,0,0.0,True,False
QuicklookFirst,MT4_PERSISTENT_MONITORING,VEHICLE_MOUNTED,COMBINED_DEGRADED,15,0,0,0.0,True,False
RoiFirst,MT4_PERSISTENT_MONITORING,VEHICLE_MOUNTED,COMBINED_DEGRADED,15,0,0,0.0,True,False
Progressive,MT4_PERSISTENT_MONITORING,VEHICLE_MOUNTED,COMBINED_DEGRADED,15,28,19,0.6785714285714286,False,False
ContactAware,MT4_PERSISTENT_MONITORING,VEHICLE_MOUNTED,COMBINED_DEGRADED,15,0,0,0.0,True,False
ThreadAwarePriority,MT4_PERSISTENT_MONITORING,VEHICLE_MOUNTED,COMBINED_DEGRADED,15,28,19,0.6785714285714286,False,False
GroundOnly,MT4_PERSISTENT_MONITORING,VEHICLE_MOUNTED,COMBINED_DEGRADED,16,0,0,0.0,True,False
CompressedFull,MT4_PERSISTENT_MONITORING,VEHICLE_MOUNTED,COMBINED_DEGRADED,16,0,0,0.0,True,False
QuicklookFirst,MT4_PERSISTENT_MONITORING,VEHICLE_MOUNTED,COMBINED_DEGRADED,16,0,0,0.0,True,False
RoiFirst,MT4_PERSISTENT_MONITORING,VEHICLE_MOUNTED,COMBINED_DEGRADED,16,0,0,0.0,True,False
Progressive,MT4_PERSISTENT_MONITORING,VEHICLE_MOUNTED,COMBINED_DEGRADED,16,28,20,0.7142857142857143,False,False
ContactAware,MT4_PERSISTENT_MONITORING,VEHICLE_MOUNTED,COMBINED_DEGRADED,16,0,0,0.0,True,False
ThreadAwarePriority,MT4_PERSISTENT_MONITORING,VEHICLE_MOUNTED,COMBINED_DEGRADED,16,28,20,0.7142857142857143,False,False
GroundOnly,MT4_PERSISTENT_MONITORING,VEHICLE_MOUNTED,COMBINED_DEGRADED,17,0,0,0.0,True,False
CompressedFull,MT4_PERSISTENT_MONITORING,VEHICLE_MOUNTED,COMBINED_DEGRADED,17,0,0,0.0,True,False
QuicklookFirst,MT4_PERSISTENT_MONITORING,VEHICLE_MOUNTED,COMBINED_DEGRADED,17,0,0,0.0,True,False
RoiFirst,MT4_PERSISTENT_MONITORING,VEHICLE_MOUNTED,COMBINED_DEGRADED,17,0,0,0.0,True,False
Progressive,MT4_PERSISTENT_MONITORING,VEHICLE_MOUNTED,COMBINED_DEGRADED,17,28,20,0.7142857142857143,False,False
ContactAware,MT4_PERSISTENT_MONITORING,VEHICLE_MOUNTED,COMBINED_DEGRADED,17,0,0,0.0,True,False
ThreadAwarePriority,MT4_PERSISTENT_MONITORING,VEHICLE_MOUNTED,COMBINED_DEGRADED,17,28,20,0.7142857142857143,False,False
GroundOnly,MT4_PERSISTENT_MONITORING,VEHICLE_MOUNTED,COMBINED_DEGRADED,18,0,0,0.0,True,False
CompressedFull,MT4_PERSISTENT_MONITORING,VEHICLE_MOUNTED,COMBINED_DEGRADED,18,0,0,0.0,True,False
QuicklookFirst,MT4_PERSISTENT_MONITORING,VEHICLE_MOUNTED,COMBINED_DEGRADED,18,0,0,0.0,True,False
RoiFirst,MT4_PERSISTENT_MONITORING,VEHICLE_MOUNTED,COMBINED_DEGRADED,18,0,0,0.0,True,False
Progressive,MT4_PERSISTENT_MONITORING,VEHICLE_MOUNTED,COMBINED_DEGRADED,18,28,19,0.6785714285714286,False,False
ContactAware,MT4_PERSISTENT_MONITORING,VEHICLE_MOUNTED,COMBINED_DEGRADED,18,0,0,0.0,True,False
ThreadAwarePriority,MT4_PERSISTENT_MONITORING,VEHICLE_MOUNTED,COMBINED_DEGRADED,18,28,19,0.6785714285714286,False,False
GroundOnly,MT4_PERSISTENT_MONITORING,VEHICLE_MOUNTED,COMBINED_DEGRADED,19,0,0,0.0,True,False
CompressedFull,MT4_PERSISTENT_MONITORING,VEHICLE_MOUNTED,COMBINED_DEGRADED,19,0,0,0.0,True,False
QuicklookFirst,MT4_PERSISTENT_MONITORING,VEHICLE_MOUNTED,COMBINED_DEGRADED,19,0,0,0.0,True,False
RoiFirst,MT4_PERSISTENT_MONITORING,VEHICLE_MOUNTED,COMBINED_DEGRADED,19,0,0,0.0,True,False
Progressive,MT4_PERSISTENT_MONITORING,VEHICLE_MOUNTED,COMBINED_DEGRADED,19,28,19,0.6785714285714286,False,False
ContactAware,MT4_PERSISTENT_MONITORING,VEHICLE_MOUNTED,COMBINED_DEGRADED,19,0,0,0.0,True,False
ThreadAwarePriority,MT4_PERSISTENT_MONITORING,VEHICLE_MOUNTED,COMBINED_DEGRADED,19,28,19,0.6785714285714286,False,False
GroundOnly,MT4_PERSISTENT_MONITORING,VEHICLE_MOUNTED,COMBINED_DEGRADED,20,0,0,0.0,True,False
CompressedFull,MT4_PERSISTENT_MONITORING,VEHICLE_MOUNTED,COMBINED_DEGRADED,20,0,0,0.0,True,False
QuicklookFirst,MT4_PERSISTENT_MONITORING,VEHICLE_MOUNTED,COMBINED_DEGRADED,20,0,0,0.0,True,False
RoiFirst,MT4_PERSISTENT_MONITORING,VEHICLE_MOUNTED,COMBINED_DEGRADED,20,0,0,0.0,True,False
Progressive,MT4_PERSISTENT_MONITORING,VEHICLE_MOUNTED,COMBINED_DEGRADED,20,28,21,0.75,False,False
ContactAware,MT4_PERSISTENT_MONITORING,VEHICLE_MOUNTED,COMBINED_DEGRADED,20,0,0,0.0,True,False
ThreadAwarePriority,MT4_PERSISTENT_MONITORING,VEHICLE_MOUNTED,COMBINED_DEGRADED,20,28,21,0.75,False,False
GroundOnly,MT4_PERSISTENT_MONITORING,VEHICLE_MOUNTED,COMBINED_DEGRADED,21,0,0,0.0,True,False
CompressedFull,MT4_PERSISTENT_MONITORING,VEHICLE_MOUNTED,COMBINED_DEGRADED,21,0,0,0.0,True,False
QuicklookFirst,MT4_PERSISTENT_MONITORING,VEHICLE_MOUNTED,COMBINED_DEGRADED,21,0,0,0.0,True,False
RoiFirst,MT4_PERSISTENT_MONITORING,VEHICLE_MOUNTED,COMBINED_DEGRADED,21,0,0,0.0,True,False
Progressive,MT4_PERSISTENT_MONITORING,VEHICLE_MOUNTED,COMBINED_DEGRADED,21,28,25,0.8928571428571429,False,True
ContactAware,MT4_PERSISTENT_MONITORING,VEHICLE_MOUNTED,COMBINED_DEGRADED,21,0,0,0.0,True,False
ThreadAwarePriority,MT4_PERSISTENT_MONITORING,VEHICLE_MOUNTED,COMBINED_DEGRADED,21,28,25,0.8928571428571429,False,True
GroundOnly,MT4_PERSISTENT_MONITORING,VEHICLE_MOUNTED,COMBINED_DEGRADED,22,0,0,0.0,True,False
CompressedFull,MT4_PERSISTENT_MONITORING,VEHICLE_MOUNTED,COMBINED_DEGRADED,22,0,0,0.0,True,False
QuicklookFirst,MT4_PERSISTENT_MONITORING,VEHICLE_MOUNTED,COMBINED_DEGRADED,22,0,0,0.0,True,False
RoiFirst,MT4_PERSISTENT_MONITORING,VEHICLE_MOUNTED,COMBINED_DEGRADED,22,0,0,0.0,True,False
Progressive,MT4_PERSISTENT_MONITORING,VEHICLE_MOUNTED,COMBINED_DEGRADED,22,28,17,0.6071428571428571,False,False
ContactAware,MT4_PERSISTENT_MONITORING,VEHICLE_MOUNTED,COMBINED_DEGRADED,22,0,0,0.0,True,False
ThreadAwarePriority,MT4_PERSISTENT_MONITORING,VEHICLE_MOUNTED,COMBINED_DEGRADED,22,28,17,0.6071428571428571,False,False
GroundOnly,MT4_PERSISTENT_MONITORING,VEHICLE_MOUNTED,COMBINED_DEGRADED,23,0,0,0.0,True,False
CompressedFull,MT4_PERSISTENT_MONITORING,VEHICLE_MOUNTED,COMBINED_DEGRADED,23,0,0,0.0,True,False
QuicklookFirst,MT4_PERSISTENT_MONITORING,VEHICLE_MOUNTED,COMBINED_DEGRADED,23,0,0,0.0,True,False
RoiFirst,MT4_PERSISTENT_MONITORING,VEHICLE_MOUNTED,COMBINED_DEGRADED,23,0,0,0.0,True,False
Progressive,MT4_PERSISTENT_MONITORING,VEHICLE_MOUNTED,COMBINED_DEGRADED,23,28,17,0.6071428571428571,False,False
ContactAware,MT4_PERSISTENT_MONITORING,VEHICLE_MOUNTED,COMBINED_DEGRADED,23,0,0,0.0,True,False
ThreadAwarePriority,MT4_PERSISTENT_MONITORING,VEHICLE_MOUNTED,COMBINED_DEGRADED,23,28,17,0.6071428571428571,False,False
GroundOnly,MT4_PERSISTENT_MONITORING,VEHICLE_MOUNTED,COMBINED_DEGRADED,24,0,0,0.0,True,False
CompressedFull,MT4_PERSISTENT_MONITORING,VEHICLE_MOUNTED,COMBINED_DEGRADED,24,0,0,0.0,True,False
QuicklookFirst,MT4_PERSISTENT_MONITORING,VEHICLE_MOUNTED,COMBINED_DEGRADED,24,0,0,0.0,True,False
RoiFirst,MT4_PERSISTENT_MONITORING,VEHICLE_MOUNTED,COMBINED_DEGRADED,24,0,0,0.0,True,False
Progressive,MT4_PERSISTENT_MONITORING,VEHICLE_MOUNTED,COMBINED_DEGRADED,24,28,20,0.7142857142857143,False,False
ContactAware,MT4_PERSISTENT_MONITORING,VEHICLE_MOUNTED,COMBINED_DEGRADED,24,0,0,0.0,True,False
ThreadAwarePriority,MT4_PERSISTENT_MONITORING,VEHICLE_MOUNTED,COMBINED_DEGRADED,24,28,20,0.7142857142857143,False,False
GroundOnly,MT4_PERSISTENT_MONITORING,VEHICLE_MOUNTED,COMBINED_DEGRADED,25,0,0,0.0,True,False
CompressedFull,MT4_PERSISTENT_MONITORING,VEHICLE_MOUNTED,COMBINED_DEGRADED,25,0,0,0.0,True,False
QuicklookFirst,MT4_PERSISTENT_MONITORING,VEHICLE_MOUNTED,COMBINED_DEGRADED,25,0,0,0.0,True,False
RoiFirst,MT4_PERSISTENT_MONITORING,VEHICLE_MOUNTED,COMBINED_DEGRADED,25,0,0,0.0,True,False
Progressive,MT4_PERSISTENT_MONITORING,VEHICLE_MOUNTED,COMBINED_DEGRADED,25,28,22,0.7857142857142857,False,False
ContactAware,MT4_PERSISTENT_MONITORING,VEHICLE_MOUNTED,COMBINED_DEGRADED,25,0,0,0.0,True,False
ThreadAwarePriority,MT4_PERSISTENT_MONITORING,VEHICLE_MOUNTED,COMBINED_DEGRADED,25,28,22,0.7857142857142857,False,False
GroundOnly,MT4_PERSISTENT_MONITORING,VEHICLE_MOUNTED,COMBINED_DEGRADED,26,0,0,0.0,True,False
CompressedFull,MT4_PERSISTENT_MONITORING,VEHICLE_MOUNTED,COMBINED_DEGRADED,26,0,0,0.0,True,False
QuicklookFirst,MT4_PERSISTENT_MONITORING,VEHICLE_MOUNTED,COMBINED_DEGRADED,26,0,0,0.0,True,False
RoiFirst,MT4_PERSISTENT_MONITORING,VEHICLE_MOUNTED,COMBINED_DEGRADED,26,0,0,0.0,True,False
Progressive,MT4_PERSISTENT_MONITORING,VEHICLE_MOUNTED,COMBINED_DEGRADED,26,28,20,0.7142857142857143,False,False
ContactAware,MT4_PERSISTENT_MONITORING,VEHICLE_MOUNTED,COMBINED_DEGRADED,26,0,0,0.0,True,False
ThreadAwarePriority,MT4_PERSISTENT_MONITORING,VEHICLE_MOUNTED,COMBINED_DEGRADED,26,28,20,0.7142857142857143,False,False
GroundOnly,MT4_PERSISTENT_MONITORING,VEHICLE_MOUNTED,COMBINED_DEGRADED,27,0,0,0.0,True,False
CompressedFull,MT4_PERSISTENT_MONITORING,VEHICLE_MOUNTED,COMBINED_DEGRADED,27,0,0,0.0,True,False
QuicklookFirst,MT4_PERSISTENT_MONITORING,VEHICLE_MOUNTED,COMBINED_DEGRADED,27,0,0,0.0,True,False
RoiFirst,MT4_PERSISTENT_MONITORING,VEHICLE_MOUNTED,COMBINED_DEGRADED,27,0,0,0.0,True,False
Progressive,MT4_PERSISTENT_MONITORING,VEHICLE_MOUNTED,COMBINED_DEGRADED,27,28,17,0.6071428571428571,False,False
ContactAware,MT4_PERSISTENT_MONITORING,VEHICLE_MOUNTED,COMBINED_DEGRADED,27,0,0,0.0,True,False
ThreadAwarePriority,MT4_PERSISTENT_MONITORING,VEHICLE_MOUNTED,COMBINED_DEGRADED,27,28,17,0.6071428571428571,False,False
GroundOnly,MT4_PERSISTENT_MONITORING,VEHICLE_MOUNTED,COMBINED_DEGRADED,28,0,0,0.0,True,False
CompressedFull,MT4_PERSISTENT_MONITORING,VEHICLE_MOUNTED,COMBINED_DEGRADED,28,0,0,0.0,True,False
QuicklookFirst,MT4_PERSISTENT_MONITORING,VEHICLE_MOUNTED,COMBINED_DEGRADED,28,0,0,0.0,True,False
RoiFirst,MT4_PERSISTENT_MONITORING,VEHICLE_MOUNTED,COMBINED_DEGRADED,28,0,0,0.0,True,False
Progressive,MT4_PERSISTENT_MONITORING,VEHICLE_MOUNTED,COMBINED_DEGRADED,28,28,21,0.75,False,True
ContactAware,MT4_PERSISTENT_MONITORING,VEHICLE_MOUNTED,COMBINED_DEGRADED,28,0,0,0.0,True,False
ThreadAwarePriority,MT4_PERSISTENT_MONITORING,VEHICLE_MOUNTED,COMBINED_DEGRADED,28,28,21,0.75,False,True
GroundOnly,MT4_PERSISTENT_MONITORING,VEHICLE_MOUNTED,COMBINED_DEGRADED,29,0,0,0.0,True,False
CompressedFull,MT4_PERSISTENT_MONITORING,VEHICLE_MOUNTED,COMBINED_DEGRADED,29,0,0,0.0,True,False
QuicklookFirst,MT4_PERSISTENT_MONITORING,VEHICLE_MOUNTED,COMBINED_DEGRADED,29,0,0,0.0,True,False
RoiFirst,MT4_PERSISTENT_MONITORING,VEHICLE_MOUNTED,COMBINED_DEGRADED,29,0,0,0.0,True,False
Progressive,MT4_PERSISTENT_MONITORING,VEHICLE_MOUNTED,COMBINED_DEGRADED,29,28,23,0.8214285714285714,False,False
ContactAware,MT4_PERSISTENT_MONITORING,VEHICLE_MOUNTED,COMBINED_DEGRADED,29,0,0,0.0,True,False
ThreadAwarePriority,MT4_PERSISTENT_MONITORING,VEHICLE_MOUNTED,COMBINED_DEGRADED,29,28,23,0.8214285714285714,False,False
GroundOnly,MT4_PERSISTENT_MONITORING,DISMOUNTED_MANPACK,NOMINAL,0,0,0,0.0,True,False
CompressedFull,MT4_PERSISTENT_MONITORING,DISMOUNTED_MANPACK,NOMINAL,0,0,0,0.0,True,False
QuicklookFirst,MT4_PERSISTENT_MONITORING,DISMOUNTED_MANPACK,NOMINAL,0,0,0,0.0,True,False
RoiFirst,MT4_PERSISTENT_MONITORING,DISMOUNTED_MANPACK,NOMINAL,0,0,0,0.0,True,False
Progressive,MT4_PERSISTENT_MONITORING,DISMOUNTED_MANPACK,NOMINAL,0,28,28,1.0,False,True
ContactAware,MT4_PERSISTENT_MONITORING,DISMOUNTED_MANPACK,NOMINAL,0,0,0,0.0,True,False
ThreadAwarePriority,MT4_PERSISTENT_MONITORING,DISMOUNTED_MANPACK,NOMINAL,0,28,28,1.0,False,True
GroundOnly,MT4_PERSISTENT_MONITORING,DISMOUNTED_MANPACK,NOMINAL,1,0,0,0.0,True,False
CompressedFull,MT4_PERSISTENT_MONITORING,DISMOUNTED_MANPACK,NOMINAL,1,0,0,0.0,True,False
QuicklookFirst,MT4_PERSISTENT_MONITORING,DISMOUNTED_MANPACK,NOMINAL,1,0,0,0.0,True,False
RoiFirst,MT4_PERSISTENT_MONITORING,DISMOUNTED_MANPACK,NOMINAL,1,0,0,0.0,True,False
Progressive,MT4_PERSISTENT_MONITORING,DISMOUNTED_MANPACK,NOMINAL,1,28,28,1.0,False,True
ContactAware,MT4_PERSISTENT_MONITORING,DISMOUNTED_MANPACK,NOMINAL,1,0,0,0.0,True,False
ThreadAwarePriority,MT4_PERSISTENT_MONITORING,DISMOUNTED_MANPACK,NOMINAL,1,28,28,1.0,False,True
GroundOnly,MT4_PERSISTENT_MONITORING,DISMOUNTED_MANPACK,NOMINAL,2,0,0,0.0,True,False
CompressedFull,MT4_PERSISTENT_MONITORING,DISMOUNTED_MANPACK,NOMINAL,2,0,0,0.0,True,False
QuicklookFirst,MT4_PERSISTENT_MONITORING,DISMOUNTED_MANPACK,NOMINAL,2,0,0,0.0,True,False
RoiFirst,MT4_PERSISTENT_MONITORING,DISMOUNTED_MANPACK,NOMINAL,2,0,0,0.0,True,False
Progressive,MT4_PERSISTENT_MONITORING,DISMOUNTED_MANPACK,NOMINAL,2,28,28,1.0,False,True
ContactAware,MT4_PERSISTENT_MONITORING,DISMOUNTED_MANPACK,NOMINAL,2,0,0,0.0,True,False
ThreadAwarePriority,MT4_PERSISTENT_MONITORING,DISMOUNTED_MANPACK,NOMINAL,2,28,28,1.0,False,True
GroundOnly,MT4_PERSISTENT_MONITORING,DISMOUNTED_MANPACK,NOMINAL,3,0,0,0.0,True,False
CompressedFull,MT4_PERSISTENT_MONITORING,DISMOUNTED_MANPACK,NOMINAL,3,0,0,0.0,True,False
QuicklookFirst,MT4_PERSISTENT_MONITORING,DISMOUNTED_MANPACK,NOMINAL,3,0,0,0.0,True,False
RoiFirst,MT4_PERSISTENT_MONITORING,DISMOUNTED_MANPACK,NOMINAL,3,0,0,0.0,True,False
Progressive,MT4_PERSISTENT_MONITORING,DISMOUNTED_MANPACK,NOMINAL,3,28,28,1.0,False,True
ContactAware,MT4_PERSISTENT_MONITORING,DISMOUNTED_MANPACK,NOMINAL,3,0,0,0.0,True,False
ThreadAwarePriority,MT4_PERSISTENT_MONITORING,DISMOUNTED_MANPACK,NOMINAL,3,28,28,1.0,False,True
GroundOnly,MT4_PERSISTENT_MONITORING,DISMOUNTED_MANPACK,NOMINAL,4,0,0,0.0,True,False
CompressedFull,MT4_PERSISTENT_MONITORING,DISMOUNTED_MANPACK,NOMINAL,4,0,0,0.0,True,False
QuicklookFirst,MT4_PERSISTENT_MONITORING,DISMOUNTED_MANPACK,NOMINAL,4,0,0,0.0,True,False
RoiFirst,MT4_PERSISTENT_MONITORING,DISMOUNTED_MANPACK,NOMINAL,4,0,0,0.0,True,False
Progressive,MT4_PERSISTENT_MONITORING,DISMOUNTED_MANPACK,NOMINAL,4,28,28,1.0,False,True
ContactAware,MT4_PERSISTENT_MONITORING,DISMOUNTED_MANPACK,NOMINAL,4,0,0,0.0,True,False
ThreadAwarePriority,MT4_PERSISTENT_MONITORING,DISMOUNTED_MANPACK,NOMINAL,4,28,28,1.0,False,True
GroundOnly,MT4_PERSISTENT_MONITORING,DISMOUNTED_MANPACK,NOMINAL,5,0,0,0.0,True,False
CompressedFull,MT4_PERSISTENT_MONITORING,DISMOUNTED_MANPACK,NOMINAL,5,0,0,0.0,True,False
QuicklookFirst,MT4_PERSISTENT_MONITORING,DISMOUNTED_MANPACK,NOMINAL,5,0,0,0.0,True,False
RoiFirst,MT4_PERSISTENT_MONITORING,DISMOUNTED_MANPACK,NOMINAL,5,0,0,0.0,True,False
Progressive,MT4_PERSISTENT_MONITORING,DISMOUNTED_MANPACK,NOMINAL,5,28,28,1.0,False,True
ContactAware,MT4_PERSISTENT_MONITORING,DISMOUNTED_MANPACK,NOMINAL,5,0,0,0.0,True,False
ThreadAwarePriority,MT4_PERSISTENT_MONITORING,DISMOUNTED_MANPACK,NOMINAL,5,28,28,1.0,False,True
GroundOnly,MT4_PERSISTENT_MONITORING,DISMOUNTED_MANPACK,NOMINAL,6,0,0,0.0,True,False
CompressedFull,MT4_PERSISTENT_MONITORING,DISMOUNTED_MANPACK,NOMINAL,6,0,0,0.0,True,False
QuicklookFirst,MT4_PERSISTENT_MONITORING,DISMOUNTED_MANPACK,NOMINAL,6,0,0,0.0,True,False
RoiFirst,MT4_PERSISTENT_MONITORING,DISMOUNTED_MANPACK,NOMINAL,6,0,0,0.0,True,False
Progressive,MT4_PERSISTENT_MONITORING,DISMOUNTED_MANPACK,NOMINAL,6,28,28,1.0,False,True
ContactAware,MT4_PERSISTENT_MONITORING,DISMOUNTED_MANPACK,NOMINAL,6,0,0,0.0,True,False
ThreadAwarePriority,MT4_PERSISTENT_MONITORING,DISMOUNTED_MANPACK,NOMINAL,6,28,28,1.0,False,True
GroundOnly,MT4_PERSISTENT_MONITORING,DISMOUNTED_MANPACK,NOMINAL,7,0,0,0.0,True,False
CompressedFull,MT4_PERSISTENT_MONITORING,DISMOUNTED_MANPACK,NOMINAL,7,0,0,0.0,True,False
QuicklookFirst,MT4_PERSISTENT_MONITORING,DISMOUNTED_MANPACK,NOMINAL,7,0,0,0.0,True,False
RoiFirst,MT4_PERSISTENT_MONITORING,DISMOUNTED_MANPACK,NOMINAL,7,0,0,0.0,True,False
Progressive,MT4_PERSISTENT_MONITORING,DISMOUNTED_MANPACK,NOMINAL,7,28,28,1.0,False,True
ContactAware,MT4_PERSISTENT_MONITORING,DISMOUNTED_MANPACK,NOMINAL,7,0,0,0.0,True,False
ThreadAwarePriority,MT4_PERSISTENT_MONITORING,DISMOUNTED_MANPACK,NOMINAL,7,28,28,1.0,False,True
GroundOnly,MT4_PERSISTENT_MONITORING,DISMOUNTED_MANPACK,NOMINAL,8,0,0,0.0,True,False
CompressedFull,MT4_PERSISTENT_MONITORING,DISMOUNTED_MANPACK,NOMINAL,8,0,0,0.0,True,False
QuicklookFirst,MT4_PERSISTENT_MONITORING,DISMOUNTED_MANPACK,NOMINAL,8,0,0,0.0,True,False
RoiFirst,MT4_PERSISTENT_MONITORING,DISMOUNTED_MANPACK,NOMINAL,8,0,0,0.0,True,False
Progressive,MT4_PERSISTENT_MONITORING,DISMOUNTED_MANPACK,NOMINAL,8,28,28,1.0,False,True
ContactAware,MT4_PERSISTENT_MONITORING,DISMOUNTED_MANPACK,NOMINAL,8,0,0,0.0,True,False
ThreadAwarePriority,MT4_PERSISTENT_MONITORING,DISMOUNTED_MANPACK,NOMINAL,8,28,28,1.0,False,True
GroundOnly,MT4_PERSISTENT_MONITORING,DISMOUNTED_MANPACK,NOMINAL,9,0,0,0.0,True,False
CompressedFull,MT4_PERSISTENT_MONITORING,DISMOUNTED_MANPACK,NOMINAL,9,0,0,0.0,True,False
QuicklookFirst,MT4_PERSISTENT_MONITORING,DISMOUNTED_MANPACK,NOMINAL,9,0,0,0.0,True,False
RoiFirst,MT4_PERSISTENT_MONITORING,DISMOUNTED_MANPACK,NOMINAL,9,0,0,0.0,True,False
Progressive,MT4_PERSISTENT_MONITORING,DISMOUNTED_MANPACK,NOMINAL,9,28,28,1.0,False,True
ContactAware,MT4_PERSISTENT_MONITORING,DISMOUNTED_MANPACK,NOMINAL,9,0,0,0.0,True,False
ThreadAwarePriority,MT4_PERSISTENT_MONITORING,DISMOUNTED_MANPACK,NOMINAL,9,28,28,1.0,False,True
GroundOnly,MT4_PERSISTENT_MONITORING,DISMOUNTED_MANPACK,NOMINAL,10,0,0,0.0,True,False
CompressedFull,MT4_PERSISTENT_MONITORING,DISMOUNTED_MANPACK,NOMINAL,10,0,0,0.0,True,False
QuicklookFirst,MT4_PERSISTENT_MONITORING,DISMOUNTED_MANPACK,NOMINAL,10,0,0,0.0,True,False
RoiFirst,MT4_PERSISTENT_MONITORING,DISMOUNTED_MANPACK,NOMINAL,10,0,0,0.0,True,False
Progressive,MT4_PERSISTENT_MONITORING,DISMOUNTED_MANPACK,NOMINAL,10,28,28,1.0,False,True
ContactAware,MT4_PERSISTENT_MONITORING,DISMOUNTED_MANPACK,NOMINAL,10,0,0,0.0,True,False
ThreadAwarePriority,MT4_PERSISTENT_MONITORING,DISMOUNTED_MANPACK,NOMINAL,10,28,28,1.0,False,True
GroundOnly,MT4_PERSISTENT_MONITORING,DISMOUNTED_MANPACK,NOMINAL,11,0,0,0.0,True,False
CompressedFull,MT4_PERSISTENT_MONITORING,DISMOUNTED_MANPACK,NOMINAL,11,0,0,0.0,True,False
QuicklookFirst,MT4_PERSISTENT_MONITORING,DISMOUNTED_MANPACK,NOMINAL,11,0,0,0.0,True,False
RoiFirst,MT4_PERSISTENT_MONITORING,DISMOUNTED_MANPACK,NOMINAL,11,0,0,0.0,True,False
Progressive,MT4_PERSISTENT_MONITORING,DISMOUNTED_MANPACK,NOMINAL,11,28,28,1.0,False,True
ContactAware,MT4_PERSISTENT_MONITORING,DISMOUNTED_MANPACK,NOMINAL,11,0,0,0.0,True,False
ThreadAwarePriority,MT4_PERSISTENT_MONITORING,DISMOUNTED_MANPACK,NOMINAL,11,28,28,1.0,False,True
GroundOnly,MT4_PERSISTENT_MONITORING,DISMOUNTED_MANPACK,NOMINAL,12,0,0,0.0,True,False
CompressedFull,MT4_PERSISTENT_MONITORING,DISMOUNTED_MANPACK,NOMINAL,12,0,0,0.0,True,False
QuicklookFirst,MT4_PERSISTENT_MONITORING,DISMOUNTED_MANPACK,NOMINAL,12,0,0,0.0,True,False
RoiFirst,MT4_PERSISTENT_MONITORING,DISMOUNTED_MANPACK,NOMINAL,12,0,0,0.0,True,False
Progressive,MT4_PERSISTENT_MONITORING,DISMOUNTED_MANPACK,NOMINAL,12,28,28,1.0,False,True
ContactAware,MT4_PERSISTENT_MONITORING,DISMOUNTED_MANPACK,NOMINAL,12,0,0,0.0,True,False
ThreadAwarePriority,MT4_PERSISTENT_MONITORING,DISMOUNTED_MANPACK,NOMINAL,12,28,28,1.0,False,True
GroundOnly,MT4_PERSISTENT_MONITORING,DISMOUNTED_MANPACK,NOMINAL,13,0,0,0.0,True,False
CompressedFull,MT4_PERSISTENT_MONITORING,DISMOUNTED_MANPACK,NOMINAL,13,0,0,0.0,True,False
QuicklookFirst,MT4_PERSISTENT_MONITORING,DISMOUNTED_MANPACK,NOMINAL,13,0,0,0.0,True,False
RoiFirst,MT4_PERSISTENT_MONITORING,DISMOUNTED_MANPACK,NOMINAL,13,0,0,0.0,True,False
Progressive,MT4_PERSISTENT_MONITORING,DISMOUNTED_MANPACK,NOMINAL,13,28,28,1.0,False,True
ContactAware,MT4_PERSISTENT_MONITORING,DISMOUNTED_MANPACK,NOMINAL,13,0,0,0.0,True,False
ThreadAwarePriority,MT4_PERSISTENT_MONITORING,DISMOUNTED_MANPACK,NOMINAL,13,28,28,1.0,False,True
GroundOnly,MT4_PERSISTENT_MONITORING,DISMOUNTED_MANPACK,NOMINAL,14,0,0,0.0,True,False
CompressedFull,MT4_PERSISTENT_MONITORING,DISMOUNTED_MANPACK,NOMINAL,14,0,0,0.0,True,False
QuicklookFirst,MT4_PERSISTENT_MONITORING,DISMOUNTED_MANPACK,NOMINAL,14,0,0,0.0,True,False
RoiFirst,MT4_PERSISTENT_MONITORING,DISMOUNTED_MANPACK,NOMINAL,14,0,0,0.0,True,False
Progressive,MT4_PERSISTENT_MONITORING,DISMOUNTED_MANPACK,NOMINAL,14,28,28,1.0,False,True
ContactAware,MT4_PERSISTENT_MONITORING,DISMOUNTED_MANPACK,NOMINAL,14,0,0,0.0,True,False
ThreadAwarePriority,MT4_PERSISTENT_MONITORING,DISMOUNTED_MANPACK,NOMINAL,14,28,28,1.0,False,True
GroundOnly,MT4_PERSISTENT_MONITORING,DISMOUNTED_MANPACK,NOMINAL,15,0,0,0.0,True,False
CompressedFull,MT4_PERSISTENT_MONITORING,DISMOUNTED_MANPACK,NOMINAL,15,0,0,0.0,True,False
QuicklookFirst,MT4_PERSISTENT_MONITORING,DISMOUNTED_MANPACK,NOMINAL,15,0,0,0.0,True,False
RoiFirst,MT4_PERSISTENT_MONITORING,DISMOUNTED_MANPACK,NOMINAL,15,0,0,0.0,True,False
Progressive,MT4_PERSISTENT_MONITORING,DISMOUNTED_MANPACK,NOMINAL,15,28,28,1.0,False,True
ContactAware,MT4_PERSISTENT_MONITORING,DISMOUNTED_MANPACK,NOMINAL,15,0,0,0.0,True,False
ThreadAwarePriority,MT4_PERSISTENT_MONITORING,DISMOUNTED_MANPACK,NOMINAL,15,28,28,1.0,False,True
GroundOnly,MT4_PERSISTENT_MONITORING,DISMOUNTED_MANPACK,NOMINAL,16,0,0,0.0,True,False
CompressedFull,MT4_PERSISTENT_MONITORING,DISMOUNTED_MANPACK,NOMINAL,16,0,0,0.0,True,False
QuicklookFirst,MT4_PERSISTENT_MONITORING,DISMOUNTED_MANPACK,NOMINAL,16,0,0,0.0,True,False
RoiFirst,MT4_PERSISTENT_MONITORING,DISMOUNTED_MANPACK,NOMINAL,16,0,0,0.0,True,False
Progressive,MT4_PERSISTENT_MONITORING,DISMOUNTED_MANPACK,NOMINAL,16,28,28,1.0,False,True
ContactAware,MT4_PERSISTENT_MONITORING,DISMOUNTED_MANPACK,NOMINAL,16,0,0,0.0,True,False
ThreadAwarePriority,MT4_PERSISTENT_MONITORING,DISMOUNTED_MANPACK,NOMINAL,16,28,28,1.0,False,True
GroundOnly,MT4_PERSISTENT_MONITORING,DISMOUNTED_MANPACK,NOMINAL,17,0,0,0.0,True,False
CompressedFull,MT4_PERSISTENT_MONITORING,DISMOUNTED_MANPACK,NOMINAL,17,0,0,0.0,True,False
QuicklookFirst,MT4_PERSISTENT_MONITORING,DISMOUNTED_MANPACK,NOMINAL,17,0,0,0.0,True,False
RoiFirst,MT4_PERSISTENT_MONITORING,DISMOUNTED_MANPACK,NOMINAL,17,0,0,0.0,True,False
Progressive,MT4_PERSISTENT_MONITORING,DISMOUNTED_MANPACK,NOMINAL,17,28,28,1.0,False,True
ContactAware,MT4_PERSISTENT_MONITORING,DISMOUNTED_MANPACK,NOMINAL,17,0,0,0.0,True,False
ThreadAwarePriority,MT4_PERSISTENT_MONITORING,DISMOUNTED_MANPACK,NOMINAL,17,28,28,1.0,False,True
GroundOnly,MT4_PERSISTENT_MONITORING,DISMOUNTED_MANPACK,NOMINAL,18,0,0,0.0,True,False
CompressedFull,MT4_PERSISTENT_MONITORING,DISMOUNTED_MANPACK,NOMINAL,18,0,0,0.0,True,False
QuicklookFirst,MT4_PERSISTENT_MONITORING,DISMOUNTED_MANPACK,NOMINAL,18,0,0,0.0,True,False
RoiFirst,MT4_PERSISTENT_MONITORING,DISMOUNTED_MANPACK,NOMINAL,18,0,0,0.0,True,False
Progressive,MT4_PERSISTENT_MONITORING,DISMOUNTED_MANPACK,NOMINAL,18,28,28,1.0,False,True
ContactAware,MT4_PERSISTENT_MONITORING,DISMOUNTED_MANPACK,NOMINAL,18,0,0,0.0,True,False
ThreadAwarePriority,MT4_PERSISTENT_MONITORING,DISMOUNTED_MANPACK,NOMINAL,18,28,28,1.0,False,True
GroundOnly,MT4_PERSISTENT_MONITORING,DISMOUNTED_MANPACK,NOMINAL,19,0,0,0.0,True,False
CompressedFull,MT4_PERSISTENT_MONITORING,DISMOUNTED_MANPACK,NOMINAL,19,0,0,0.0,True,False
QuicklookFirst,MT4_PERSISTENT_MONITORING,DISMOUNTED_MANPACK,NOMINAL,19,0,0,0.0,True,False
RoiFirst,MT4_PERSISTENT_MONITORING,DISMOUNTED_MANPACK,NOMINAL,19,0,0,0.0,True,False
Progressive,MT4_PERSISTENT_MONITORING,DISMOUNTED_MANPACK,NOMINAL,19,28,28,1.0,False,True
ContactAware,MT4_PERSISTENT_MONITORING,DISMOUNTED_MANPACK,NOMINAL,19,0,0,0.0,True,False
ThreadAwarePriority,MT4_PERSISTENT_MONITORING,DISMOUNTED_MANPACK,NOMINAL,19,28,28,1.0,False,True
GroundOnly,MT4_PERSISTENT_MONITORING,DISMOUNTED_MANPACK,NOMINAL,20,0,0,0.0,True,False
CompressedFull,MT4_PERSISTENT_MONITORING,DISMOUNTED_MANPACK,NOMINAL,20,0,0,0.0,True,False
QuicklookFirst,MT4_PERSISTENT_MONITORING,DISMOUNTED_MANPACK,NOMINAL,20,0,0,0.0,True,False
RoiFirst,MT4_PERSISTENT_MONITORING,DISMOUNTED_MANPACK,NOMINAL,20,0,0,0.0,True,False
Progressive,MT4_PERSISTENT_MONITORING,DISMOUNTED_MANPACK,NOMINAL,20,28,28,1.0,False,True
ContactAware,MT4_PERSISTENT_MONITORING,DISMOUNTED_MANPACK,NOMINAL,20,0,0,0.0,True,False
ThreadAwarePriority,MT4_PERSISTENT_MONITORING,DISMOUNTED_MANPACK,NOMINAL,20,28,28,1.0,False,True
GroundOnly,MT4_PERSISTENT_MONITORING,DISMOUNTED_MANPACK,NOMINAL,21,0,0,0.0,True,False
CompressedFull,MT4_PERSISTENT_MONITORING,DISMOUNTED_MANPACK,NOMINAL,21,0,0,0.0,True,False
QuicklookFirst,MT4_PERSISTENT_MONITORING,DISMOUNTED_MANPACK,NOMINAL,21,0,0,0.0,True,False
RoiFirst,MT4_PERSISTENT_MONITORING,DISMOUNTED_MANPACK,NOMINAL,21,0,0,0.0,True,False
Progressive,MT4_PERSISTENT_MONITORING,DISMOUNTED_MANPACK,NOMINAL,21,28,28,1.0,False,True
ContactAware,MT4_PERSISTENT_MONITORING,DISMOUNTED_MANPACK,NOMINAL,21,0,0,0.0,True,False
ThreadAwarePriority,MT4_PERSISTENT_MONITORING,DISMOUNTED_MANPACK,NOMINAL,21,28,28,1.0,False,True
GroundOnly,MT4_PERSISTENT_MONITORING,DISMOUNTED_MANPACK,NOMINAL,22,0,0,0.0,True,False
CompressedFull,MT4_PERSISTENT_MONITORING,DISMOUNTED_MANPACK,NOMINAL,22,0,0,0.0,True,False
QuicklookFirst,MT4_PERSISTENT_MONITORING,DISMOUNTED_MANPACK,NOMINAL,22,0,0,0.0,True,False
RoiFirst,MT4_PERSISTENT_MONITORING,DISMOUNTED_MANPACK,NOMINAL,22,0,0,0.0,True,False
Progressive,MT4_PERSISTENT_MONITORING,DISMOUNTED_MANPACK,NOMINAL,22,28,28,1.0,False,True
ContactAware,MT4_PERSISTENT_MONITORING,DISMOUNTED_MANPACK,NOMINAL,22,0,0,0.0,True,False
ThreadAwarePriority,MT4_PERSISTENT_MONITORING,DISMOUNTED_MANPACK,NOMINAL,22,28,28,1.0,False,True
GroundOnly,MT4_PERSISTENT_MONITORING,DISMOUNTED_MANPACK,NOMINAL,23,0,0,0.0,True,False
CompressedFull,MT4_PERSISTENT_MONITORING,DISMOUNTED_MANPACK,NOMINAL,23,0,0,0.0,True,False
QuicklookFirst,MT4_PERSISTENT_MONITORING,DISMOUNTED_MANPACK,NOMINAL,23,0,0,0.0,True,False
RoiFirst,MT4_PERSISTENT_MONITORING,DISMOUNTED_MANPACK,NOMINAL,23,0,0,0.0,True,False
Progressive,MT4_PERSISTENT_MONITORING,DISMOUNTED_MANPACK,NOMINAL,23,28,28,1.0,False,True
ContactAware,MT4_PERSISTENT_MONITORING,DISMOUNTED_MANPACK,NOMINAL,23,0,0,0.0,True,False
ThreadAwarePriority,MT4_PERSISTENT_MONITORING,DISMOUNTED_MANPACK,NOMINAL,23,28,28,1.0,False,True
GroundOnly,MT4_PERSISTENT_MONITORING,DISMOUNTED_MANPACK,NOMINAL,24,0,0,0.0,True,False
CompressedFull,MT4_PERSISTENT_MONITORING,DISMOUNTED_MANPACK,NOMINAL,24,0,0,0.0,True,False
QuicklookFirst,MT4_PERSISTENT_MONITORING,DISMOUNTED_MANPACK,NOMINAL,24,0,0,0.0,True,False
RoiFirst,MT4_PERSISTENT_MONITORING,DISMOUNTED_MANPACK,NOMINAL,24,0,0,0.0,True,False
Progressive,MT4_PERSISTENT_MONITORING,DISMOUNTED_MANPACK,NOMINAL,24,28,28,1.0,False,True
ContactAware,MT4_PERSISTENT_MONITORING,DISMOUNTED_MANPACK,NOMINAL,24,0,0,0.0,True,False
ThreadAwarePriority,MT4_PERSISTENT_MONITORING,DISMOUNTED_MANPACK,NOMINAL,24,28,28,1.0,False,True
GroundOnly,MT4_PERSISTENT_MONITORING,DISMOUNTED_MANPACK,NOMINAL,25,0,0,0.0,True,False
CompressedFull,MT4_PERSISTENT_MONITORING,DISMOUNTED_MANPACK,NOMINAL,25,0,0,0.0,True,False
QuicklookFirst,MT4_PERSISTENT_MONITORING,DISMOUNTED_MANPACK,NOMINAL,25,0,0,0.0,True,False
RoiFirst,MT4_PERSISTENT_MONITORING,DISMOUNTED_MANPACK,NOMINAL,25,0,0,0.0,True,False
Progressive,MT4_PERSISTENT_MONITORING,DISMOUNTED_MANPACK,NOMINAL,25,28,28,1.0,False,True
ContactAware,MT4_PERSISTENT_MONITORING,DISMOUNTED_MANPACK,NOMINAL,25,0,0,0.0,True,False
ThreadAwarePriority,MT4_PERSISTENT_MONITORING,DISMOUNTED_MANPACK,NOMINAL,25,28,28,1.0,False,True
GroundOnly,MT4_PERSISTENT_MONITORING,DISMOUNTED_MANPACK,NOMINAL,26,0,0,0.0,True,False
CompressedFull,MT4_PERSISTENT_MONITORING,DISMOUNTED_MANPACK,NOMINAL,26,0,0,0.0,True,False
QuicklookFirst,MT4_PERSISTENT_MONITORING,DISMOUNTED_MANPACK,NOMINAL,26,0,0,0.0,True,False
RoiFirst,MT4_PERSISTENT_MONITORING,DISMOUNTED_MANPACK,NOMINAL,26,0,0,0.0,True,False
Progressive,MT4_PERSISTENT_MONITORING,DISMOUNTED_MANPACK,NOMINAL,26,28,28,1.0,False,True
ContactAware,MT4_PERSISTENT_MONITORING,DISMOUNTED_MANPACK,NOMINAL,26,0,0,0.0,True,False
ThreadAwarePriority,MT4_PERSISTENT_MONITORING,DISMOUNTED_MANPACK,NOMINAL,26,28,28,1.0,False,True
GroundOnly,MT4_PERSISTENT_MONITORING,DISMOUNTED_MANPACK,NOMINAL,27,0,0,0.0,True,False
CompressedFull,MT4_PERSISTENT_MONITORING,DISMOUNTED_MANPACK,NOMINAL,27,0,0,0.0,True,False
QuicklookFirst,MT4_PERSISTENT_MONITORING,DISMOUNTED_MANPACK,NOMINAL,27,0,0,0.0,True,False
RoiFirst,MT4_PERSISTENT_MONITORING,DISMOUNTED_MANPACK,NOMINAL,27,0,0,0.0,True,False
Progressive,MT4_PERSISTENT_MONITORING,DISMOUNTED_MANPACK,NOMINAL,27,28,28,1.0,False,True
ContactAware,MT4_PERSISTENT_MONITORING,DISMOUNTED_MANPACK,NOMINAL,27,0,0,0.0,True,False
ThreadAwarePriority,MT4_PERSISTENT_MONITORING,DISMOUNTED_MANPACK,NOMINAL,27,28,28,1.0,False,True
GroundOnly,MT4_PERSISTENT_MONITORING,DISMOUNTED_MANPACK,NOMINAL,28,0,0,0.0,True,False
CompressedFull,MT4_PERSISTENT_MONITORING,DISMOUNTED_MANPACK,NOMINAL,28,0,0,0.0,True,False
QuicklookFirst,MT4_PERSISTENT_MONITORING,DISMOUNTED_MANPACK,NOMINAL,28,0,0,0.0,True,False
RoiFirst,MT4_PERSISTENT_MONITORING,DISMOUNTED_MANPACK,NOMINAL,28,0,0,0.0,True,False
Progressive,MT4_PERSISTENT_MONITORING,DISMOUNTED_MANPACK,NOMINAL,28,28,28,1.0,False,True
ContactAware,MT4_PERSISTENT_MONITORING,DISMOUNTED_MANPACK,NOMINAL,28,0,0,0.0,True,False
ThreadAwarePriority,MT4_PERSISTENT_MONITORING,DISMOUNTED_MANPACK,NOMINAL,28,28,28,1.0,False,True
GroundOnly,MT4_PERSISTENT_MONITORING,DISMOUNTED_MANPACK,NOMINAL,29,0,0,0.0,True,False
CompressedFull,MT4_PERSISTENT_MONITORING,DISMOUNTED_MANPACK,NOMINAL,29,0,0,0.0,True,False
QuicklookFirst,MT4_PERSISTENT_MONITORING,DISMOUNTED_MANPACK,NOMINAL,29,0,0,0.0,True,False
RoiFirst,MT4_PERSISTENT_MONITORING,DISMOUNTED_MANPACK,NOMINAL,29,0,0,0.0,True,False
Progressive,MT4_PERSISTENT_MONITORING,DISMOUNTED_MANPACK,NOMINAL,29,28,28,1.0,False,True
ContactAware,MT4_PERSISTENT_MONITORING,DISMOUNTED_MANPACK,NOMINAL,29,0,0,0.0,True,False
ThreadAwarePriority,MT4_PERSISTENT_MONITORING,DISMOUNTED_MANPACK,NOMINAL,29,28,28,1.0,False,True
GroundOnly,MT4_PERSISTENT_MONITORING,DISMOUNTED_MANPACK,INTERFERENCE,0,0,0,0.0,True,False
CompressedFull,MT4_PERSISTENT_MONITORING,DISMOUNTED_MANPACK,INTERFERENCE,0,0,0,0.0,True,False
QuicklookFirst,MT4_PERSISTENT_MONITORING,DISMOUNTED_MANPACK,INTERFERENCE,0,0,0,0.0,True,False
RoiFirst,MT4_PERSISTENT_MONITORING,DISMOUNTED_MANPACK,INTERFERENCE,0,0,0,0.0,True,False
Progressive,MT4_PERSISTENT_MONITORING,DISMOUNTED_MANPACK,INTERFERENCE,0,28,28,1.0,False,True
ContactAware,MT4_PERSISTENT_MONITORING,DISMOUNTED_MANPACK,INTERFERENCE,0,0,0,0.0,True,False
ThreadAwarePriority,MT4_PERSISTENT_MONITORING,DISMOUNTED_MANPACK,INTERFERENCE,0,28,28,1.0,False,True
GroundOnly,MT4_PERSISTENT_MONITORING,DISMOUNTED_MANPACK,INTERFERENCE,1,0,0,0.0,True,False
CompressedFull,MT4_PERSISTENT_MONITORING,DISMOUNTED_MANPACK,INTERFERENCE,1,0,0,0.0,True,False
QuicklookFirst,MT4_PERSISTENT_MONITORING,DISMOUNTED_MANPACK,INTERFERENCE,1,0,0,0.0,True,False
RoiFirst,MT4_PERSISTENT_MONITORING,DISMOUNTED_MANPACK,INTERFERENCE,1,0,0,0.0,True,False
Progressive,MT4_PERSISTENT_MONITORING,DISMOUNTED_MANPACK,INTERFERENCE,1,28,28,1.0,False,True
ContactAware,MT4_PERSISTENT_MONITORING,DISMOUNTED_MANPACK,INTERFERENCE,1,0,0,0.0,True,False
ThreadAwarePriority,MT4_PERSISTENT_MONITORING,DISMOUNTED_MANPACK,INTERFERENCE,1,28,28,1.0,False,True
GroundOnly,MT4_PERSISTENT_MONITORING,DISMOUNTED_MANPACK,INTERFERENCE,2,0,0,0.0,True,False
CompressedFull,MT4_PERSISTENT_MONITORING,DISMOUNTED_MANPACK,INTERFERENCE,2,0,0,0.0,True,False
QuicklookFirst,MT4_PERSISTENT_MONITORING,DISMOUNTED_MANPACK,INTERFERENCE,2,0,0,0.0,True,False
RoiFirst,MT4_PERSISTENT_MONITORING,DISMOUNTED_MANPACK,INTERFERENCE,2,0,0,0.0,True,False
Progressive,MT4_PERSISTENT_MONITORING,DISMOUNTED_MANPACK,INTERFERENCE,2,28,28,1.0,False,True
ContactAware,MT4_PERSISTENT_MONITORING,DISMOUNTED_MANPACK,INTERFERENCE,2,0,0,0.0,True,False
ThreadAwarePriority,MT4_PERSISTENT_MONITORING,DISMOUNTED_MANPACK,INTERFERENCE,2,28,28,1.0,False,True
GroundOnly,MT4_PERSISTENT_MONITORING,DISMOUNTED_MANPACK,INTERFERENCE,3,0,0,0.0,True,False
CompressedFull,MT4_PERSISTENT_MONITORING,DISMOUNTED_MANPACK,INTERFERENCE,3,0,0,0.0,True,False
QuicklookFirst,MT4_PERSISTENT_MONITORING,DISMOUNTED_MANPACK,INTERFERENCE,3,0,0,0.0,True,False
RoiFirst,MT4_PERSISTENT_MONITORING,DISMOUNTED_MANPACK,INTERFERENCE,3,0,0,0.0,True,False
Progressive,MT4_PERSISTENT_MONITORING,DISMOUNTED_MANPACK,INTERFERENCE,3,28,28,1.0,False,True
ContactAware,MT4_PERSISTENT_MONITORING,DISMOUNTED_MANPACK,INTERFERENCE,3,0,0,0.0,True,False
ThreadAwarePriority,MT4_PERSISTENT_MONITORING,DISMOUNTED_MANPACK,INTERFERENCE,3,28,28,1.0,False,True
GroundOnly,MT4_PERSISTENT_MONITORING,DISMOUNTED_MANPACK,INTERFERENCE,4,0,0,0.0,True,False
CompressedFull,MT4_PERSISTENT_MONITORING,DISMOUNTED_MANPACK,INTERFERENCE,4,0,0,0.0,True,False
QuicklookFirst,MT4_PERSISTENT_MONITORING,DISMOUNTED_MANPACK,INTERFERENCE,4,0,0,0.0,True,False
RoiFirst,MT4_PERSISTENT_MONITORING,DISMOUNTED_MANPACK,INTERFERENCE,4,0,0,0.0,True,False
Progressive,MT4_PERSISTENT_MONITORING,DISMOUNTED_MANPACK,INTERFERENCE,4,28,28,1.0,False,True
ContactAware,MT4_PERSISTENT_MONITORING,DISMOUNTED_MANPACK,INTERFERENCE,4,0,0,0.0,True,False
ThreadAwarePriority,MT4_PERSISTENT_MONITORING,DISMOUNTED_MANPACK,INTERFERENCE,4,28,28,1.0,False,True
GroundOnly,MT4_PERSISTENT_MONITORING,DISMOUNTED_MANPACK,INTERFERENCE,5,0,0,0.0,True,False
CompressedFull,MT4_PERSISTENT_MONITORING,DISMOUNTED_MANPACK,INTERFERENCE,5,0,0,0.0,True,False
QuicklookFirst,MT4_PERSISTENT_MONITORING,DISMOUNTED_MANPACK,INTERFERENCE,5,0,0,0.0,True,False
RoiFirst,MT4_PERSISTENT_MONITORING,DISMOUNTED_MANPACK,INTERFERENCE,5,0,0,0.0,True,False
Progressive,MT4_PERSISTENT_MONITORING,DISMOUNTED_MANPACK,INTERFERENCE,5,28,28,1.0,False,True
ContactAware,MT4_PERSISTENT_MONITORING,DISMOUNTED_MANPACK,INTERFERENCE,5,0,0,0.0,True,False
ThreadAwarePriority,MT4_PERSISTENT_MONITORING,DISMOUNTED_MANPACK,INTERFERENCE,5,28,28,1.0,False,True
GroundOnly,MT4_PERSISTENT_MONITORING,DISMOUNTED_MANPACK,INTERFERENCE,6,0,0,0.0,True,False
CompressedFull,MT4_PERSISTENT_MONITORING,DISMOUNTED_MANPACK,INTERFERENCE,6,0,0,0.0,True,False
QuicklookFirst,MT4_PERSISTENT_MONITORING,DISMOUNTED_MANPACK,INTERFERENCE,6,0,0,0.0,True,False
RoiFirst,MT4_PERSISTENT_MONITORING,DISMOUNTED_MANPACK,INTERFERENCE,6,0,0,0.0,True,False
Progressive,MT4_PERSISTENT_MONITORING,DISMOUNTED_MANPACK,INTERFERENCE,6,28,28,1.0,False,True
ContactAware,MT4_PERSISTENT_MONITORING,DISMOUNTED_MANPACK,INTERFERENCE,6,0,0,0.0,True,False
ThreadAwarePriority,MT4_PERSISTENT_MONITORING,DISMOUNTED_MANPACK,INTERFERENCE,6,28,28,1.0,False,True
GroundOnly,MT4_PERSISTENT_MONITORING,DISMOUNTED_MANPACK,INTERFERENCE,7,0,0,0.0,True,False
CompressedFull,MT4_PERSISTENT_MONITORING,DISMOUNTED_MANPACK,INTERFERENCE,7,0,0,0.0,True,False
QuicklookFirst,MT4_PERSISTENT_MONITORING,DISMOUNTED_MANPACK,INTERFERENCE,7,0,0,0.0,True,False
RoiFirst,MT4_PERSISTENT_MONITORING,DISMOUNTED_MANPACK,INTERFERENCE,7,0,0,0.0,True,False
Progressive,MT4_PERSISTENT_MONITORING,DISMOUNTED_MANPACK,INTERFERENCE,7,28,28,1.0,False,True
ContactAware,MT4_PERSISTENT_MONITORING,DISMOUNTED_MANPACK,INTERFERENCE,7,0,0,0.0,True,False
ThreadAwarePriority,MT4_PERSISTENT_MONITORING,DISMOUNTED_MANPACK,INTERFERENCE,7,28,28,1.0,False,True
GroundOnly,MT4_PERSISTENT_MONITORING,DISMOUNTED_MANPACK,INTERFERENCE,8,0,0,0.0,True,False
CompressedFull,MT4_PERSISTENT_MONITORING,DISMOUNTED_MANPACK,INTERFERENCE,8,0,0,0.0,True,False
QuicklookFirst,MT4_PERSISTENT_MONITORING,DISMOUNTED_MANPACK,INTERFERENCE,8,0,0,0.0,True,False
RoiFirst,MT4_PERSISTENT_MONITORING,DISMOUNTED_MANPACK,INTERFERENCE,8,0,0,0.0,True,False
Progressive,MT4_PERSISTENT_MONITORING,DISMOUNTED_MANPACK,INTERFERENCE,8,28,28,1.0,False,True
ContactAware,MT4_PERSISTENT_MONITORING,DISMOUNTED_MANPACK,INTERFERENCE,8,0,0,0.0,True,False
ThreadAwarePriority,MT4_PERSISTENT_MONITORING,DISMOUNTED_MANPACK,INTERFERENCE,8,28,28,1.0,False,True
GroundOnly,MT4_PERSISTENT_MONITORING,DISMOUNTED_MANPACK,INTERFERENCE,9,0,0,0.0,True,False
CompressedFull,MT4_PERSISTENT_MONITORING,DISMOUNTED_MANPACK,INTERFERENCE,9,0,0,0.0,True,False
QuicklookFirst,MT4_PERSISTENT_MONITORING,DISMOUNTED_MANPACK,INTERFERENCE,9,0,0,0.0,True,False
RoiFirst,MT4_PERSISTENT_MONITORING,DISMOUNTED_MANPACK,INTERFERENCE,9,0,0,0.0,True,False
Progressive,MT4_PERSISTENT_MONITORING,DISMOUNTED_MANPACK,INTERFERENCE,9,28,28,1.0,False,True
ContactAware,MT4_PERSISTENT_MONITORING,DISMOUNTED_MANPACK,INTERFERENCE,9,0,0,0.0,True,False
ThreadAwarePriority,MT4_PERSISTENT_MONITORING,DISMOUNTED_MANPACK,INTERFERENCE,9,28,28,1.0,False,True
GroundOnly,MT4_PERSISTENT_MONITORING,DISMOUNTED_MANPACK,INTERFERENCE,10,0,0,0.0,True,False
CompressedFull,MT4_PERSISTENT_MONITORING,DISMOUNTED_MANPACK,INTERFERENCE,10,0,0,0.0,True,False
QuicklookFirst,MT4_PERSISTENT_MONITORING,DISMOUNTED_MANPACK,INTERFERENCE,10,0,0,0.0,True,False
RoiFirst,MT4_PERSISTENT_MONITORING,DISMOUNTED_MANPACK,INTERFERENCE,10,0,0,0.0,True,False
Progressive,MT4_PERSISTENT_MONITORING,DISMOUNTED_MANPACK,INTERFERENCE,10,28,28,1.0,False,True
ContactAware,MT4_PERSISTENT_MONITORING,DISMOUNTED_MANPACK,INTERFERENCE,10,0,0,0.0,True,False
ThreadAwarePriority,MT4_PERSISTENT_MONITORING,DISMOUNTED_MANPACK,INTERFERENCE,10,28,28,1.0,False,True
GroundOnly,MT4_PERSISTENT_MONITORING,DISMOUNTED_MANPACK,INTERFERENCE,11,0,0,0.0,True,False
CompressedFull,MT4_PERSISTENT_MONITORING,DISMOUNTED_MANPACK,INTERFERENCE,11,0,0,0.0,True,False
QuicklookFirst,MT4_PERSISTENT_MONITORING,DISMOUNTED_MANPACK,INTERFERENCE,11,0,0,0.0,True,False
RoiFirst,MT4_PERSISTENT_MONITORING,DISMOUNTED_MANPACK,INTERFERENCE,11,0,0,0.0,True,False
Progressive,MT4_PERSISTENT_MONITORING,DISMOUNTED_MANPACK,INTERFERENCE,11,28,28,1.0,False,True
ContactAware,MT4_PERSISTENT_MONITORING,DISMOUNTED_MANPACK,INTERFERENCE,11,0,0,0.0,True,False
ThreadAwarePriority,MT4_PERSISTENT_MONITORING,DISMOUNTED_MANPACK,INTERFERENCE,11,28,28,1.0,False,True
GroundOnly,MT4_PERSISTENT_MONITORING,DISMOUNTED_MANPACK,INTERFERENCE,12,0,0,0.0,True,False
CompressedFull,MT4_PERSISTENT_MONITORING,DISMOUNTED_MANPACK,INTERFERENCE,12,0,0,0.0,True,False
QuicklookFirst,MT4_PERSISTENT_MONITORING,DISMOUNTED_MANPACK,INTERFERENCE,12,0,0,0.0,True,False
RoiFirst,MT4_PERSISTENT_MONITORING,DISMOUNTED_MANPACK,INTERFERENCE,12,0,0,0.0,True,False
Progressive,MT4_PERSISTENT_MONITORING,DISMOUNTED_MANPACK,INTERFERENCE,12,28,28,1.0,False,True
ContactAware,MT4_PERSISTENT_MONITORING,DISMOUNTED_MANPACK,INTERFERENCE,12,0,0,0.0,True,False
ThreadAwarePriority,MT4_PERSISTENT_MONITORING,DISMOUNTED_MANPACK,INTERFERENCE,12,28,28,1.0,False,True
GroundOnly,MT4_PERSISTENT_MONITORING,DISMOUNTED_MANPACK,INTERFERENCE,13,0,0,0.0,True,False
CompressedFull,MT4_PERSISTENT_MONITORING,DISMOUNTED_MANPACK,INTERFERENCE,13,0,0,0.0,True,False
QuicklookFirst,MT4_PERSISTENT_MONITORING,DISMOUNTED_MANPACK,INTERFERENCE,13,0,0,0.0,True,False
RoiFirst,MT4_PERSISTENT_MONITORING,DISMOUNTED_MANPACK,INTERFERENCE,13,0,0,0.0,True,False
Progressive,MT4_PERSISTENT_MONITORING,DISMOUNTED_MANPACK,INTERFERENCE,13,28,28,1.0,False,True
ContactAware,MT4_PERSISTENT_MONITORING,DISMOUNTED_MANPACK,INTERFERENCE,13,0,0,0.0,True,False
ThreadAwarePriority,MT4_PERSISTENT_MONITORING,DISMOUNTED_MANPACK,INTERFERENCE,13,28,28,1.0,False,True
GroundOnly,MT4_PERSISTENT_MONITORING,DISMOUNTED_MANPACK,INTERFERENCE,14,0,0,0.0,True,False
CompressedFull,MT4_PERSISTENT_MONITORING,DISMOUNTED_MANPACK,INTERFERENCE,14,0,0,0.0,True,False
QuicklookFirst,MT4_PERSISTENT_MONITORING,DISMOUNTED_MANPACK,INTERFERENCE,14,0,0,0.0,True,False
RoiFirst,MT4_PERSISTENT_MONITORING,DISMOUNTED_MANPACK,INTERFERENCE,14,0,0,0.0,True,False
Progressive,MT4_PERSISTENT_MONITORING,DISMOUNTED_MANPACK,INTERFERENCE,14,28,28,1.0,False,True
ContactAware,MT4_PERSISTENT_MONITORING,DISMOUNTED_MANPACK,INTERFERENCE,14,0,0,0.0,True,False
ThreadAwarePriority,MT4_PERSISTENT_MONITORING,DISMOUNTED_MANPACK,INTERFERENCE,14,28,28,1.0,False,True
GroundOnly,MT4_PERSISTENT_MONITORING,DISMOUNTED_MANPACK,INTERFERENCE,15,0,0,0.0,True,False
CompressedFull,MT4_PERSISTENT_MONITORING,DISMOUNTED_MANPACK,INTERFERENCE,15,0,0,0.0,True,False
QuicklookFirst,MT4_PERSISTENT_MONITORING,DISMOUNTED_MANPACK,INTERFERENCE,15,0,0,0.0,True,False
RoiFirst,MT4_PERSISTENT_MONITORING,DISMOUNTED_MANPACK,INTERFERENCE,15,0,0,0.0,True,False
Progressive,MT4_PERSISTENT_MONITORING,DISMOUNTED_MANPACK,INTERFERENCE,15,28,28,1.0,False,True
ContactAware,MT4_PERSISTENT_MONITORING,DISMOUNTED_MANPACK,INTERFERENCE,15,0,0,0.0,True,False
ThreadAwarePriority,MT4_PERSISTENT_MONITORING,DISMOUNTED_MANPACK,INTERFERENCE,15,28,28,1.0,False,True
GroundOnly,MT4_PERSISTENT_MONITORING,DISMOUNTED_MANPACK,INTERFERENCE,16,0,0,0.0,True,False
CompressedFull,MT4_PERSISTENT_MONITORING,DISMOUNTED_MANPACK,INTERFERENCE,16,0,0,0.0,True,False
QuicklookFirst,MT4_PERSISTENT_MONITORING,DISMOUNTED_MANPACK,INTERFERENCE,16,0,0,0.0,True,False
RoiFirst,MT4_PERSISTENT_MONITORING,DISMOUNTED_MANPACK,INTERFERENCE,16,0,0,0.0,True,False
Progressive,MT4_PERSISTENT_MONITORING,DISMOUNTED_MANPACK,INTERFERENCE,16,28,28,1.0,False,True
ContactAware,MT4_PERSISTENT_MONITORING,DISMOUNTED_MANPACK,INTERFERENCE,16,0,0,0.0,True,False
ThreadAwarePriority,MT4_PERSISTENT_MONITORING,DISMOUNTED_MANPACK,INTERFERENCE,16,28,28,1.0,False,True
GroundOnly,MT4_PERSISTENT_MONITORING,DISMOUNTED_MANPACK,INTERFERENCE,17,0,0,0.0,True,False
CompressedFull,MT4_PERSISTENT_MONITORING,DISMOUNTED_MANPACK,INTERFERENCE,17,0,0,0.0,True,False
QuicklookFirst,MT4_PERSISTENT_MONITORING,DISMOUNTED_MANPACK,INTERFERENCE,17,0,0,0.0,True,False
RoiFirst,MT4_PERSISTENT_MONITORING,DISMOUNTED_MANPACK,INTERFERENCE,17,0,0,0.0,True,False
Progressive,MT4_PERSISTENT_MONITORING,DISMOUNTED_MANPACK,INTERFERENCE,17,28,28,1.0,False,True
ContactAware,MT4_PERSISTENT_MONITORING,DISMOUNTED_MANPACK,INTERFERENCE,17,0,0,0.0,True,False
ThreadAwarePriority,MT4_PERSISTENT_MONITORING,DISMOUNTED_MANPACK,INTERFERENCE,17,28,28,1.0,False,True
GroundOnly,MT4_PERSISTENT_MONITORING,DISMOUNTED_MANPACK,INTERFERENCE,18,0,0,0.0,True,False
CompressedFull,MT4_PERSISTENT_MONITORING,DISMOUNTED_MANPACK,INTERFERENCE,18,0,0,0.0,True,False
QuicklookFirst,MT4_PERSISTENT_MONITORING,DISMOUNTED_MANPACK,INTERFERENCE,18,0,0,0.0,True,False
RoiFirst,MT4_PERSISTENT_MONITORING,DISMOUNTED_MANPACK,INTERFERENCE,18,0,0,0.0,True,False
Progressive,MT4_PERSISTENT_MONITORING,DISMOUNTED_MANPACK,INTERFERENCE,18,28,28,1.0,False,True
ContactAware,MT4_PERSISTENT_MONITORING,DISMOUNTED_MANPACK,INTERFERENCE,18,0,0,0.0,True,False
ThreadAwarePriority,MT4_PERSISTENT_MONITORING,DISMOUNTED_MANPACK,INTERFERENCE,18,28,28,1.0,False,True
GroundOnly,MT4_PERSISTENT_MONITORING,DISMOUNTED_MANPACK,INTERFERENCE,19,0,0,0.0,True,False
CompressedFull,MT4_PERSISTENT_MONITORING,DISMOUNTED_MANPACK,INTERFERENCE,19,0,0,0.0,True,False
QuicklookFirst,MT4_PERSISTENT_MONITORING,DISMOUNTED_MANPACK,INTERFERENCE,19,0,0,0.0,True,False
RoiFirst,MT4_PERSISTENT_MONITORING,DISMOUNTED_MANPACK,INTERFERENCE,19,0,0,0.0,True,False
Progressive,MT4_PERSISTENT_MONITORING,DISMOUNTED_MANPACK,INTERFERENCE,19,28,28,1.0,False,True
ContactAware,MT4_PERSISTENT_MONITORING,DISMOUNTED_MANPACK,INTERFERENCE,19,0,0,0.0,True,False
ThreadAwarePriority,MT4_PERSISTENT_MONITORING,DISMOUNTED_MANPACK,INTERFERENCE,19,28,28,1.0,False,True
GroundOnly,MT4_PERSISTENT_MONITORING,DISMOUNTED_MANPACK,INTERFERENCE,20,0,0,0.0,True,False
CompressedFull,MT4_PERSISTENT_MONITORING,DISMOUNTED_MANPACK,INTERFERENCE,20,0,0,0.0,True,False
QuicklookFirst,MT4_PERSISTENT_MONITORING,DISMOUNTED_MANPACK,INTERFERENCE,20,0,0,0.0,True,False
RoiFirst,MT4_PERSISTENT_MONITORING,DISMOUNTED_MANPACK,INTERFERENCE,20,0,0,0.0,True,False
Progressive,MT4_PERSISTENT_MONITORING,DISMOUNTED_MANPACK,INTERFERENCE,20,28,28,1.0,False,True
ContactAware,MT4_PERSISTENT_MONITORING,DISMOUNTED_MANPACK,INTERFERENCE,20,0,0,0.0,True,False
ThreadAwarePriority,MT4_PERSISTENT_MONITORING,DISMOUNTED_MANPACK,INTERFERENCE,20,28,28,1.0,False,True
GroundOnly,MT4_PERSISTENT_MONITORING,DISMOUNTED_MANPACK,INTERFERENCE,21,0,0,0.0,True,False
CompressedFull,MT4_PERSISTENT_MONITORING,DISMOUNTED_MANPACK,INTERFERENCE,21,0,0,0.0,True,False
QuicklookFirst,MT4_PERSISTENT_MONITORING,DISMOUNTED_MANPACK,INTERFERENCE,21,0,0,0.0,True,False
RoiFirst,MT4_PERSISTENT_MONITORING,DISMOUNTED_MANPACK,INTERFERENCE,21,0,0,0.0,True,False
Progressive,MT4_PERSISTENT_MONITORING,DISMOUNTED_MANPACK,INTERFERENCE,21,28,28,1.0,False,True
ContactAware,MT4_PERSISTENT_MONITORING,DISMOUNTED_MANPACK,INTERFERENCE,21,0,0,0.0,True,False
ThreadAwarePriority,MT4_PERSISTENT_MONITORING,DISMOUNTED_MANPACK,INTERFERENCE,21,28,28,1.0,False,True
GroundOnly,MT4_PERSISTENT_MONITORING,DISMOUNTED_MANPACK,INTERFERENCE,22,0,0,0.0,True,False
CompressedFull,MT4_PERSISTENT_MONITORING,DISMOUNTED_MANPACK,INTERFERENCE,22,0,0,0.0,True,False
QuicklookFirst,MT4_PERSISTENT_MONITORING,DISMOUNTED_MANPACK,INTERFERENCE,22,0,0,0.0,True,False
RoiFirst,MT4_PERSISTENT_MONITORING,DISMOUNTED_MANPACK,INTERFERENCE,22,0,0,0.0,True,False
Progressive,MT4_PERSISTENT_MONITORING,DISMOUNTED_MANPACK,INTERFERENCE,22,28,28,1.0,False,True
ContactAware,MT4_PERSISTENT_MONITORING,DISMOUNTED_MANPACK,INTERFERENCE,22,0,0,0.0,True,False
ThreadAwarePriority,MT4_PERSISTENT_MONITORING,DISMOUNTED_MANPACK,INTERFERENCE,22,28,28,1.0,False,True
GroundOnly,MT4_PERSISTENT_MONITORING,DISMOUNTED_MANPACK,INTERFERENCE,23,0,0,0.0,True,False
CompressedFull,MT4_PERSISTENT_MONITORING,DISMOUNTED_MANPACK,INTERFERENCE,23,0,0,0.0,True,False
QuicklookFirst,MT4_PERSISTENT_MONITORING,DISMOUNTED_MANPACK,INTERFERENCE,23,0,0,0.0,True,False
RoiFirst,MT4_PERSISTENT_MONITORING,DISMOUNTED_MANPACK,INTERFERENCE,23,0,0,0.0,True,False
Progressive,MT4_PERSISTENT_MONITORING,DISMOUNTED_MANPACK,INTERFERENCE,23,28,28,1.0,False,True
ContactAware,MT4_PERSISTENT_MONITORING,DISMOUNTED_MANPACK,INTERFERENCE,23,0,0,0.0,True,False
ThreadAwarePriority,MT4_PERSISTENT_MONITORING,DISMOUNTED_MANPACK,INTERFERENCE,23,28,28,1.0,False,True
GroundOnly,MT4_PERSISTENT_MONITORING,DISMOUNTED_MANPACK,INTERFERENCE,24,0,0,0.0,True,False
CompressedFull,MT4_PERSISTENT_MONITORING,DISMOUNTED_MANPACK,INTERFERENCE,24,0,0,0.0,True,False
QuicklookFirst,MT4_PERSISTENT_MONITORING,DISMOUNTED_MANPACK,INTERFERENCE,24,0,0,0.0,True,False
RoiFirst,MT4_PERSISTENT_MONITORING,DISMOUNTED_MANPACK,INTERFERENCE,24,0,0,0.0,True,False
Progressive,MT4_PERSISTENT_MONITORING,DISMOUNTED_MANPACK,INTERFERENCE,24,28,28,1.0,False,True
ContactAware,MT4_PERSISTENT_MONITORING,DISMOUNTED_MANPACK,INTERFERENCE,24,0,0,0.0,True,False
ThreadAwarePriority,MT4_PERSISTENT_MONITORING,DISMOUNTED_MANPACK,INTERFERENCE,24,28,28,1.0,False,True
GroundOnly,MT4_PERSISTENT_MONITORING,DISMOUNTED_MANPACK,INTERFERENCE,25,0,0,0.0,True,False
CompressedFull,MT4_PERSISTENT_MONITORING,DISMOUNTED_MANPACK,INTERFERENCE,25,0,0,0.0,True,False
QuicklookFirst,MT4_PERSISTENT_MONITORING,DISMOUNTED_MANPACK,INTERFERENCE,25,0,0,0.0,True,False
RoiFirst,MT4_PERSISTENT_MONITORING,DISMOUNTED_MANPACK,INTERFERENCE,25,0,0,0.0,True,False
Progressive,MT4_PERSISTENT_MONITORING,DISMOUNTED_MANPACK,INTERFERENCE,25,28,28,1.0,False,True
ContactAware,MT4_PERSISTENT_MONITORING,DISMOUNTED_MANPACK,INTERFERENCE,25,0,0,0.0,True,False
ThreadAwarePriority,MT4_PERSISTENT_MONITORING,DISMOUNTED_MANPACK,INTERFERENCE,25,28,28,1.0,False,True
GroundOnly,MT4_PERSISTENT_MONITORING,DISMOUNTED_MANPACK,INTERFERENCE,26,0,0,0.0,True,False
CompressedFull,MT4_PERSISTENT_MONITORING,DISMOUNTED_MANPACK,INTERFERENCE,26,0,0,0.0,True,False
QuicklookFirst,MT4_PERSISTENT_MONITORING,DISMOUNTED_MANPACK,INTERFERENCE,26,0,0,0.0,True,False
RoiFirst,MT4_PERSISTENT_MONITORING,DISMOUNTED_MANPACK,INTERFERENCE,26,0,0,0.0,True,False
Progressive,MT4_PERSISTENT_MONITORING,DISMOUNTED_MANPACK,INTERFERENCE,26,28,28,1.0,False,True
ContactAware,MT4_PERSISTENT_MONITORING,DISMOUNTED_MANPACK,INTERFERENCE,26,0,0,0.0,True,False
ThreadAwarePriority,MT4_PERSISTENT_MONITORING,DISMOUNTED_MANPACK,INTERFERENCE,26,28,28,1.0,False,True
GroundOnly,MT4_PERSISTENT_MONITORING,DISMOUNTED_MANPACK,INTERFERENCE,27,0,0,0.0,True,False
CompressedFull,MT4_PERSISTENT_MONITORING,DISMOUNTED_MANPACK,INTERFERENCE,27,0,0,0.0,True,False
QuicklookFirst,MT4_PERSISTENT_MONITORING,DISMOUNTED_MANPACK,INTERFERENCE,27,0,0,0.0,True,False
RoiFirst,MT4_PERSISTENT_MONITORING,DISMOUNTED_MANPACK,INTERFERENCE,27,0,0,0.0,True,False
Progressive,MT4_PERSISTENT_MONITORING,DISMOUNTED_MANPACK,INTERFERENCE,27,28,28,1.0,False,True
ContactAware,MT4_PERSISTENT_MONITORING,DISMOUNTED_MANPACK,INTERFERENCE,27,0,0,0.0,True,False
ThreadAwarePriority,MT4_PERSISTENT_MONITORING,DISMOUNTED_MANPACK,INTERFERENCE,27,28,28,1.0,False,True
GroundOnly,MT4_PERSISTENT_MONITORING,DISMOUNTED_MANPACK,INTERFERENCE,28,0,0,0.0,True,False
CompressedFull,MT4_PERSISTENT_MONITORING,DISMOUNTED_MANPACK,INTERFERENCE,28,0,0,0.0,True,False
QuicklookFirst,MT4_PERSISTENT_MONITORING,DISMOUNTED_MANPACK,INTERFERENCE,28,0,0,0.0,True,False
RoiFirst,MT4_PERSISTENT_MONITORING,DISMOUNTED_MANPACK,INTERFERENCE,28,0,0,0.0,True,False
Progressive,MT4_PERSISTENT_MONITORING,DISMOUNTED_MANPACK,INTERFERENCE,28,28,28,1.0,False,True
ContactAware,MT4_PERSISTENT_MONITORING,DISMOUNTED_MANPACK,INTERFERENCE,28,0,0,0.0,True,False
ThreadAwarePriority,MT4_PERSISTENT_MONITORING,DISMOUNTED_MANPACK,INTERFERENCE,28,28,28,1.0,False,True
GroundOnly,MT4_PERSISTENT_MONITORING,DISMOUNTED_MANPACK,INTERFERENCE,29,0,0,0.0,True,False
CompressedFull,MT4_PERSISTENT_MONITORING,DISMOUNTED_MANPACK,INTERFERENCE,29,0,0,0.0,True,False
QuicklookFirst,MT4_PERSISTENT_MONITORING,DISMOUNTED_MANPACK,INTERFERENCE,29,0,0,0.0,True,False
RoiFirst,MT4_PERSISTENT_MONITORING,DISMOUNTED_MANPACK,INTERFERENCE,29,0,0,0.0,True,False
Progressive,MT4_PERSISTENT_MONITORING,DISMOUNTED_MANPACK,INTERFERENCE,29,28,28,1.0,False,True
ContactAware,MT4_PERSISTENT_MONITORING,DISMOUNTED_MANPACK,INTERFERENCE,29,0,0,0.0,True,False
ThreadAwarePriority,MT4_PERSISTENT_MONITORING,DISMOUNTED_MANPACK,INTERFERENCE,29,28,28,1.0,False,True
GroundOnly,MT4_PERSISTENT_MONITORING,DISMOUNTED_MANPACK,CONTACT_DENIAL,0,0,0,0.0,True,False
CompressedFull,MT4_PERSISTENT_MONITORING,DISMOUNTED_MANPACK,CONTACT_DENIAL,0,0,0,0.0,True,False
QuicklookFirst,MT4_PERSISTENT_MONITORING,DISMOUNTED_MANPACK,CONTACT_DENIAL,0,0,0,0.0,True,False
RoiFirst,MT4_PERSISTENT_MONITORING,DISMOUNTED_MANPACK,CONTACT_DENIAL,0,0,0,0.0,True,False
Progressive,MT4_PERSISTENT_MONITORING,DISMOUNTED_MANPACK,CONTACT_DENIAL,0,28,18,0.6428571428571429,False,False
ContactAware,MT4_PERSISTENT_MONITORING,DISMOUNTED_MANPACK,CONTACT_DENIAL,0,0,0,0.0,True,False
ThreadAwarePriority,MT4_PERSISTENT_MONITORING,DISMOUNTED_MANPACK,CONTACT_DENIAL,0,28,18,0.6428571428571429,False,False
GroundOnly,MT4_PERSISTENT_MONITORING,DISMOUNTED_MANPACK,CONTACT_DENIAL,1,0,0,0.0,True,False
CompressedFull,MT4_PERSISTENT_MONITORING,DISMOUNTED_MANPACK,CONTACT_DENIAL,1,0,0,0.0,True,False
QuicklookFirst,MT4_PERSISTENT_MONITORING,DISMOUNTED_MANPACK,CONTACT_DENIAL,1,0,0,0.0,True,False
RoiFirst,MT4_PERSISTENT_MONITORING,DISMOUNTED_MANPACK,CONTACT_DENIAL,1,0,0,0.0,True,False
Progressive,MT4_PERSISTENT_MONITORING,DISMOUNTED_MANPACK,CONTACT_DENIAL,1,28,22,0.7857142857142857,False,True
ContactAware,MT4_PERSISTENT_MONITORING,DISMOUNTED_MANPACK,CONTACT_DENIAL,1,0,0,0.0,True,False
ThreadAwarePriority,MT4_PERSISTENT_MONITORING,DISMOUNTED_MANPACK,CONTACT_DENIAL,1,28,22,0.7857142857142857,False,True
GroundOnly,MT4_PERSISTENT_MONITORING,DISMOUNTED_MANPACK,CONTACT_DENIAL,2,0,0,0.0,True,False
CompressedFull,MT4_PERSISTENT_MONITORING,DISMOUNTED_MANPACK,CONTACT_DENIAL,2,0,0,0.0,True,False
QuicklookFirst,MT4_PERSISTENT_MONITORING,DISMOUNTED_MANPACK,CONTACT_DENIAL,2,0,0,0.0,True,False
RoiFirst,MT4_PERSISTENT_MONITORING,DISMOUNTED_MANPACK,CONTACT_DENIAL,2,0,0,0.0,True,False
Progressive,MT4_PERSISTENT_MONITORING,DISMOUNTED_MANPACK,CONTACT_DENIAL,2,28,18,0.6428571428571429,False,False
ContactAware,MT4_PERSISTENT_MONITORING,DISMOUNTED_MANPACK,CONTACT_DENIAL,2,0,0,0.0,True,False
ThreadAwarePriority,MT4_PERSISTENT_MONITORING,DISMOUNTED_MANPACK,CONTACT_DENIAL,2,28,18,0.6428571428571429,False,False
GroundOnly,MT4_PERSISTENT_MONITORING,DISMOUNTED_MANPACK,CONTACT_DENIAL,3,0,0,0.0,True,False
CompressedFull,MT4_PERSISTENT_MONITORING,DISMOUNTED_MANPACK,CONTACT_DENIAL,3,0,0,0.0,True,False
QuicklookFirst,MT4_PERSISTENT_MONITORING,DISMOUNTED_MANPACK,CONTACT_DENIAL,3,0,0,0.0,True,False
RoiFirst,MT4_PERSISTENT_MONITORING,DISMOUNTED_MANPACK,CONTACT_DENIAL,3,0,0,0.0,True,False
Progressive,MT4_PERSISTENT_MONITORING,DISMOUNTED_MANPACK,CONTACT_DENIAL,3,28,25,0.8928571428571429,False,True
ContactAware,MT4_PERSISTENT_MONITORING,DISMOUNTED_MANPACK,CONTACT_DENIAL,3,0,0,0.0,True,False
ThreadAwarePriority,MT4_PERSISTENT_MONITORING,DISMOUNTED_MANPACK,CONTACT_DENIAL,3,28,25,0.8928571428571429,False,True
GroundOnly,MT4_PERSISTENT_MONITORING,DISMOUNTED_MANPACK,CONTACT_DENIAL,4,0,0,0.0,True,False
CompressedFull,MT4_PERSISTENT_MONITORING,DISMOUNTED_MANPACK,CONTACT_DENIAL,4,0,0,0.0,True,False
QuicklookFirst,MT4_PERSISTENT_MONITORING,DISMOUNTED_MANPACK,CONTACT_DENIAL,4,0,0,0.0,True,False
RoiFirst,MT4_PERSISTENT_MONITORING,DISMOUNTED_MANPACK,CONTACT_DENIAL,4,0,0,0.0,True,False
Progressive,MT4_PERSISTENT_MONITORING,DISMOUNTED_MANPACK,CONTACT_DENIAL,4,28,15,0.5357142857142857,False,False
ContactAware,MT4_PERSISTENT_MONITORING,DISMOUNTED_MANPACK,CONTACT_DENIAL,4,0,0,0.0,True,False
ThreadAwarePriority,MT4_PERSISTENT_MONITORING,DISMOUNTED_MANPACK,CONTACT_DENIAL,4,28,15,0.5357142857142857,False,False
GroundOnly,MT4_PERSISTENT_MONITORING,DISMOUNTED_MANPACK,CONTACT_DENIAL,5,0,0,0.0,True,False
CompressedFull,MT4_PERSISTENT_MONITORING,DISMOUNTED_MANPACK,CONTACT_DENIAL,5,0,0,0.0,True,False
QuicklookFirst,MT4_PERSISTENT_MONITORING,DISMOUNTED_MANPACK,CONTACT_DENIAL,5,0,0,0.0,True,False
RoiFirst,MT4_PERSISTENT_MONITORING,DISMOUNTED_MANPACK,CONTACT_DENIAL,5,0,0,0.0,True,False
Progressive,MT4_PERSISTENT_MONITORING,DISMOUNTED_MANPACK,CONTACT_DENIAL,5,28,20,0.7142857142857143,False,False
ContactAware,MT4_PERSISTENT_MONITORING,DISMOUNTED_MANPACK,CONTACT_DENIAL,5,0,0,0.0,True,False
ThreadAwarePriority,MT4_PERSISTENT_MONITORING,DISMOUNTED_MANPACK,CONTACT_DENIAL,5,28,20,0.7142857142857143,False,False
GroundOnly,MT4_PERSISTENT_MONITORING,DISMOUNTED_MANPACK,CONTACT_DENIAL,6,0,0,0.0,True,False
CompressedFull,MT4_PERSISTENT_MONITORING,DISMOUNTED_MANPACK,CONTACT_DENIAL,6,0,0,0.0,True,False
QuicklookFirst,MT4_PERSISTENT_MONITORING,DISMOUNTED_MANPACK,CONTACT_DENIAL,6,0,0,0.0,True,False
RoiFirst,MT4_PERSISTENT_MONITORING,DISMOUNTED_MANPACK,CONTACT_DENIAL,6,0,0,0.0,True,False
Progressive,MT4_PERSISTENT_MONITORING,DISMOUNTED_MANPACK,CONTACT_DENIAL,6,28,17,0.6071428571428571,False,False
ContactAware,MT4_PERSISTENT_MONITORING,DISMOUNTED_MANPACK,CONTACT_DENIAL,6,0,0,0.0,True,False
ThreadAwarePriority,MT4_PERSISTENT_MONITORING,DISMOUNTED_MANPACK,CONTACT_DENIAL,6,28,17,0.6071428571428571,False,False
GroundOnly,MT4_PERSISTENT_MONITORING,DISMOUNTED_MANPACK,CONTACT_DENIAL,7,0,0,0.0,True,False
CompressedFull,MT4_PERSISTENT_MONITORING,DISMOUNTED_MANPACK,CONTACT_DENIAL,7,0,0,0.0,True,False
QuicklookFirst,MT4_PERSISTENT_MONITORING,DISMOUNTED_MANPACK,CONTACT_DENIAL,7,0,0,0.0,True,False
RoiFirst,MT4_PERSISTENT_MONITORING,DISMOUNTED_MANPACK,CONTACT_DENIAL,7,0,0,0.0,True,False
Progressive,MT4_PERSISTENT_MONITORING,DISMOUNTED_MANPACK,CONTACT_DENIAL,7,28,23,0.8214285714285714,False,True
ContactAware,MT4_PERSISTENT_MONITORING,DISMOUNTED_MANPACK,CONTACT_DENIAL,7,0,0,0.0,True,False
ThreadAwarePriority,MT4_PERSISTENT_MONITORING,DISMOUNTED_MANPACK,CONTACT_DENIAL,7,28,23,0.8214285714285714,False,True
GroundOnly,MT4_PERSISTENT_MONITORING,DISMOUNTED_MANPACK,CONTACT_DENIAL,8,0,0,0.0,True,False
CompressedFull,MT4_PERSISTENT_MONITORING,DISMOUNTED_MANPACK,CONTACT_DENIAL,8,0,0,0.0,True,False
QuicklookFirst,MT4_PERSISTENT_MONITORING,DISMOUNTED_MANPACK,CONTACT_DENIAL,8,0,0,0.0,True,False
RoiFirst,MT4_PERSISTENT_MONITORING,DISMOUNTED_MANPACK,CONTACT_DENIAL,8,0,0,0.0,True,False
Progressive,MT4_PERSISTENT_MONITORING,DISMOUNTED_MANPACK,CONTACT_DENIAL,8,28,22,0.7857142857142857,False,False
ContactAware,MT4_PERSISTENT_MONITORING,DISMOUNTED_MANPACK,CONTACT_DENIAL,8,0,0,0.0,True,False
ThreadAwarePriority,MT4_PERSISTENT_MONITORING,DISMOUNTED_MANPACK,CONTACT_DENIAL,8,28,22,0.7857142857142857,False,False
GroundOnly,MT4_PERSISTENT_MONITORING,DISMOUNTED_MANPACK,CONTACT_DENIAL,9,0,0,0.0,True,False
CompressedFull,MT4_PERSISTENT_MONITORING,DISMOUNTED_MANPACK,CONTACT_DENIAL,9,0,0,0.0,True,False
QuicklookFirst,MT4_PERSISTENT_MONITORING,DISMOUNTED_MANPACK,CONTACT_DENIAL,9,0,0,0.0,True,False
RoiFirst,MT4_PERSISTENT_MONITORING,DISMOUNTED_MANPACK,CONTACT_DENIAL,9,0,0,0.0,True,False
Progressive,MT4_PERSISTENT_MONITORING,DISMOUNTED_MANPACK,CONTACT_DENIAL,9,28,18,0.6428571428571429,False,False
ContactAware,MT4_PERSISTENT_MONITORING,DISMOUNTED_MANPACK,CONTACT_DENIAL,9,0,0,0.0,True,False
ThreadAwarePriority,MT4_PERSISTENT_MONITORING,DISMOUNTED_MANPACK,CONTACT_DENIAL,9,28,18,0.6428571428571429,False,False
GroundOnly,MT4_PERSISTENT_MONITORING,DISMOUNTED_MANPACK,CONTACT_DENIAL,10,0,0,0.0,True,False
CompressedFull,MT4_PERSISTENT_MONITORING,DISMOUNTED_MANPACK,CONTACT_DENIAL,10,0,0,0.0,True,False
QuicklookFirst,MT4_PERSISTENT_MONITORING,DISMOUNTED_MANPACK,CONTACT_DENIAL,10,0,0,0.0,True,False
RoiFirst,MT4_PERSISTENT_MONITORING,DISMOUNTED_MANPACK,CONTACT_DENIAL,10,0,0,0.0,True,False
Progressive,MT4_PERSISTENT_MONITORING,DISMOUNTED_MANPACK,CONTACT_DENIAL,10,28,16,0.5714285714285714,False,False
ContactAware,MT4_PERSISTENT_MONITORING,DISMOUNTED_MANPACK,CONTACT_DENIAL,10,0,0,0.0,True,False
ThreadAwarePriority,MT4_PERSISTENT_MONITORING,DISMOUNTED_MANPACK,CONTACT_DENIAL,10,28,16,0.5714285714285714,False,False
GroundOnly,MT4_PERSISTENT_MONITORING,DISMOUNTED_MANPACK,CONTACT_DENIAL,11,0,0,0.0,True,False
CompressedFull,MT4_PERSISTENT_MONITORING,DISMOUNTED_MANPACK,CONTACT_DENIAL,11,0,0,0.0,True,False
QuicklookFirst,MT4_PERSISTENT_MONITORING,DISMOUNTED_MANPACK,CONTACT_DENIAL,11,0,0,0.0,True,False
RoiFirst,MT4_PERSISTENT_MONITORING,DISMOUNTED_MANPACK,CONTACT_DENIAL,11,0,0,0.0,True,False
Progressive,MT4_PERSISTENT_MONITORING,DISMOUNTED_MANPACK,CONTACT_DENIAL,11,28,15,0.5357142857142857,False,False
ContactAware,MT4_PERSISTENT_MONITORING,DISMOUNTED_MANPACK,CONTACT_DENIAL,11,0,0,0.0,True,False
ThreadAwarePriority,MT4_PERSISTENT_MONITORING,DISMOUNTED_MANPACK,CONTACT_DENIAL,11,28,15,0.5357142857142857,False,False
GroundOnly,MT4_PERSISTENT_MONITORING,DISMOUNTED_MANPACK,CONTACT_DENIAL,12,0,0,0.0,True,False
CompressedFull,MT4_PERSISTENT_MONITORING,DISMOUNTED_MANPACK,CONTACT_DENIAL,12,0,0,0.0,True,False
QuicklookFirst,MT4_PERSISTENT_MONITORING,DISMOUNTED_MANPACK,CONTACT_DENIAL,12,0,0,0.0,True,False
RoiFirst,MT4_PERSISTENT_MONITORING,DISMOUNTED_MANPACK,CONTACT_DENIAL,12,0,0,0.0,True,False
Progressive,MT4_PERSISTENT_MONITORING,DISMOUNTED_MANPACK,CONTACT_DENIAL,12,28,18,0.6428571428571429,False,False
ContactAware,MT4_PERSISTENT_MONITORING,DISMOUNTED_MANPACK,CONTACT_DENIAL,12,0,0,0.0,True,False
ThreadAwarePriority,MT4_PERSISTENT_MONITORING,DISMOUNTED_MANPACK,CONTACT_DENIAL,12,28,18,0.6428571428571429,False,False
GroundOnly,MT4_PERSISTENT_MONITORING,DISMOUNTED_MANPACK,CONTACT_DENIAL,13,0,0,0.0,True,False
CompressedFull,MT4_PERSISTENT_MONITORING,DISMOUNTED_MANPACK,CONTACT_DENIAL,13,0,0,0.0,True,False
QuicklookFirst,MT4_PERSISTENT_MONITORING,DISMOUNTED_MANPACK,CONTACT_DENIAL,13,0,0,0.0,True,False
RoiFirst,MT4_PERSISTENT_MONITORING,DISMOUNTED_MANPACK,CONTACT_DENIAL,13,0,0,0.0,True,False
Progressive,MT4_PERSISTENT_MONITORING,DISMOUNTED_MANPACK,CONTACT_DENIAL,13,28,20,0.7142857142857143,False,False
ContactAware,MT4_PERSISTENT_MONITORING,DISMOUNTED_MANPACK,CONTACT_DENIAL,13,0,0,0.0,True,False
ThreadAwarePriority,MT4_PERSISTENT_MONITORING,DISMOUNTED_MANPACK,CONTACT_DENIAL,13,28,20,0.7142857142857143,False,False
GroundOnly,MT4_PERSISTENT_MONITORING,DISMOUNTED_MANPACK,CONTACT_DENIAL,14,0,0,0.0,True,False
CompressedFull,MT4_PERSISTENT_MONITORING,DISMOUNTED_MANPACK,CONTACT_DENIAL,14,0,0,0.0,True,False
QuicklookFirst,MT4_PERSISTENT_MONITORING,DISMOUNTED_MANPACK,CONTACT_DENIAL,14,0,0,0.0,True,False
RoiFirst,MT4_PERSISTENT_MONITORING,DISMOUNTED_MANPACK,CONTACT_DENIAL,14,0,0,0.0,True,False
Progressive,MT4_PERSISTENT_MONITORING,DISMOUNTED_MANPACK,CONTACT_DENIAL,14,28,20,0.7142857142857143,False,False
ContactAware,MT4_PERSISTENT_MONITORING,DISMOUNTED_MANPACK,CONTACT_DENIAL,14,0,0,0.0,True,False
ThreadAwarePriority,MT4_PERSISTENT_MONITORING,DISMOUNTED_MANPACK,CONTACT_DENIAL,14,28,20,0.7142857142857143,False,False
GroundOnly,MT4_PERSISTENT_MONITORING,DISMOUNTED_MANPACK,CONTACT_DENIAL,15,0,0,0.0,True,False
CompressedFull,MT4_PERSISTENT_MONITORING,DISMOUNTED_MANPACK,CONTACT_DENIAL,15,0,0,0.0,True,False
QuicklookFirst,MT4_PERSISTENT_MONITORING,DISMOUNTED_MANPACK,CONTACT_DENIAL,15,0,0,0.0,True,False
RoiFirst,MT4_PERSISTENT_MONITORING,DISMOUNTED_MANPACK,CONTACT_DENIAL,15,0,0,0.0,True,False
Progressive,MT4_PERSISTENT_MONITORING,DISMOUNTED_MANPACK,CONTACT_DENIAL,15,28,22,0.7857142857142857,False,False
ContactAware,MT4_PERSISTENT_MONITORING,DISMOUNTED_MANPACK,CONTACT_DENIAL,15,0,0,0.0,True,False
ThreadAwarePriority,MT4_PERSISTENT_MONITORING,DISMOUNTED_MANPACK,CONTACT_DENIAL,15,28,22,0.7857142857142857,False,False
GroundOnly,MT4_PERSISTENT_MONITORING,DISMOUNTED_MANPACK,CONTACT_DENIAL,16,0,0,0.0,True,False
CompressedFull,MT4_PERSISTENT_MONITORING,DISMOUNTED_MANPACK,CONTACT_DENIAL,16,0,0,0.0,True,False
QuicklookFirst,MT4_PERSISTENT_MONITORING,DISMOUNTED_MANPACK,CONTACT_DENIAL,16,0,0,0.0,True,False
RoiFirst,MT4_PERSISTENT_MONITORING,DISMOUNTED_MANPACK,CONTACT_DENIAL,16,0,0,0.0,True,False
Progressive,MT4_PERSISTENT_MONITORING,DISMOUNTED_MANPACK,CONTACT_DENIAL,16,28,16,0.5714285714285714,False,False
ContactAware,MT4_PERSISTENT_MONITORING,DISMOUNTED_MANPACK,CONTACT_DENIAL,16,0,0,0.0,True,False
ThreadAwarePriority,MT4_PERSISTENT_MONITORING,DISMOUNTED_MANPACK,CONTACT_DENIAL,16,28,16,0.5714285714285714,False,False
GroundOnly,MT4_PERSISTENT_MONITORING,DISMOUNTED_MANPACK,CONTACT_DENIAL,17,0,0,0.0,True,False
CompressedFull,MT4_PERSISTENT_MONITORING,DISMOUNTED_MANPACK,CONTACT_DENIAL,17,0,0,0.0,True,False
QuicklookFirst,MT4_PERSISTENT_MONITORING,DISMOUNTED_MANPACK,CONTACT_DENIAL,17,0,0,0.0,True,False
RoiFirst,MT4_PERSISTENT_MONITORING,DISMOUNTED_MANPACK,CONTACT_DENIAL,17,0,0,0.0,True,False
Progressive,MT4_PERSISTENT_MONITORING,DISMOUNTED_MANPACK,CONTACT_DENIAL,17,28,22,0.7857142857142857,False,False
ContactAware,MT4_PERSISTENT_MONITORING,DISMOUNTED_MANPACK,CONTACT_DENIAL,17,0,0,0.0,True,False
ThreadAwarePriority,MT4_PERSISTENT_MONITORING,DISMOUNTED_MANPACK,CONTACT_DENIAL,17,28,22,0.7857142857142857,False,False
GroundOnly,MT4_PERSISTENT_MONITORING,DISMOUNTED_MANPACK,CONTACT_DENIAL,18,0,0,0.0,True,False
CompressedFull,MT4_PERSISTENT_MONITORING,DISMOUNTED_MANPACK,CONTACT_DENIAL,18,0,0,0.0,True,False
QuicklookFirst,MT4_PERSISTENT_MONITORING,DISMOUNTED_MANPACK,CONTACT_DENIAL,18,0,0,0.0,True,False
RoiFirst,MT4_PERSISTENT_MONITORING,DISMOUNTED_MANPACK,CONTACT_DENIAL,18,0,0,0.0,True,False
Progressive,MT4_PERSISTENT_MONITORING,DISMOUNTED_MANPACK,CONTACT_DENIAL,18,28,22,0.7857142857142857,False,False
ContactAware,MT4_PERSISTENT_MONITORING,DISMOUNTED_MANPACK,CONTACT_DENIAL,18,0,0,0.0,True,False
ThreadAwarePriority,MT4_PERSISTENT_MONITORING,DISMOUNTED_MANPACK,CONTACT_DENIAL,18,28,22,0.7857142857142857,False,False
GroundOnly,MT4_PERSISTENT_MONITORING,DISMOUNTED_MANPACK,CONTACT_DENIAL,19,0,0,0.0,True,False
CompressedFull,MT4_PERSISTENT_MONITORING,DISMOUNTED_MANPACK,CONTACT_DENIAL,19,0,0,0.0,True,False
QuicklookFirst,MT4_PERSISTENT_MONITORING,DISMOUNTED_MANPACK,CONTACT_DENIAL,19,0,0,0.0,True,False
RoiFirst,MT4_PERSISTENT_MONITORING,DISMOUNTED_MANPACK,CONTACT_DENIAL,19,0,0,0.0,True,False
Progressive,MT4_PERSISTENT_MONITORING,DISMOUNTED_MANPACK,CONTACT_DENIAL,19,28,19,0.6785714285714286,False,False
ContactAware,MT4_PERSISTENT_MONITORING,DISMOUNTED_MANPACK,CONTACT_DENIAL,19,0,0,0.0,True,False
ThreadAwarePriority,MT4_PERSISTENT_MONITORING,DISMOUNTED_MANPACK,CONTACT_DENIAL,19,28,19,0.6785714285714286,False,False
GroundOnly,MT4_PERSISTENT_MONITORING,DISMOUNTED_MANPACK,CONTACT_DENIAL,20,0,0,0.0,True,False
CompressedFull,MT4_PERSISTENT_MONITORING,DISMOUNTED_MANPACK,CONTACT_DENIAL,20,0,0,0.0,True,False
QuicklookFirst,MT4_PERSISTENT_MONITORING,DISMOUNTED_MANPACK,CONTACT_DENIAL,20,0,0,0.0,True,False
RoiFirst,MT4_PERSISTENT_MONITORING,DISMOUNTED_MANPACK,CONTACT_DENIAL,20,0,0,0.0,True,False
Progressive,MT4_PERSISTENT_MONITORING,DISMOUNTED_MANPACK,CONTACT_DENIAL,20,28,19,0.6785714285714286,False,False
ContactAware,MT4_PERSISTENT_MONITORING,DISMOUNTED_MANPACK,CONTACT_DENIAL,20,0,0,0.0,True,False
ThreadAwarePriority,MT4_PERSISTENT_MONITORING,DISMOUNTED_MANPACK,CONTACT_DENIAL,20,28,19,0.6785714285714286,False,False
GroundOnly,MT4_PERSISTENT_MONITORING,DISMOUNTED_MANPACK,CONTACT_DENIAL,21,0,0,0.0,True,False
CompressedFull,MT4_PERSISTENT_MONITORING,DISMOUNTED_MANPACK,CONTACT_DENIAL,21,0,0,0.0,True,False
QuicklookFirst,MT4_PERSISTENT_MONITORING,DISMOUNTED_MANPACK,CONTACT_DENIAL,21,0,0,0.0,True,False
RoiFirst,MT4_PERSISTENT_MONITORING,DISMOUNTED_MANPACK,CONTACT_DENIAL,21,0,0,0.0,True,False
Progressive,MT4_PERSISTENT_MONITORING,DISMOUNTED_MANPACK,CONTACT_DENIAL,21,28,21,0.75,False,False
ContactAware,MT4_PERSISTENT_MONITORING,DISMOUNTED_MANPACK,CONTACT_DENIAL,21,0,0,0.0,True,False
ThreadAwarePriority,MT4_PERSISTENT_MONITORING,DISMOUNTED_MANPACK,CONTACT_DENIAL,21,28,21,0.75,False,False
GroundOnly,MT4_PERSISTENT_MONITORING,DISMOUNTED_MANPACK,CONTACT_DENIAL,22,0,0,0.0,True,False
CompressedFull,MT4_PERSISTENT_MONITORING,DISMOUNTED_MANPACK,CONTACT_DENIAL,22,0,0,0.0,True,False
QuicklookFirst,MT4_PERSISTENT_MONITORING,DISMOUNTED_MANPACK,CONTACT_DENIAL,22,0,0,0.0,True,False
RoiFirst,MT4_PERSISTENT_MONITORING,DISMOUNTED_MANPACK,CONTACT_DENIAL,22,0,0,0.0,True,False
Progressive,MT4_PERSISTENT_MONITORING,DISMOUNTED_MANPACK,CONTACT_DENIAL,22,28,18,0.6428571428571429,False,False
ContactAware,MT4_PERSISTENT_MONITORING,DISMOUNTED_MANPACK,CONTACT_DENIAL,22,0,0,0.0,True,False
ThreadAwarePriority,MT4_PERSISTENT_MONITORING,DISMOUNTED_MANPACK,CONTACT_DENIAL,22,28,18,0.6428571428571429,False,False
GroundOnly,MT4_PERSISTENT_MONITORING,DISMOUNTED_MANPACK,CONTACT_DENIAL,23,0,0,0.0,True,False
CompressedFull,MT4_PERSISTENT_MONITORING,DISMOUNTED_MANPACK,CONTACT_DENIAL,23,0,0,0.0,True,False
QuicklookFirst,MT4_PERSISTENT_MONITORING,DISMOUNTED_MANPACK,CONTACT_DENIAL,23,0,0,0.0,True,False
RoiFirst,MT4_PERSISTENT_MONITORING,DISMOUNTED_MANPACK,CONTACT_DENIAL,23,0,0,0.0,True,False
Progressive,MT4_PERSISTENT_MONITORING,DISMOUNTED_MANPACK,CONTACT_DENIAL,23,28,16,0.5714285714285714,False,False
ContactAware,MT4_PERSISTENT_MONITORING,DISMOUNTED_MANPACK,CONTACT_DENIAL,23,0,0,0.0,True,False
ThreadAwarePriority,MT4_PERSISTENT_MONITORING,DISMOUNTED_MANPACK,CONTACT_DENIAL,23,28,16,0.5714285714285714,False,False
GroundOnly,MT4_PERSISTENT_MONITORING,DISMOUNTED_MANPACK,CONTACT_DENIAL,24,0,0,0.0,True,False
CompressedFull,MT4_PERSISTENT_MONITORING,DISMOUNTED_MANPACK,CONTACT_DENIAL,24,0,0,0.0,True,False
QuicklookFirst,MT4_PERSISTENT_MONITORING,DISMOUNTED_MANPACK,CONTACT_DENIAL,24,0,0,0.0,True,False
RoiFirst,MT4_PERSISTENT_MONITORING,DISMOUNTED_MANPACK,CONTACT_DENIAL,24,0,0,0.0,True,False
Progressive,MT4_PERSISTENT_MONITORING,DISMOUNTED_MANPACK,CONTACT_DENIAL,24,28,20,0.7142857142857143,False,False
ContactAware,MT4_PERSISTENT_MONITORING,DISMOUNTED_MANPACK,CONTACT_DENIAL,24,0,0,0.0,True,False
ThreadAwarePriority,MT4_PERSISTENT_MONITORING,DISMOUNTED_MANPACK,CONTACT_DENIAL,24,28,20,0.7142857142857143,False,False
GroundOnly,MT4_PERSISTENT_MONITORING,DISMOUNTED_MANPACK,CONTACT_DENIAL,25,0,0,0.0,True,False
CompressedFull,MT4_PERSISTENT_MONITORING,DISMOUNTED_MANPACK,CONTACT_DENIAL,25,0,0,0.0,True,False
QuicklookFirst,MT4_PERSISTENT_MONITORING,DISMOUNTED_MANPACK,CONTACT_DENIAL,25,0,0,0.0,True,False
RoiFirst,MT4_PERSISTENT_MONITORING,DISMOUNTED_MANPACK,CONTACT_DENIAL,25,0,0,0.0,True,False
Progressive,MT4_PERSISTENT_MONITORING,DISMOUNTED_MANPACK,CONTACT_DENIAL,25,28,20,0.7142857142857143,False,False
ContactAware,MT4_PERSISTENT_MONITORING,DISMOUNTED_MANPACK,CONTACT_DENIAL,25,0,0,0.0,True,False
ThreadAwarePriority,MT4_PERSISTENT_MONITORING,DISMOUNTED_MANPACK,CONTACT_DENIAL,25,28,20,0.7142857142857143,False,False
GroundOnly,MT4_PERSISTENT_MONITORING,DISMOUNTED_MANPACK,CONTACT_DENIAL,26,0,0,0.0,True,False
CompressedFull,MT4_PERSISTENT_MONITORING,DISMOUNTED_MANPACK,CONTACT_DENIAL,26,0,0,0.0,True,False
QuicklookFirst,MT4_PERSISTENT_MONITORING,DISMOUNTED_MANPACK,CONTACT_DENIAL,26,0,0,0.0,True,False
RoiFirst,MT4_PERSISTENT_MONITORING,DISMOUNTED_MANPACK,CONTACT_DENIAL,26,0,0,0.0,True,False
Progressive,MT4_PERSISTENT_MONITORING,DISMOUNTED_MANPACK,CONTACT_DENIAL,26,28,18,0.6428571428571429,False,False
ContactAware,MT4_PERSISTENT_MONITORING,DISMOUNTED_MANPACK,CONTACT_DENIAL,26,0,0,0.0,True,False
ThreadAwarePriority,MT4_PERSISTENT_MONITORING,DISMOUNTED_MANPACK,CONTACT_DENIAL,26,28,18,0.6428571428571429,False,False
GroundOnly,MT4_PERSISTENT_MONITORING,DISMOUNTED_MANPACK,CONTACT_DENIAL,27,0,0,0.0,True,False
CompressedFull,MT4_PERSISTENT_MONITORING,DISMOUNTED_MANPACK,CONTACT_DENIAL,27,0,0,0.0,True,False
QuicklookFirst,MT4_PERSISTENT_MONITORING,DISMOUNTED_MANPACK,CONTACT_DENIAL,27,0,0,0.0,True,False
RoiFirst,MT4_PERSISTENT_MONITORING,DISMOUNTED_MANPACK,CONTACT_DENIAL,27,0,0,0.0,True,False
Progressive,MT4_PERSISTENT_MONITORING,DISMOUNTED_MANPACK,CONTACT_DENIAL,27,28,18,0.6428571428571429,False,False
ContactAware,MT4_PERSISTENT_MONITORING,DISMOUNTED_MANPACK,CONTACT_DENIAL,27,0,0,0.0,True,False
ThreadAwarePriority,MT4_PERSISTENT_MONITORING,DISMOUNTED_MANPACK,CONTACT_DENIAL,27,28,18,0.6428571428571429,False,False
GroundOnly,MT4_PERSISTENT_MONITORING,DISMOUNTED_MANPACK,CONTACT_DENIAL,28,0,0,0.0,True,False
CompressedFull,MT4_PERSISTENT_MONITORING,DISMOUNTED_MANPACK,CONTACT_DENIAL,28,0,0,0.0,True,False
QuicklookFirst,MT4_PERSISTENT_MONITORING,DISMOUNTED_MANPACK,CONTACT_DENIAL,28,0,0,0.0,True,False
RoiFirst,MT4_PERSISTENT_MONITORING,DISMOUNTED_MANPACK,CONTACT_DENIAL,28,0,0,0.0,True,False
Progressive,MT4_PERSISTENT_MONITORING,DISMOUNTED_MANPACK,CONTACT_DENIAL,28,28,18,0.6428571428571429,False,False
ContactAware,MT4_PERSISTENT_MONITORING,DISMOUNTED_MANPACK,CONTACT_DENIAL,28,0,0,0.0,True,False
ThreadAwarePriority,MT4_PERSISTENT_MONITORING,DISMOUNTED_MANPACK,CONTACT_DENIAL,28,28,18,0.6428571428571429,False,False
GroundOnly,MT4_PERSISTENT_MONITORING,DISMOUNTED_MANPACK,CONTACT_DENIAL,29,0,0,0.0,True,False
CompressedFull,MT4_PERSISTENT_MONITORING,DISMOUNTED_MANPACK,CONTACT_DENIAL,29,0,0,0.0,True,False
QuicklookFirst,MT4_PERSISTENT_MONITORING,DISMOUNTED_MANPACK,CONTACT_DENIAL,29,0,0,0.0,True,False
RoiFirst,MT4_PERSISTENT_MONITORING,DISMOUNTED_MANPACK,CONTACT_DENIAL,29,0,0,0.0,True,False
Progressive,MT4_PERSISTENT_MONITORING,DISMOUNTED_MANPACK,CONTACT_DENIAL,29,28,21,0.75,False,False
ContactAware,MT4_PERSISTENT_MONITORING,DISMOUNTED_MANPACK,CONTACT_DENIAL,29,0,0,0.0,True,False
ThreadAwarePriority,MT4_PERSISTENT_MONITORING,DISMOUNTED_MANPACK,CONTACT_DENIAL,29,28,21,0.75,False,False
GroundOnly,MT4_PERSISTENT_MONITORING,DISMOUNTED_MANPACK,REACHBACK_LOST,0,0,0,0.0,True,False
CompressedFull,MT4_PERSISTENT_MONITORING,DISMOUNTED_MANPACK,REACHBACK_LOST,0,0,0,0.0,True,False
QuicklookFirst,MT4_PERSISTENT_MONITORING,DISMOUNTED_MANPACK,REACHBACK_LOST,0,0,0,0.0,True,False
RoiFirst,MT4_PERSISTENT_MONITORING,DISMOUNTED_MANPACK,REACHBACK_LOST,0,0,0,0.0,True,False
Progressive,MT4_PERSISTENT_MONITORING,DISMOUNTED_MANPACK,REACHBACK_LOST,0,28,28,1.0,False,True
ContactAware,MT4_PERSISTENT_MONITORING,DISMOUNTED_MANPACK,REACHBACK_LOST,0,0,0,0.0,True,False
ThreadAwarePriority,MT4_PERSISTENT_MONITORING,DISMOUNTED_MANPACK,REACHBACK_LOST,0,28,28,1.0,False,True
GroundOnly,MT4_PERSISTENT_MONITORING,DISMOUNTED_MANPACK,REACHBACK_LOST,1,0,0,0.0,True,False
CompressedFull,MT4_PERSISTENT_MONITORING,DISMOUNTED_MANPACK,REACHBACK_LOST,1,0,0,0.0,True,False
QuicklookFirst,MT4_PERSISTENT_MONITORING,DISMOUNTED_MANPACK,REACHBACK_LOST,1,0,0,0.0,True,False
RoiFirst,MT4_PERSISTENT_MONITORING,DISMOUNTED_MANPACK,REACHBACK_LOST,1,0,0,0.0,True,False
Progressive,MT4_PERSISTENT_MONITORING,DISMOUNTED_MANPACK,REACHBACK_LOST,1,28,28,1.0,False,True
ContactAware,MT4_PERSISTENT_MONITORING,DISMOUNTED_MANPACK,REACHBACK_LOST,1,0,0,0.0,True,False
ThreadAwarePriority,MT4_PERSISTENT_MONITORING,DISMOUNTED_MANPACK,REACHBACK_LOST,1,28,28,1.0,False,True
GroundOnly,MT4_PERSISTENT_MONITORING,DISMOUNTED_MANPACK,REACHBACK_LOST,2,0,0,0.0,True,False
CompressedFull,MT4_PERSISTENT_MONITORING,DISMOUNTED_MANPACK,REACHBACK_LOST,2,0,0,0.0,True,False
QuicklookFirst,MT4_PERSISTENT_MONITORING,DISMOUNTED_MANPACK,REACHBACK_LOST,2,0,0,0.0,True,False
RoiFirst,MT4_PERSISTENT_MONITORING,DISMOUNTED_MANPACK,REACHBACK_LOST,2,0,0,0.0,True,False
Progressive,MT4_PERSISTENT_MONITORING,DISMOUNTED_MANPACK,REACHBACK_LOST,2,28,28,1.0,False,True
ContactAware,MT4_PERSISTENT_MONITORING,DISMOUNTED_MANPACK,REACHBACK_LOST,2,0,0,0.0,True,False
ThreadAwarePriority,MT4_PERSISTENT_MONITORING,DISMOUNTED_MANPACK,REACHBACK_LOST,2,28,28,1.0,False,True
GroundOnly,MT4_PERSISTENT_MONITORING,DISMOUNTED_MANPACK,REACHBACK_LOST,3,0,0,0.0,True,False
CompressedFull,MT4_PERSISTENT_MONITORING,DISMOUNTED_MANPACK,REACHBACK_LOST,3,0,0,0.0,True,False
QuicklookFirst,MT4_PERSISTENT_MONITORING,DISMOUNTED_MANPACK,REACHBACK_LOST,3,0,0,0.0,True,False
RoiFirst,MT4_PERSISTENT_MONITORING,DISMOUNTED_MANPACK,REACHBACK_LOST,3,0,0,0.0,True,False
Progressive,MT4_PERSISTENT_MONITORING,DISMOUNTED_MANPACK,REACHBACK_LOST,3,28,28,1.0,False,True
ContactAware,MT4_PERSISTENT_MONITORING,DISMOUNTED_MANPACK,REACHBACK_LOST,3,0,0,0.0,True,False
ThreadAwarePriority,MT4_PERSISTENT_MONITORING,DISMOUNTED_MANPACK,REACHBACK_LOST,3,28,28,1.0,False,True
GroundOnly,MT4_PERSISTENT_MONITORING,DISMOUNTED_MANPACK,REACHBACK_LOST,4,0,0,0.0,True,False
CompressedFull,MT4_PERSISTENT_MONITORING,DISMOUNTED_MANPACK,REACHBACK_LOST,4,0,0,0.0,True,False
QuicklookFirst,MT4_PERSISTENT_MONITORING,DISMOUNTED_MANPACK,REACHBACK_LOST,4,0,0,0.0,True,False
RoiFirst,MT4_PERSISTENT_MONITORING,DISMOUNTED_MANPACK,REACHBACK_LOST,4,0,0,0.0,True,False
Progressive,MT4_PERSISTENT_MONITORING,DISMOUNTED_MANPACK,REACHBACK_LOST,4,28,28,1.0,False,True
ContactAware,MT4_PERSISTENT_MONITORING,DISMOUNTED_MANPACK,REACHBACK_LOST,4,0,0,0.0,True,False
ThreadAwarePriority,MT4_PERSISTENT_MONITORING,DISMOUNTED_MANPACK,REACHBACK_LOST,4,28,28,1.0,False,True
GroundOnly,MT4_PERSISTENT_MONITORING,DISMOUNTED_MANPACK,REACHBACK_LOST,5,0,0,0.0,True,False
CompressedFull,MT4_PERSISTENT_MONITORING,DISMOUNTED_MANPACK,REACHBACK_LOST,5,0,0,0.0,True,False
QuicklookFirst,MT4_PERSISTENT_MONITORING,DISMOUNTED_MANPACK,REACHBACK_LOST,5,0,0,0.0,True,False
RoiFirst,MT4_PERSISTENT_MONITORING,DISMOUNTED_MANPACK,REACHBACK_LOST,5,0,0,0.0,True,False
Progressive,MT4_PERSISTENT_MONITORING,DISMOUNTED_MANPACK,REACHBACK_LOST,5,28,28,1.0,False,True
ContactAware,MT4_PERSISTENT_MONITORING,DISMOUNTED_MANPACK,REACHBACK_LOST,5,0,0,0.0,True,False
ThreadAwarePriority,MT4_PERSISTENT_MONITORING,DISMOUNTED_MANPACK,REACHBACK_LOST,5,28,28,1.0,False,True
GroundOnly,MT4_PERSISTENT_MONITORING,DISMOUNTED_MANPACK,REACHBACK_LOST,6,0,0,0.0,True,False
CompressedFull,MT4_PERSISTENT_MONITORING,DISMOUNTED_MANPACK,REACHBACK_LOST,6,0,0,0.0,True,False
QuicklookFirst,MT4_PERSISTENT_MONITORING,DISMOUNTED_MANPACK,REACHBACK_LOST,6,0,0,0.0,True,False
RoiFirst,MT4_PERSISTENT_MONITORING,DISMOUNTED_MANPACK,REACHBACK_LOST,6,0,0,0.0,True,False
Progressive,MT4_PERSISTENT_MONITORING,DISMOUNTED_MANPACK,REACHBACK_LOST,6,28,28,1.0,False,True
ContactAware,MT4_PERSISTENT_MONITORING,DISMOUNTED_MANPACK,REACHBACK_LOST,6,0,0,0.0,True,False
ThreadAwarePriority,MT4_PERSISTENT_MONITORING,DISMOUNTED_MANPACK,REACHBACK_LOST,6,28,28,1.0,False,True
GroundOnly,MT4_PERSISTENT_MONITORING,DISMOUNTED_MANPACK,REACHBACK_LOST,7,0,0,0.0,True,False
CompressedFull,MT4_PERSISTENT_MONITORING,DISMOUNTED_MANPACK,REACHBACK_LOST,7,0,0,0.0,True,False
QuicklookFirst,MT4_PERSISTENT_MONITORING,DISMOUNTED_MANPACK,REACHBACK_LOST,7,0,0,0.0,True,False
RoiFirst,MT4_PERSISTENT_MONITORING,DISMOUNTED_MANPACK,REACHBACK_LOST,7,0,0,0.0,True,False
Progressive,MT4_PERSISTENT_MONITORING,DISMOUNTED_MANPACK,REACHBACK_LOST,7,28,28,1.0,False,True
ContactAware,MT4_PERSISTENT_MONITORING,DISMOUNTED_MANPACK,REACHBACK_LOST,7,0,0,0.0,True,False
ThreadAwarePriority,MT4_PERSISTENT_MONITORING,DISMOUNTED_MANPACK,REACHBACK_LOST,7,28,28,1.0,False,True
GroundOnly,MT4_PERSISTENT_MONITORING,DISMOUNTED_MANPACK,REACHBACK_LOST,8,0,0,0.0,True,False
CompressedFull,MT4_PERSISTENT_MONITORING,DISMOUNTED_MANPACK,REACHBACK_LOST,8,0,0,0.0,True,False
QuicklookFirst,MT4_PERSISTENT_MONITORING,DISMOUNTED_MANPACK,REACHBACK_LOST,8,0,0,0.0,True,False
RoiFirst,MT4_PERSISTENT_MONITORING,DISMOUNTED_MANPACK,REACHBACK_LOST,8,0,0,0.0,True,False
Progressive,MT4_PERSISTENT_MONITORING,DISMOUNTED_MANPACK,REACHBACK_LOST,8,28,28,1.0,False,True
ContactAware,MT4_PERSISTENT_MONITORING,DISMOUNTED_MANPACK,REACHBACK_LOST,8,0,0,0.0,True,False
ThreadAwarePriority,MT4_PERSISTENT_MONITORING,DISMOUNTED_MANPACK,REACHBACK_LOST,8,28,28,1.0,False,True
GroundOnly,MT4_PERSISTENT_MONITORING,DISMOUNTED_MANPACK,REACHBACK_LOST,9,0,0,0.0,True,False
CompressedFull,MT4_PERSISTENT_MONITORING,DISMOUNTED_MANPACK,REACHBACK_LOST,9,0,0,0.0,True,False
QuicklookFirst,MT4_PERSISTENT_MONITORING,DISMOUNTED_MANPACK,REACHBACK_LOST,9,0,0,0.0,True,False
RoiFirst,MT4_PERSISTENT_MONITORING,DISMOUNTED_MANPACK,REACHBACK_LOST,9,0,0,0.0,True,False
Progressive,MT4_PERSISTENT_MONITORING,DISMOUNTED_MANPACK,REACHBACK_LOST,9,28,28,1.0,False,True
ContactAware,MT4_PERSISTENT_MONITORING,DISMOUNTED_MANPACK,REACHBACK_LOST,9,0,0,0.0,True,False
ThreadAwarePriority,MT4_PERSISTENT_MONITORING,DISMOUNTED_MANPACK,REACHBACK_LOST,9,28,28,1.0,False,True
GroundOnly,MT4_PERSISTENT_MONITORING,DISMOUNTED_MANPACK,REACHBACK_LOST,10,0,0,0.0,True,False
CompressedFull,MT4_PERSISTENT_MONITORING,DISMOUNTED_MANPACK,REACHBACK_LOST,10,0,0,0.0,True,False
QuicklookFirst,MT4_PERSISTENT_MONITORING,DISMOUNTED_MANPACK,REACHBACK_LOST,10,0,0,0.0,True,False
RoiFirst,MT4_PERSISTENT_MONITORING,DISMOUNTED_MANPACK,REACHBACK_LOST,10,0,0,0.0,True,False
Progressive,MT4_PERSISTENT_MONITORING,DISMOUNTED_MANPACK,REACHBACK_LOST,10,28,28,1.0,False,True
ContactAware,MT4_PERSISTENT_MONITORING,DISMOUNTED_MANPACK,REACHBACK_LOST,10,0,0,0.0,True,False
ThreadAwarePriority,MT4_PERSISTENT_MONITORING,DISMOUNTED_MANPACK,REACHBACK_LOST,10,28,28,1.0,False,True
GroundOnly,MT4_PERSISTENT_MONITORING,DISMOUNTED_MANPACK,REACHBACK_LOST,11,0,0,0.0,True,False
CompressedFull,MT4_PERSISTENT_MONITORING,DISMOUNTED_MANPACK,REACHBACK_LOST,11,0,0,0.0,True,False
QuicklookFirst,MT4_PERSISTENT_MONITORING,DISMOUNTED_MANPACK,REACHBACK_LOST,11,0,0,0.0,True,False
RoiFirst,MT4_PERSISTENT_MONITORING,DISMOUNTED_MANPACK,REACHBACK_LOST,11,0,0,0.0,True,False
Progressive,MT4_PERSISTENT_MONITORING,DISMOUNTED_MANPACK,REACHBACK_LOST,11,28,28,1.0,False,True
ContactAware,MT4_PERSISTENT_MONITORING,DISMOUNTED_MANPACK,REACHBACK_LOST,11,0,0,0.0,True,False
ThreadAwarePriority,MT4_PERSISTENT_MONITORING,DISMOUNTED_MANPACK,REACHBACK_LOST,11,28,28,1.0,False,True
GroundOnly,MT4_PERSISTENT_MONITORING,DISMOUNTED_MANPACK,REACHBACK_LOST,12,0,0,0.0,True,False
CompressedFull,MT4_PERSISTENT_MONITORING,DISMOUNTED_MANPACK,REACHBACK_LOST,12,0,0,0.0,True,False
QuicklookFirst,MT4_PERSISTENT_MONITORING,DISMOUNTED_MANPACK,REACHBACK_LOST,12,0,0,0.0,True,False
RoiFirst,MT4_PERSISTENT_MONITORING,DISMOUNTED_MANPACK,REACHBACK_LOST,12,0,0,0.0,True,False
Progressive,MT4_PERSISTENT_MONITORING,DISMOUNTED_MANPACK,REACHBACK_LOST,12,28,28,1.0,False,True
ContactAware,MT4_PERSISTENT_MONITORING,DISMOUNTED_MANPACK,REACHBACK_LOST,12,0,0,0.0,True,False
ThreadAwarePriority,MT4_PERSISTENT_MONITORING,DISMOUNTED_MANPACK,REACHBACK_LOST,12,28,28,1.0,False,True
GroundOnly,MT4_PERSISTENT_MONITORING,DISMOUNTED_MANPACK,REACHBACK_LOST,13,0,0,0.0,True,False
CompressedFull,MT4_PERSISTENT_MONITORING,DISMOUNTED_MANPACK,REACHBACK_LOST,13,0,0,0.0,True,False
QuicklookFirst,MT4_PERSISTENT_MONITORING,DISMOUNTED_MANPACK,REACHBACK_LOST,13,0,0,0.0,True,False
RoiFirst,MT4_PERSISTENT_MONITORING,DISMOUNTED_MANPACK,REACHBACK_LOST,13,0,0,0.0,True,False
Progressive,MT4_PERSISTENT_MONITORING,DISMOUNTED_MANPACK,REACHBACK_LOST,13,28,28,1.0,False,True
ContactAware,MT4_PERSISTENT_MONITORING,DISMOUNTED_MANPACK,REACHBACK_LOST,13,0,0,0.0,True,False
ThreadAwarePriority,MT4_PERSISTENT_MONITORING,DISMOUNTED_MANPACK,REACHBACK_LOST,13,28,28,1.0,False,True
GroundOnly,MT4_PERSISTENT_MONITORING,DISMOUNTED_MANPACK,REACHBACK_LOST,14,0,0,0.0,True,False
CompressedFull,MT4_PERSISTENT_MONITORING,DISMOUNTED_MANPACK,REACHBACK_LOST,14,0,0,0.0,True,False
QuicklookFirst,MT4_PERSISTENT_MONITORING,DISMOUNTED_MANPACK,REACHBACK_LOST,14,0,0,0.0,True,False
RoiFirst,MT4_PERSISTENT_MONITORING,DISMOUNTED_MANPACK,REACHBACK_LOST,14,0,0,0.0,True,False
Progressive,MT4_PERSISTENT_MONITORING,DISMOUNTED_MANPACK,REACHBACK_LOST,14,28,28,1.0,False,True
ContactAware,MT4_PERSISTENT_MONITORING,DISMOUNTED_MANPACK,REACHBACK_LOST,14,0,0,0.0,True,False
ThreadAwarePriority,MT4_PERSISTENT_MONITORING,DISMOUNTED_MANPACK,REACHBACK_LOST,14,28,28,1.0,False,True
GroundOnly,MT4_PERSISTENT_MONITORING,DISMOUNTED_MANPACK,REACHBACK_LOST,15,0,0,0.0,True,False
CompressedFull,MT4_PERSISTENT_MONITORING,DISMOUNTED_MANPACK,REACHBACK_LOST,15,0,0,0.0,True,False
QuicklookFirst,MT4_PERSISTENT_MONITORING,DISMOUNTED_MANPACK,REACHBACK_LOST,15,0,0,0.0,True,False
RoiFirst,MT4_PERSISTENT_MONITORING,DISMOUNTED_MANPACK,REACHBACK_LOST,15,0,0,0.0,True,False
Progressive,MT4_PERSISTENT_MONITORING,DISMOUNTED_MANPACK,REACHBACK_LOST,15,28,28,1.0,False,True
ContactAware,MT4_PERSISTENT_MONITORING,DISMOUNTED_MANPACK,REACHBACK_LOST,15,0,0,0.0,True,False
ThreadAwarePriority,MT4_PERSISTENT_MONITORING,DISMOUNTED_MANPACK,REACHBACK_LOST,15,28,28,1.0,False,True
GroundOnly,MT4_PERSISTENT_MONITORING,DISMOUNTED_MANPACK,REACHBACK_LOST,16,0,0,0.0,True,False
CompressedFull,MT4_PERSISTENT_MONITORING,DISMOUNTED_MANPACK,REACHBACK_LOST,16,0,0,0.0,True,False
QuicklookFirst,MT4_PERSISTENT_MONITORING,DISMOUNTED_MANPACK,REACHBACK_LOST,16,0,0,0.0,True,False
RoiFirst,MT4_PERSISTENT_MONITORING,DISMOUNTED_MANPACK,REACHBACK_LOST,16,0,0,0.0,True,False
Progressive,MT4_PERSISTENT_MONITORING,DISMOUNTED_MANPACK,REACHBACK_LOST,16,28,28,1.0,False,True
ContactAware,MT4_PERSISTENT_MONITORING,DISMOUNTED_MANPACK,REACHBACK_LOST,16,0,0,0.0,True,False
ThreadAwarePriority,MT4_PERSISTENT_MONITORING,DISMOUNTED_MANPACK,REACHBACK_LOST,16,28,28,1.0,False,True
GroundOnly,MT4_PERSISTENT_MONITORING,DISMOUNTED_MANPACK,REACHBACK_LOST,17,0,0,0.0,True,False
CompressedFull,MT4_PERSISTENT_MONITORING,DISMOUNTED_MANPACK,REACHBACK_LOST,17,0,0,0.0,True,False
QuicklookFirst,MT4_PERSISTENT_MONITORING,DISMOUNTED_MANPACK,REACHBACK_LOST,17,0,0,0.0,True,False
RoiFirst,MT4_PERSISTENT_MONITORING,DISMOUNTED_MANPACK,REACHBACK_LOST,17,0,0,0.0,True,False
Progressive,MT4_PERSISTENT_MONITORING,DISMOUNTED_MANPACK,REACHBACK_LOST,17,28,28,1.0,False,True
ContactAware,MT4_PERSISTENT_MONITORING,DISMOUNTED_MANPACK,REACHBACK_LOST,17,0,0,0.0,True,False
ThreadAwarePriority,MT4_PERSISTENT_MONITORING,DISMOUNTED_MANPACK,REACHBACK_LOST,17,28,28,1.0,False,True
GroundOnly,MT4_PERSISTENT_MONITORING,DISMOUNTED_MANPACK,REACHBACK_LOST,18,0,0,0.0,True,False
CompressedFull,MT4_PERSISTENT_MONITORING,DISMOUNTED_MANPACK,REACHBACK_LOST,18,0,0,0.0,True,False
QuicklookFirst,MT4_PERSISTENT_MONITORING,DISMOUNTED_MANPACK,REACHBACK_LOST,18,0,0,0.0,True,False
RoiFirst,MT4_PERSISTENT_MONITORING,DISMOUNTED_MANPACK,REACHBACK_LOST,18,0,0,0.0,True,False
Progressive,MT4_PERSISTENT_MONITORING,DISMOUNTED_MANPACK,REACHBACK_LOST,18,28,28,1.0,False,True
ContactAware,MT4_PERSISTENT_MONITORING,DISMOUNTED_MANPACK,REACHBACK_LOST,18,0,0,0.0,True,False
ThreadAwarePriority,MT4_PERSISTENT_MONITORING,DISMOUNTED_MANPACK,REACHBACK_LOST,18,28,28,1.0,False,True
GroundOnly,MT4_PERSISTENT_MONITORING,DISMOUNTED_MANPACK,REACHBACK_LOST,19,0,0,0.0,True,False
CompressedFull,MT4_PERSISTENT_MONITORING,DISMOUNTED_MANPACK,REACHBACK_LOST,19,0,0,0.0,True,False
QuicklookFirst,MT4_PERSISTENT_MONITORING,DISMOUNTED_MANPACK,REACHBACK_LOST,19,0,0,0.0,True,False
RoiFirst,MT4_PERSISTENT_MONITORING,DISMOUNTED_MANPACK,REACHBACK_LOST,19,0,0,0.0,True,False
Progressive,MT4_PERSISTENT_MONITORING,DISMOUNTED_MANPACK,REACHBACK_LOST,19,28,28,1.0,False,True
ContactAware,MT4_PERSISTENT_MONITORING,DISMOUNTED_MANPACK,REACHBACK_LOST,19,0,0,0.0,True,False
ThreadAwarePriority,MT4_PERSISTENT_MONITORING,DISMOUNTED_MANPACK,REACHBACK_LOST,19,28,28,1.0,False,True
GroundOnly,MT4_PERSISTENT_MONITORING,DISMOUNTED_MANPACK,REACHBACK_LOST,20,0,0,0.0,True,False
CompressedFull,MT4_PERSISTENT_MONITORING,DISMOUNTED_MANPACK,REACHBACK_LOST,20,0,0,0.0,True,False
QuicklookFirst,MT4_PERSISTENT_MONITORING,DISMOUNTED_MANPACK,REACHBACK_LOST,20,0,0,0.0,True,False
RoiFirst,MT4_PERSISTENT_MONITORING,DISMOUNTED_MANPACK,REACHBACK_LOST,20,0,0,0.0,True,False
Progressive,MT4_PERSISTENT_MONITORING,DISMOUNTED_MANPACK,REACHBACK_LOST,20,28,28,1.0,False,True
ContactAware,MT4_PERSISTENT_MONITORING,DISMOUNTED_MANPACK,REACHBACK_LOST,20,0,0,0.0,True,False
ThreadAwarePriority,MT4_PERSISTENT_MONITORING,DISMOUNTED_MANPACK,REACHBACK_LOST,20,28,28,1.0,False,True
GroundOnly,MT4_PERSISTENT_MONITORING,DISMOUNTED_MANPACK,REACHBACK_LOST,21,0,0,0.0,True,False
CompressedFull,MT4_PERSISTENT_MONITORING,DISMOUNTED_MANPACK,REACHBACK_LOST,21,0,0,0.0,True,False
QuicklookFirst,MT4_PERSISTENT_MONITORING,DISMOUNTED_MANPACK,REACHBACK_LOST,21,0,0,0.0,True,False
RoiFirst,MT4_PERSISTENT_MONITORING,DISMOUNTED_MANPACK,REACHBACK_LOST,21,0,0,0.0,True,False
Progressive,MT4_PERSISTENT_MONITORING,DISMOUNTED_MANPACK,REACHBACK_LOST,21,28,28,1.0,False,True
ContactAware,MT4_PERSISTENT_MONITORING,DISMOUNTED_MANPACK,REACHBACK_LOST,21,0,0,0.0,True,False
ThreadAwarePriority,MT4_PERSISTENT_MONITORING,DISMOUNTED_MANPACK,REACHBACK_LOST,21,28,28,1.0,False,True
GroundOnly,MT4_PERSISTENT_MONITORING,DISMOUNTED_MANPACK,REACHBACK_LOST,22,0,0,0.0,True,False
CompressedFull,MT4_PERSISTENT_MONITORING,DISMOUNTED_MANPACK,REACHBACK_LOST,22,0,0,0.0,True,False
QuicklookFirst,MT4_PERSISTENT_MONITORING,DISMOUNTED_MANPACK,REACHBACK_LOST,22,0,0,0.0,True,False
RoiFirst,MT4_PERSISTENT_MONITORING,DISMOUNTED_MANPACK,REACHBACK_LOST,22,0,0,0.0,True,False
Progressive,MT4_PERSISTENT_MONITORING,DISMOUNTED_MANPACK,REACHBACK_LOST,22,28,28,1.0,False,True
ContactAware,MT4_PERSISTENT_MONITORING,DISMOUNTED_MANPACK,REACHBACK_LOST,22,0,0,0.0,True,False
ThreadAwarePriority,MT4_PERSISTENT_MONITORING,DISMOUNTED_MANPACK,REACHBACK_LOST,22,28,28,1.0,False,True
GroundOnly,MT4_PERSISTENT_MONITORING,DISMOUNTED_MANPACK,REACHBACK_LOST,23,0,0,0.0,True,False
CompressedFull,MT4_PERSISTENT_MONITORING,DISMOUNTED_MANPACK,REACHBACK_LOST,23,0,0,0.0,True,False
QuicklookFirst,MT4_PERSISTENT_MONITORING,DISMOUNTED_MANPACK,REACHBACK_LOST,23,0,0,0.0,True,False
RoiFirst,MT4_PERSISTENT_MONITORING,DISMOUNTED_MANPACK,REACHBACK_LOST,23,0,0,0.0,True,False
Progressive,MT4_PERSISTENT_MONITORING,DISMOUNTED_MANPACK,REACHBACK_LOST,23,28,28,1.0,False,True
ContactAware,MT4_PERSISTENT_MONITORING,DISMOUNTED_MANPACK,REACHBACK_LOST,23,0,0,0.0,True,False
ThreadAwarePriority,MT4_PERSISTENT_MONITORING,DISMOUNTED_MANPACK,REACHBACK_LOST,23,28,28,1.0,False,True
GroundOnly,MT4_PERSISTENT_MONITORING,DISMOUNTED_MANPACK,REACHBACK_LOST,24,0,0,0.0,True,False
CompressedFull,MT4_PERSISTENT_MONITORING,DISMOUNTED_MANPACK,REACHBACK_LOST,24,0,0,0.0,True,False
QuicklookFirst,MT4_PERSISTENT_MONITORING,DISMOUNTED_MANPACK,REACHBACK_LOST,24,0,0,0.0,True,False
RoiFirst,MT4_PERSISTENT_MONITORING,DISMOUNTED_MANPACK,REACHBACK_LOST,24,0,0,0.0,True,False
Progressive,MT4_PERSISTENT_MONITORING,DISMOUNTED_MANPACK,REACHBACK_LOST,24,28,28,1.0,False,True
ContactAware,MT4_PERSISTENT_MONITORING,DISMOUNTED_MANPACK,REACHBACK_LOST,24,0,0,0.0,True,False
ThreadAwarePriority,MT4_PERSISTENT_MONITORING,DISMOUNTED_MANPACK,REACHBACK_LOST,24,28,28,1.0,False,True
GroundOnly,MT4_PERSISTENT_MONITORING,DISMOUNTED_MANPACK,REACHBACK_LOST,25,0,0,0.0,True,False
CompressedFull,MT4_PERSISTENT_MONITORING,DISMOUNTED_MANPACK,REACHBACK_LOST,25,0,0,0.0,True,False
QuicklookFirst,MT4_PERSISTENT_MONITORING,DISMOUNTED_MANPACK,REACHBACK_LOST,25,0,0,0.0,True,False
RoiFirst,MT4_PERSISTENT_MONITORING,DISMOUNTED_MANPACK,REACHBACK_LOST,25,0,0,0.0,True,False
Progressive,MT4_PERSISTENT_MONITORING,DISMOUNTED_MANPACK,REACHBACK_LOST,25,28,28,1.0,False,True
ContactAware,MT4_PERSISTENT_MONITORING,DISMOUNTED_MANPACK,REACHBACK_LOST,25,0,0,0.0,True,False
ThreadAwarePriority,MT4_PERSISTENT_MONITORING,DISMOUNTED_MANPACK,REACHBACK_LOST,25,28,28,1.0,False,True
GroundOnly,MT4_PERSISTENT_MONITORING,DISMOUNTED_MANPACK,REACHBACK_LOST,26,0,0,0.0,True,False
CompressedFull,MT4_PERSISTENT_MONITORING,DISMOUNTED_MANPACK,REACHBACK_LOST,26,0,0,0.0,True,False
QuicklookFirst,MT4_PERSISTENT_MONITORING,DISMOUNTED_MANPACK,REACHBACK_LOST,26,0,0,0.0,True,False
RoiFirst,MT4_PERSISTENT_MONITORING,DISMOUNTED_MANPACK,REACHBACK_LOST,26,0,0,0.0,True,False
Progressive,MT4_PERSISTENT_MONITORING,DISMOUNTED_MANPACK,REACHBACK_LOST,26,28,28,1.0,False,True
ContactAware,MT4_PERSISTENT_MONITORING,DISMOUNTED_MANPACK,REACHBACK_LOST,26,0,0,0.0,True,False
ThreadAwarePriority,MT4_PERSISTENT_MONITORING,DISMOUNTED_MANPACK,REACHBACK_LOST,26,28,28,1.0,False,True
GroundOnly,MT4_PERSISTENT_MONITORING,DISMOUNTED_MANPACK,REACHBACK_LOST,27,0,0,0.0,True,False
CompressedFull,MT4_PERSISTENT_MONITORING,DISMOUNTED_MANPACK,REACHBACK_LOST,27,0,0,0.0,True,False
QuicklookFirst,MT4_PERSISTENT_MONITORING,DISMOUNTED_MANPACK,REACHBACK_LOST,27,0,0,0.0,True,False
RoiFirst,MT4_PERSISTENT_MONITORING,DISMOUNTED_MANPACK,REACHBACK_LOST,27,0,0,0.0,True,False
Progressive,MT4_PERSISTENT_MONITORING,DISMOUNTED_MANPACK,REACHBACK_LOST,27,28,28,1.0,False,True
ContactAware,MT4_PERSISTENT_MONITORING,DISMOUNTED_MANPACK,REACHBACK_LOST,27,0,0,0.0,True,False
ThreadAwarePriority,MT4_PERSISTENT_MONITORING,DISMOUNTED_MANPACK,REACHBACK_LOST,27,28,28,1.0,False,True
GroundOnly,MT4_PERSISTENT_MONITORING,DISMOUNTED_MANPACK,REACHBACK_LOST,28,0,0,0.0,True,False
CompressedFull,MT4_PERSISTENT_MONITORING,DISMOUNTED_MANPACK,REACHBACK_LOST,28,0,0,0.0,True,False
QuicklookFirst,MT4_PERSISTENT_MONITORING,DISMOUNTED_MANPACK,REACHBACK_LOST,28,0,0,0.0,True,False
RoiFirst,MT4_PERSISTENT_MONITORING,DISMOUNTED_MANPACK,REACHBACK_LOST,28,0,0,0.0,True,False
Progressive,MT4_PERSISTENT_MONITORING,DISMOUNTED_MANPACK,REACHBACK_LOST,28,28,28,1.0,False,True
ContactAware,MT4_PERSISTENT_MONITORING,DISMOUNTED_MANPACK,REACHBACK_LOST,28,0,0,0.0,True,False
ThreadAwarePriority,MT4_PERSISTENT_MONITORING,DISMOUNTED_MANPACK,REACHBACK_LOST,28,28,28,1.0,False,True
GroundOnly,MT4_PERSISTENT_MONITORING,DISMOUNTED_MANPACK,REACHBACK_LOST,29,0,0,0.0,True,False
CompressedFull,MT4_PERSISTENT_MONITORING,DISMOUNTED_MANPACK,REACHBACK_LOST,29,0,0,0.0,True,False
QuicklookFirst,MT4_PERSISTENT_MONITORING,DISMOUNTED_MANPACK,REACHBACK_LOST,29,0,0,0.0,True,False
RoiFirst,MT4_PERSISTENT_MONITORING,DISMOUNTED_MANPACK,REACHBACK_LOST,29,0,0,0.0,True,False
Progressive,MT4_PERSISTENT_MONITORING,DISMOUNTED_MANPACK,REACHBACK_LOST,29,28,28,1.0,False,True
ContactAware,MT4_PERSISTENT_MONITORING,DISMOUNTED_MANPACK,REACHBACK_LOST,29,0,0,0.0,True,False
ThreadAwarePriority,MT4_PERSISTENT_MONITORING,DISMOUNTED_MANPACK,REACHBACK_LOST,29,28,28,1.0,False,True
GroundOnly,MT4_PERSISTENT_MONITORING,DISMOUNTED_MANPACK,COMBINED_DEGRADED,0,0,0,0.0,True,False
CompressedFull,MT4_PERSISTENT_MONITORING,DISMOUNTED_MANPACK,COMBINED_DEGRADED,0,0,0,0.0,True,False
QuicklookFirst,MT4_PERSISTENT_MONITORING,DISMOUNTED_MANPACK,COMBINED_DEGRADED,0,0,0,0.0,True,False
RoiFirst,MT4_PERSISTENT_MONITORING,DISMOUNTED_MANPACK,COMBINED_DEGRADED,0,0,0,0.0,True,False
Progressive,MT4_PERSISTENT_MONITORING,DISMOUNTED_MANPACK,COMBINED_DEGRADED,0,28,20,0.7142857142857143,False,False
ContactAware,MT4_PERSISTENT_MONITORING,DISMOUNTED_MANPACK,COMBINED_DEGRADED,0,0,0,0.0,True,False
ThreadAwarePriority,MT4_PERSISTENT_MONITORING,DISMOUNTED_MANPACK,COMBINED_DEGRADED,0,28,20,0.7142857142857143,False,False
GroundOnly,MT4_PERSISTENT_MONITORING,DISMOUNTED_MANPACK,COMBINED_DEGRADED,1,0,0,0.0,True,False
CompressedFull,MT4_PERSISTENT_MONITORING,DISMOUNTED_MANPACK,COMBINED_DEGRADED,1,0,0,0.0,True,False
QuicklookFirst,MT4_PERSISTENT_MONITORING,DISMOUNTED_MANPACK,COMBINED_DEGRADED,1,0,0,0.0,True,False
RoiFirst,MT4_PERSISTENT_MONITORING,DISMOUNTED_MANPACK,COMBINED_DEGRADED,1,0,0,0.0,True,False
Progressive,MT4_PERSISTENT_MONITORING,DISMOUNTED_MANPACK,COMBINED_DEGRADED,1,28,19,0.6785714285714286,False,False
ContactAware,MT4_PERSISTENT_MONITORING,DISMOUNTED_MANPACK,COMBINED_DEGRADED,1,0,0,0.0,True,False
ThreadAwarePriority,MT4_PERSISTENT_MONITORING,DISMOUNTED_MANPACK,COMBINED_DEGRADED,1,28,19,0.6785714285714286,False,False
GroundOnly,MT4_PERSISTENT_MONITORING,DISMOUNTED_MANPACK,COMBINED_DEGRADED,2,0,0,0.0,True,False
CompressedFull,MT4_PERSISTENT_MONITORING,DISMOUNTED_MANPACK,COMBINED_DEGRADED,2,0,0,0.0,True,False
QuicklookFirst,MT4_PERSISTENT_MONITORING,DISMOUNTED_MANPACK,COMBINED_DEGRADED,2,0,0,0.0,True,False
RoiFirst,MT4_PERSISTENT_MONITORING,DISMOUNTED_MANPACK,COMBINED_DEGRADED,2,0,0,0.0,True,False
Progressive,MT4_PERSISTENT_MONITORING,DISMOUNTED_MANPACK,COMBINED_DEGRADED,2,28,22,0.7857142857142857,False,False
ContactAware,MT4_PERSISTENT_MONITORING,DISMOUNTED_MANPACK,COMBINED_DEGRADED,2,0,0,0.0,True,False
ThreadAwarePriority,MT4_PERSISTENT_MONITORING,DISMOUNTED_MANPACK,COMBINED_DEGRADED,2,28,22,0.7857142857142857,False,False
GroundOnly,MT4_PERSISTENT_MONITORING,DISMOUNTED_MANPACK,COMBINED_DEGRADED,3,0,0,0.0,True,False
CompressedFull,MT4_PERSISTENT_MONITORING,DISMOUNTED_MANPACK,COMBINED_DEGRADED,3,0,0,0.0,True,False
QuicklookFirst,MT4_PERSISTENT_MONITORING,DISMOUNTED_MANPACK,COMBINED_DEGRADED,3,0,0,0.0,True,False
RoiFirst,MT4_PERSISTENT_MONITORING,DISMOUNTED_MANPACK,COMBINED_DEGRADED,3,0,0,0.0,True,False
Progressive,MT4_PERSISTENT_MONITORING,DISMOUNTED_MANPACK,COMBINED_DEGRADED,3,28,20,0.7142857142857143,False,False
ContactAware,MT4_PERSISTENT_MONITORING,DISMOUNTED_MANPACK,COMBINED_DEGRADED,3,0,0,0.0,True,False
ThreadAwarePriority,MT4_PERSISTENT_MONITORING,DISMOUNTED_MANPACK,COMBINED_DEGRADED,3,28,20,0.7142857142857143,False,False
GroundOnly,MT4_PERSISTENT_MONITORING,DISMOUNTED_MANPACK,COMBINED_DEGRADED,4,0,0,0.0,True,False
CompressedFull,MT4_PERSISTENT_MONITORING,DISMOUNTED_MANPACK,COMBINED_DEGRADED,4,0,0,0.0,True,False
QuicklookFirst,MT4_PERSISTENT_MONITORING,DISMOUNTED_MANPACK,COMBINED_DEGRADED,4,0,0,0.0,True,False
RoiFirst,MT4_PERSISTENT_MONITORING,DISMOUNTED_MANPACK,COMBINED_DEGRADED,4,0,0,0.0,True,False
Progressive,MT4_PERSISTENT_MONITORING,DISMOUNTED_MANPACK,COMBINED_DEGRADED,4,28,14,0.5,False,False
ContactAware,MT4_PERSISTENT_MONITORING,DISMOUNTED_MANPACK,COMBINED_DEGRADED,4,0,0,0.0,True,False
ThreadAwarePriority,MT4_PERSISTENT_MONITORING,DISMOUNTED_MANPACK,COMBINED_DEGRADED,4,28,14,0.5,False,False
GroundOnly,MT4_PERSISTENT_MONITORING,DISMOUNTED_MANPACK,COMBINED_DEGRADED,5,0,0,0.0,True,False
CompressedFull,MT4_PERSISTENT_MONITORING,DISMOUNTED_MANPACK,COMBINED_DEGRADED,5,0,0,0.0,True,False
QuicklookFirst,MT4_PERSISTENT_MONITORING,DISMOUNTED_MANPACK,COMBINED_DEGRADED,5,0,0,0.0,True,False
RoiFirst,MT4_PERSISTENT_MONITORING,DISMOUNTED_MANPACK,COMBINED_DEGRADED,5,0,0,0.0,True,False
Progressive,MT4_PERSISTENT_MONITORING,DISMOUNTED_MANPACK,COMBINED_DEGRADED,5,28,19,0.6785714285714286,False,False
ContactAware,MT4_PERSISTENT_MONITORING,DISMOUNTED_MANPACK,COMBINED_DEGRADED,5,0,0,0.0,True,False
ThreadAwarePriority,MT4_PERSISTENT_MONITORING,DISMOUNTED_MANPACK,COMBINED_DEGRADED,5,28,19,0.6785714285714286,False,False
GroundOnly,MT4_PERSISTENT_MONITORING,DISMOUNTED_MANPACK,COMBINED_DEGRADED,6,0,0,0.0,True,False
CompressedFull,MT4_PERSISTENT_MONITORING,DISMOUNTED_MANPACK,COMBINED_DEGRADED,6,0,0,0.0,True,False
QuicklookFirst,MT4_PERSISTENT_MONITORING,DISMOUNTED_MANPACK,COMBINED_DEGRADED,6,0,0,0.0,True,False
RoiFirst,MT4_PERSISTENT_MONITORING,DISMOUNTED_MANPACK,COMBINED_DEGRADED,6,0,0,0.0,True,False
Progressive,MT4_PERSISTENT_MONITORING,DISMOUNTED_MANPACK,COMBINED_DEGRADED,6,28,17,0.6071428571428571,False,False
ContactAware,MT4_PERSISTENT_MONITORING,DISMOUNTED_MANPACK,COMBINED_DEGRADED,6,0,0,0.0,True,False
ThreadAwarePriority,MT4_PERSISTENT_MONITORING,DISMOUNTED_MANPACK,COMBINED_DEGRADED,6,28,17,0.6071428571428571,False,False
GroundOnly,MT4_PERSISTENT_MONITORING,DISMOUNTED_MANPACK,COMBINED_DEGRADED,7,0,0,0.0,True,False
CompressedFull,MT4_PERSISTENT_MONITORING,DISMOUNTED_MANPACK,COMBINED_DEGRADED,7,0,0,0.0,True,False
QuicklookFirst,MT4_PERSISTENT_MONITORING,DISMOUNTED_MANPACK,COMBINED_DEGRADED,7,0,0,0.0,True,False
RoiFirst,MT4_PERSISTENT_MONITORING,DISMOUNTED_MANPACK,COMBINED_DEGRADED,7,0,0,0.0,True,False
Progressive,MT4_PERSISTENT_MONITORING,DISMOUNTED_MANPACK,COMBINED_DEGRADED,7,28,19,0.6785714285714286,False,False
ContactAware,MT4_PERSISTENT_MONITORING,DISMOUNTED_MANPACK,COMBINED_DEGRADED,7,0,0,0.0,True,False
ThreadAwarePriority,MT4_PERSISTENT_MONITORING,DISMOUNTED_MANPACK,COMBINED_DEGRADED,7,28,19,0.6785714285714286,False,False
GroundOnly,MT4_PERSISTENT_MONITORING,DISMOUNTED_MANPACK,COMBINED_DEGRADED,8,0,0,0.0,True,False
CompressedFull,MT4_PERSISTENT_MONITORING,DISMOUNTED_MANPACK,COMBINED_DEGRADED,8,0,0,0.0,True,False
QuicklookFirst,MT4_PERSISTENT_MONITORING,DISMOUNTED_MANPACK,COMBINED_DEGRADED,8,0,0,0.0,True,False
RoiFirst,MT4_PERSISTENT_MONITORING,DISMOUNTED_MANPACK,COMBINED_DEGRADED,8,0,0,0.0,True,False
Progressive,MT4_PERSISTENT_MONITORING,DISMOUNTED_MANPACK,COMBINED_DEGRADED,8,28,22,0.7857142857142857,False,True
ContactAware,MT4_PERSISTENT_MONITORING,DISMOUNTED_MANPACK,COMBINED_DEGRADED,8,0,0,0.0,True,False
ThreadAwarePriority,MT4_PERSISTENT_MONITORING,DISMOUNTED_MANPACK,COMBINED_DEGRADED,8,28,22,0.7857142857142857,False,True
GroundOnly,MT4_PERSISTENT_MONITORING,DISMOUNTED_MANPACK,COMBINED_DEGRADED,9,0,0,0.0,True,False
CompressedFull,MT4_PERSISTENT_MONITORING,DISMOUNTED_MANPACK,COMBINED_DEGRADED,9,0,0,0.0,True,False
QuicklookFirst,MT4_PERSISTENT_MONITORING,DISMOUNTED_MANPACK,COMBINED_DEGRADED,9,0,0,0.0,True,False
RoiFirst,MT4_PERSISTENT_MONITORING,DISMOUNTED_MANPACK,COMBINED_DEGRADED,9,0,0,0.0,True,False
Progressive,MT4_PERSISTENT_MONITORING,DISMOUNTED_MANPACK,COMBINED_DEGRADED,9,28,20,0.7142857142857143,False,False
ContactAware,MT4_PERSISTENT_MONITORING,DISMOUNTED_MANPACK,COMBINED_DEGRADED,9,0,0,0.0,True,False
ThreadAwarePriority,MT4_PERSISTENT_MONITORING,DISMOUNTED_MANPACK,COMBINED_DEGRADED,9,28,20,0.7142857142857143,False,False
GroundOnly,MT4_PERSISTENT_MONITORING,DISMOUNTED_MANPACK,COMBINED_DEGRADED,10,0,0,0.0,True,False
CompressedFull,MT4_PERSISTENT_MONITORING,DISMOUNTED_MANPACK,COMBINED_DEGRADED,10,0,0,0.0,True,False
QuicklookFirst,MT4_PERSISTENT_MONITORING,DISMOUNTED_MANPACK,COMBINED_DEGRADED,10,0,0,0.0,True,False
RoiFirst,MT4_PERSISTENT_MONITORING,DISMOUNTED_MANPACK,COMBINED_DEGRADED,10,0,0,0.0,True,False
Progressive,MT4_PERSISTENT_MONITORING,DISMOUNTED_MANPACK,COMBINED_DEGRADED,10,28,17,0.6071428571428571,False,False
ContactAware,MT4_PERSISTENT_MONITORING,DISMOUNTED_MANPACK,COMBINED_DEGRADED,10,0,0,0.0,True,False
ThreadAwarePriority,MT4_PERSISTENT_MONITORING,DISMOUNTED_MANPACK,COMBINED_DEGRADED,10,28,17,0.6071428571428571,False,False
GroundOnly,MT4_PERSISTENT_MONITORING,DISMOUNTED_MANPACK,COMBINED_DEGRADED,11,0,0,0.0,True,False
CompressedFull,MT4_PERSISTENT_MONITORING,DISMOUNTED_MANPACK,COMBINED_DEGRADED,11,0,0,0.0,True,False
QuicklookFirst,MT4_PERSISTENT_MONITORING,DISMOUNTED_MANPACK,COMBINED_DEGRADED,11,0,0,0.0,True,False
RoiFirst,MT4_PERSISTENT_MONITORING,DISMOUNTED_MANPACK,COMBINED_DEGRADED,11,0,0,0.0,True,False
Progressive,MT4_PERSISTENT_MONITORING,DISMOUNTED_MANPACK,COMBINED_DEGRADED,11,28,20,0.7142857142857143,False,False
ContactAware,MT4_PERSISTENT_MONITORING,DISMOUNTED_MANPACK,COMBINED_DEGRADED,11,0,0,0.0,True,False
ThreadAwarePriority,MT4_PERSISTENT_MONITORING,DISMOUNTED_MANPACK,COMBINED_DEGRADED,11,28,20,0.7142857142857143,False,False
GroundOnly,MT4_PERSISTENT_MONITORING,DISMOUNTED_MANPACK,COMBINED_DEGRADED,12,0,0,0.0,True,False
CompressedFull,MT4_PERSISTENT_MONITORING,DISMOUNTED_MANPACK,COMBINED_DEGRADED,12,0,0,0.0,True,False
QuicklookFirst,MT4_PERSISTENT_MONITORING,DISMOUNTED_MANPACK,COMBINED_DEGRADED,12,0,0,0.0,True,False
RoiFirst,MT4_PERSISTENT_MONITORING,DISMOUNTED_MANPACK,COMBINED_DEGRADED,12,0,0,0.0,True,False
Progressive,MT4_PERSISTENT_MONITORING,DISMOUNTED_MANPACK,COMBINED_DEGRADED,12,28,18,0.6428571428571429,False,False
ContactAware,MT4_PERSISTENT_MONITORING,DISMOUNTED_MANPACK,COMBINED_DEGRADED,12,0,0,0.0,True,False
ThreadAwarePriority,MT4_PERSISTENT_MONITORING,DISMOUNTED_MANPACK,COMBINED_DEGRADED,12,28,18,0.6428571428571429,False,False
GroundOnly,MT4_PERSISTENT_MONITORING,DISMOUNTED_MANPACK,COMBINED_DEGRADED,13,0,0,0.0,True,False
CompressedFull,MT4_PERSISTENT_MONITORING,DISMOUNTED_MANPACK,COMBINED_DEGRADED,13,0,0,0.0,True,False
QuicklookFirst,MT4_PERSISTENT_MONITORING,DISMOUNTED_MANPACK,COMBINED_DEGRADED,13,0,0,0.0,True,False
RoiFirst,MT4_PERSISTENT_MONITORING,DISMOUNTED_MANPACK,COMBINED_DEGRADED,13,0,0,0.0,True,False
Progressive,MT4_PERSISTENT_MONITORING,DISMOUNTED_MANPACK,COMBINED_DEGRADED,13,28,16,0.5714285714285714,False,False
ContactAware,MT4_PERSISTENT_MONITORING,DISMOUNTED_MANPACK,COMBINED_DEGRADED,13,0,0,0.0,True,False
ThreadAwarePriority,MT4_PERSISTENT_MONITORING,DISMOUNTED_MANPACK,COMBINED_DEGRADED,13,28,16,0.5714285714285714,False,False
GroundOnly,MT4_PERSISTENT_MONITORING,DISMOUNTED_MANPACK,COMBINED_DEGRADED,14,0,0,0.0,True,False
CompressedFull,MT4_PERSISTENT_MONITORING,DISMOUNTED_MANPACK,COMBINED_DEGRADED,14,0,0,0.0,True,False
QuicklookFirst,MT4_PERSISTENT_MONITORING,DISMOUNTED_MANPACK,COMBINED_DEGRADED,14,0,0,0.0,True,False
RoiFirst,MT4_PERSISTENT_MONITORING,DISMOUNTED_MANPACK,COMBINED_DEGRADED,14,0,0,0.0,True,False
Progressive,MT4_PERSISTENT_MONITORING,DISMOUNTED_MANPACK,COMBINED_DEGRADED,14,28,23,0.8214285714285714,False,False
ContactAware,MT4_PERSISTENT_MONITORING,DISMOUNTED_MANPACK,COMBINED_DEGRADED,14,0,0,0.0,True,False
ThreadAwarePriority,MT4_PERSISTENT_MONITORING,DISMOUNTED_MANPACK,COMBINED_DEGRADED,14,28,23,0.8214285714285714,False,False
GroundOnly,MT4_PERSISTENT_MONITORING,DISMOUNTED_MANPACK,COMBINED_DEGRADED,15,0,0,0.0,True,False
CompressedFull,MT4_PERSISTENT_MONITORING,DISMOUNTED_MANPACK,COMBINED_DEGRADED,15,0,0,0.0,True,False
QuicklookFirst,MT4_PERSISTENT_MONITORING,DISMOUNTED_MANPACK,COMBINED_DEGRADED,15,0,0,0.0,True,False
RoiFirst,MT4_PERSISTENT_MONITORING,DISMOUNTED_MANPACK,COMBINED_DEGRADED,15,0,0,0.0,True,False
Progressive,MT4_PERSISTENT_MONITORING,DISMOUNTED_MANPACK,COMBINED_DEGRADED,15,28,18,0.6428571428571429,False,False
ContactAware,MT4_PERSISTENT_MONITORING,DISMOUNTED_MANPACK,COMBINED_DEGRADED,15,0,0,0.0,True,False
ThreadAwarePriority,MT4_PERSISTENT_MONITORING,DISMOUNTED_MANPACK,COMBINED_DEGRADED,15,28,18,0.6428571428571429,False,False
GroundOnly,MT4_PERSISTENT_MONITORING,DISMOUNTED_MANPACK,COMBINED_DEGRADED,16,0,0,0.0,True,False
CompressedFull,MT4_PERSISTENT_MONITORING,DISMOUNTED_MANPACK,COMBINED_DEGRADED,16,0,0,0.0,True,False
QuicklookFirst,MT4_PERSISTENT_MONITORING,DISMOUNTED_MANPACK,COMBINED_DEGRADED,16,0,0,0.0,True,False
RoiFirst,MT4_PERSISTENT_MONITORING,DISMOUNTED_MANPACK,COMBINED_DEGRADED,16,0,0,0.0,True,False
Progressive,MT4_PERSISTENT_MONITORING,DISMOUNTED_MANPACK,COMBINED_DEGRADED,16,28,21,0.75,False,False
ContactAware,MT4_PERSISTENT_MONITORING,DISMOUNTED_MANPACK,COMBINED_DEGRADED,16,0,0,0.0,True,False
ThreadAwarePriority,MT4_PERSISTENT_MONITORING,DISMOUNTED_MANPACK,COMBINED_DEGRADED,16,28,21,0.75,False,False
GroundOnly,MT4_PERSISTENT_MONITORING,DISMOUNTED_MANPACK,COMBINED_DEGRADED,17,0,0,0.0,True,False
CompressedFull,MT4_PERSISTENT_MONITORING,DISMOUNTED_MANPACK,COMBINED_DEGRADED,17,0,0,0.0,True,False
QuicklookFirst,MT4_PERSISTENT_MONITORING,DISMOUNTED_MANPACK,COMBINED_DEGRADED,17,0,0,0.0,True,False
RoiFirst,MT4_PERSISTENT_MONITORING,DISMOUNTED_MANPACK,COMBINED_DEGRADED,17,0,0,0.0,True,False
Progressive,MT4_PERSISTENT_MONITORING,DISMOUNTED_MANPACK,COMBINED_DEGRADED,17,28,21,0.75,False,False
ContactAware,MT4_PERSISTENT_MONITORING,DISMOUNTED_MANPACK,COMBINED_DEGRADED,17,0,0,0.0,True,False
ThreadAwarePriority,MT4_PERSISTENT_MONITORING,DISMOUNTED_MANPACK,COMBINED_DEGRADED,17,28,21,0.75,False,False
GroundOnly,MT4_PERSISTENT_MONITORING,DISMOUNTED_MANPACK,COMBINED_DEGRADED,18,0,0,0.0,True,False
CompressedFull,MT4_PERSISTENT_MONITORING,DISMOUNTED_MANPACK,COMBINED_DEGRADED,18,0,0,0.0,True,False
QuicklookFirst,MT4_PERSISTENT_MONITORING,DISMOUNTED_MANPACK,COMBINED_DEGRADED,18,0,0,0.0,True,False
RoiFirst,MT4_PERSISTENT_MONITORING,DISMOUNTED_MANPACK,COMBINED_DEGRADED,18,0,0,0.0,True,False
Progressive,MT4_PERSISTENT_MONITORING,DISMOUNTED_MANPACK,COMBINED_DEGRADED,18,28,20,0.7142857142857143,False,False
ContactAware,MT4_PERSISTENT_MONITORING,DISMOUNTED_MANPACK,COMBINED_DEGRADED,18,0,0,0.0,True,False
ThreadAwarePriority,MT4_PERSISTENT_MONITORING,DISMOUNTED_MANPACK,COMBINED_DEGRADED,18,28,20,0.7142857142857143,False,False
GroundOnly,MT4_PERSISTENT_MONITORING,DISMOUNTED_MANPACK,COMBINED_DEGRADED,19,0,0,0.0,True,False
CompressedFull,MT4_PERSISTENT_MONITORING,DISMOUNTED_MANPACK,COMBINED_DEGRADED,19,0,0,0.0,True,False
QuicklookFirst,MT4_PERSISTENT_MONITORING,DISMOUNTED_MANPACK,COMBINED_DEGRADED,19,0,0,0.0,True,False
RoiFirst,MT4_PERSISTENT_MONITORING,DISMOUNTED_MANPACK,COMBINED_DEGRADED,19,0,0,0.0,True,False
Progressive,MT4_PERSISTENT_MONITORING,DISMOUNTED_MANPACK,COMBINED_DEGRADED,19,28,19,0.6785714285714286,False,False
ContactAware,MT4_PERSISTENT_MONITORING,DISMOUNTED_MANPACK,COMBINED_DEGRADED,19,0,0,0.0,True,False
ThreadAwarePriority,MT4_PERSISTENT_MONITORING,DISMOUNTED_MANPACK,COMBINED_DEGRADED,19,28,19,0.6785714285714286,False,False
GroundOnly,MT4_PERSISTENT_MONITORING,DISMOUNTED_MANPACK,COMBINED_DEGRADED,20,0,0,0.0,True,False
CompressedFull,MT4_PERSISTENT_MONITORING,DISMOUNTED_MANPACK,COMBINED_DEGRADED,20,0,0,0.0,True,False
QuicklookFirst,MT4_PERSISTENT_MONITORING,DISMOUNTED_MANPACK,COMBINED_DEGRADED,20,0,0,0.0,True,False
RoiFirst,MT4_PERSISTENT_MONITORING,DISMOUNTED_MANPACK,COMBINED_DEGRADED,20,0,0,0.0,True,False
Progressive,MT4_PERSISTENT_MONITORING,DISMOUNTED_MANPACK,COMBINED_DEGRADED,20,28,17,0.6071428571428571,False,False
ContactAware,MT4_PERSISTENT_MONITORING,DISMOUNTED_MANPACK,COMBINED_DEGRADED,20,0,0,0.0,True,False
ThreadAwarePriority,MT4_PERSISTENT_MONITORING,DISMOUNTED_MANPACK,COMBINED_DEGRADED,20,28,17,0.6071428571428571,False,False
GroundOnly,MT4_PERSISTENT_MONITORING,DISMOUNTED_MANPACK,COMBINED_DEGRADED,21,0,0,0.0,True,False
CompressedFull,MT4_PERSISTENT_MONITORING,DISMOUNTED_MANPACK,COMBINED_DEGRADED,21,0,0,0.0,True,False
QuicklookFirst,MT4_PERSISTENT_MONITORING,DISMOUNTED_MANPACK,COMBINED_DEGRADED,21,0,0,0.0,True,False
RoiFirst,MT4_PERSISTENT_MONITORING,DISMOUNTED_MANPACK,COMBINED_DEGRADED,21,0,0,0.0,True,False
Progressive,MT4_PERSISTENT_MONITORING,DISMOUNTED_MANPACK,COMBINED_DEGRADED,21,28,21,0.75,False,True
ContactAware,MT4_PERSISTENT_MONITORING,DISMOUNTED_MANPACK,COMBINED_DEGRADED,21,0,0,0.0,True,False
ThreadAwarePriority,MT4_PERSISTENT_MONITORING,DISMOUNTED_MANPACK,COMBINED_DEGRADED,21,28,21,0.75,False,True
GroundOnly,MT4_PERSISTENT_MONITORING,DISMOUNTED_MANPACK,COMBINED_DEGRADED,22,0,0,0.0,True,False
CompressedFull,MT4_PERSISTENT_MONITORING,DISMOUNTED_MANPACK,COMBINED_DEGRADED,22,0,0,0.0,True,False
QuicklookFirst,MT4_PERSISTENT_MONITORING,DISMOUNTED_MANPACK,COMBINED_DEGRADED,22,0,0,0.0,True,False
RoiFirst,MT4_PERSISTENT_MONITORING,DISMOUNTED_MANPACK,COMBINED_DEGRADED,22,0,0,0.0,True,False
Progressive,MT4_PERSISTENT_MONITORING,DISMOUNTED_MANPACK,COMBINED_DEGRADED,22,28,23,0.8214285714285714,False,False
ContactAware,MT4_PERSISTENT_MONITORING,DISMOUNTED_MANPACK,COMBINED_DEGRADED,22,0,0,0.0,True,False
ThreadAwarePriority,MT4_PERSISTENT_MONITORING,DISMOUNTED_MANPACK,COMBINED_DEGRADED,22,28,23,0.8214285714285714,False,False
GroundOnly,MT4_PERSISTENT_MONITORING,DISMOUNTED_MANPACK,COMBINED_DEGRADED,23,0,0,0.0,True,False
CompressedFull,MT4_PERSISTENT_MONITORING,DISMOUNTED_MANPACK,COMBINED_DEGRADED,23,0,0,0.0,True,False
QuicklookFirst,MT4_PERSISTENT_MONITORING,DISMOUNTED_MANPACK,COMBINED_DEGRADED,23,0,0,0.0,True,False
RoiFirst,MT4_PERSISTENT_MONITORING,DISMOUNTED_MANPACK,COMBINED_DEGRADED,23,0,0,0.0,True,False
Progressive,MT4_PERSISTENT_MONITORING,DISMOUNTED_MANPACK,COMBINED_DEGRADED,23,28,20,0.7142857142857143,False,False
ContactAware,MT4_PERSISTENT_MONITORING,DISMOUNTED_MANPACK,COMBINED_DEGRADED,23,0,0,0.0,True,False
ThreadAwarePriority,MT4_PERSISTENT_MONITORING,DISMOUNTED_MANPACK,COMBINED_DEGRADED,23,28,20,0.7142857142857143,False,False
GroundOnly,MT4_PERSISTENT_MONITORING,DISMOUNTED_MANPACK,COMBINED_DEGRADED,24,0,0,0.0,True,False
CompressedFull,MT4_PERSISTENT_MONITORING,DISMOUNTED_MANPACK,COMBINED_DEGRADED,24,0,0,0.0,True,False
QuicklookFirst,MT4_PERSISTENT_MONITORING,DISMOUNTED_MANPACK,COMBINED_DEGRADED,24,0,0,0.0,True,False
RoiFirst,MT4_PERSISTENT_MONITORING,DISMOUNTED_MANPACK,COMBINED_DEGRADED,24,0,0,0.0,True,False
Progressive,MT4_PERSISTENT_MONITORING,DISMOUNTED_MANPACK,COMBINED_DEGRADED,24,28,20,0.7142857142857143,False,False
ContactAware,MT4_PERSISTENT_MONITORING,DISMOUNTED_MANPACK,COMBINED_DEGRADED,24,0,0,0.0,True,False
ThreadAwarePriority,MT4_PERSISTENT_MONITORING,DISMOUNTED_MANPACK,COMBINED_DEGRADED,24,28,20,0.7142857142857143,False,False
GroundOnly,MT4_PERSISTENT_MONITORING,DISMOUNTED_MANPACK,COMBINED_DEGRADED,25,0,0,0.0,True,False
CompressedFull,MT4_PERSISTENT_MONITORING,DISMOUNTED_MANPACK,COMBINED_DEGRADED,25,0,0,0.0,True,False
QuicklookFirst,MT4_PERSISTENT_MONITORING,DISMOUNTED_MANPACK,COMBINED_DEGRADED,25,0,0,0.0,True,False
RoiFirst,MT4_PERSISTENT_MONITORING,DISMOUNTED_MANPACK,COMBINED_DEGRADED,25,0,0,0.0,True,False
Progressive,MT4_PERSISTENT_MONITORING,DISMOUNTED_MANPACK,COMBINED_DEGRADED,25,28,22,0.7857142857142857,False,True
ContactAware,MT4_PERSISTENT_MONITORING,DISMOUNTED_MANPACK,COMBINED_DEGRADED,25,0,0,0.0,True,False
ThreadAwarePriority,MT4_PERSISTENT_MONITORING,DISMOUNTED_MANPACK,COMBINED_DEGRADED,25,28,22,0.7857142857142857,False,True
GroundOnly,MT4_PERSISTENT_MONITORING,DISMOUNTED_MANPACK,COMBINED_DEGRADED,26,0,0,0.0,True,False
CompressedFull,MT4_PERSISTENT_MONITORING,DISMOUNTED_MANPACK,COMBINED_DEGRADED,26,0,0,0.0,True,False
QuicklookFirst,MT4_PERSISTENT_MONITORING,DISMOUNTED_MANPACK,COMBINED_DEGRADED,26,0,0,0.0,True,False
RoiFirst,MT4_PERSISTENT_MONITORING,DISMOUNTED_MANPACK,COMBINED_DEGRADED,26,0,0,0.0,True,False
Progressive,MT4_PERSISTENT_MONITORING,DISMOUNTED_MANPACK,COMBINED_DEGRADED,26,28,17,0.6071428571428571,False,False
ContactAware,MT4_PERSISTENT_MONITORING,DISMOUNTED_MANPACK,COMBINED_DEGRADED,26,0,0,0.0,True,False
ThreadAwarePriority,MT4_PERSISTENT_MONITORING,DISMOUNTED_MANPACK,COMBINED_DEGRADED,26,28,17,0.6071428571428571,False,False
GroundOnly,MT4_PERSISTENT_MONITORING,DISMOUNTED_MANPACK,COMBINED_DEGRADED,27,0,0,0.0,True,False
CompressedFull,MT4_PERSISTENT_MONITORING,DISMOUNTED_MANPACK,COMBINED_DEGRADED,27,0,0,0.0,True,False
QuicklookFirst,MT4_PERSISTENT_MONITORING,DISMOUNTED_MANPACK,COMBINED_DEGRADED,27,0,0,0.0,True,False
RoiFirst,MT4_PERSISTENT_MONITORING,DISMOUNTED_MANPACK,COMBINED_DEGRADED,27,0,0,0.0,True,False
Progressive,MT4_PERSISTENT_MONITORING,DISMOUNTED_MANPACK,COMBINED_DEGRADED,27,28,20,0.7142857142857143,False,False
ContactAware,MT4_PERSISTENT_MONITORING,DISMOUNTED_MANPACK,COMBINED_DEGRADED,27,0,0,0.0,True,False
ThreadAwarePriority,MT4_PERSISTENT_MONITORING,DISMOUNTED_MANPACK,COMBINED_DEGRADED,27,28,20,0.7142857142857143,False,False
GroundOnly,MT4_PERSISTENT_MONITORING,DISMOUNTED_MANPACK,COMBINED_DEGRADED,28,0,0,0.0,True,False
CompressedFull,MT4_PERSISTENT_MONITORING,DISMOUNTED_MANPACK,COMBINED_DEGRADED,28,0,0,0.0,True,False
QuicklookFirst,MT4_PERSISTENT_MONITORING,DISMOUNTED_MANPACK,COMBINED_DEGRADED,28,0,0,0.0,True,False
RoiFirst,MT4_PERSISTENT_MONITORING,DISMOUNTED_MANPACK,COMBINED_DEGRADED,28,0,0,0.0,True,False
Progressive,MT4_PERSISTENT_MONITORING,DISMOUNTED_MANPACK,COMBINED_DEGRADED,28,28,21,0.75,False,False
ContactAware,MT4_PERSISTENT_MONITORING,DISMOUNTED_MANPACK,COMBINED_DEGRADED,28,0,0,0.0,True,False
ThreadAwarePriority,MT4_PERSISTENT_MONITORING,DISMOUNTED_MANPACK,COMBINED_DEGRADED,28,28,21,0.75,False,False
GroundOnly,MT4_PERSISTENT_MONITORING,DISMOUNTED_MANPACK,COMBINED_DEGRADED,29,0,0,0.0,True,False
CompressedFull,MT4_PERSISTENT_MONITORING,DISMOUNTED_MANPACK,COMBINED_DEGRADED,29,0,0,0.0,True,False
QuicklookFirst,MT4_PERSISTENT_MONITORING,DISMOUNTED_MANPACK,COMBINED_DEGRADED,29,0,0,0.0,True,False
RoiFirst,MT4_PERSISTENT_MONITORING,DISMOUNTED_MANPACK,COMBINED_DEGRADED,29,0,0,0.0,True,False
Progressive,MT4_PERSISTENT_MONITORING,DISMOUNTED_MANPACK,COMBINED_DEGRADED,29,28,23,0.8214285714285714,False,True
ContactAware,MT4_PERSISTENT_MONITORING,DISMOUNTED_MANPACK,COMBINED_DEGRADED,29,0,0,0.0,True,False
ThreadAwarePriority,MT4_PERSISTENT_MONITORING,DISMOUNTED_MANPACK,COMBINED_DEGRADED,29,28,23,0.8214285714285714,False,True
