walker,terminal_sites,terminal_class,condition,thread,trial,architecture_id,mode,receiver_semantics,paired_context_sha256,total_passes,passes_met,cadence_rate,structural_incapacity,success
1/1/0,1,VEHICLE_MOUNTED,NOMINAL,MT4_PERSISTENT_MONITORING,0,A0_GROUND_ONLY,independent_opportunities,requesting_terminal,6673717af67510dfdc0102b88a697ed2e81eb8488ed43f16f039882ed58fbb54,8,3,0.375,False,False
1/1/0,1,VEHICLE_MOUNTED,NOMINAL,MT4_PERSISTENT_MONITORING,0,A1_COMPRESSED_FULL,independent_opportunities,requesting_terminal,6673717af67510dfdc0102b88a697ed2e81eb8488ed43f16f039882ed58fbb54,8,8,1.0,False,True
1/1/0,1,VEHICLE_MOUNTED,NOMINAL,MT4_PERSISTENT_MONITORING,0,A2_QUICKLOOK_FIRST,independent_opportunities,requesting_terminal,6673717af67510dfdc0102b88a697ed2e81eb8488ed43f16f039882ed58fbb54,8,3,0.375,False,False
1/1/0,1,VEHICLE_MOUNTED,NOMINAL,MT4_PERSISTENT_MONITORING,0,A3_ROI_FIRST,independent_opportunities,requesting_terminal,6673717af67510dfdc0102b88a697ed2e81eb8488ed43f16f039882ed58fbb54,8,3,0.375,False,False
1/1/0,1,VEHICLE_MOUNTED,NOMINAL,MT4_PERSISTENT_MONITORING,0,A4_PROGRESSIVE,independent_opportunities,requesting_terminal,6673717af67510dfdc0102b88a697ed2e81eb8488ed43f16f039882ed58fbb54,8,8,1.0,False,True
1/1/0,1,VEHICLE_MOUNTED,NOMINAL,MT4_PERSISTENT_MONITORING,0,A5_CONTACT_AWARE,independent_opportunities,requesting_terminal,6673717af67510dfdc0102b88a697ed2e81eb8488ed43f16f039882ed58fbb54,8,8,1.0,False,True
1/1/0,1,VEHICLE_MOUNTED,NOMINAL,MT4_PERSISTENT_MONITORING,0,A6_THREAD_AWARE_PRIORITY,independent_opportunities,requesting_terminal,6673717af67510dfdc0102b88a697ed2e81eb8488ed43f16f039882ed58fbb54,8,8,1.0,False,True
1/1/0,1,VEHICLE_MOUNTED,COMBINED_DEGRADED,MT4_PERSISTENT_MONITORING,0,A0_GROUND_ONLY,independent_opportunities,requesting_terminal,639720f85fdc8c5d770cc83ab16f3f2da378ca71c4bbbf1ea99c26d294bcfef2,8,0,0.0,False,False
1/1/0,1,VEHICLE_MOUNTED,COMBINED_DEGRADED,MT4_PERSISTENT_MONITORING,0,A1_COMPRESSED_FULL,independent_opportunities,requesting_terminal,639720f85fdc8c5d770cc83ab16f3f2da378ca71c4bbbf1ea99c26d294bcfef2,8,6,0.75,False,False
1/1/0,1,VEHICLE_MOUNTED,COMBINED_DEGRADED,MT4_PERSISTENT_MONITORING,0,A2_QUICKLOOK_FIRST,independent_opportunities,requesting_terminal,639720f85fdc8c5d770cc83ab16f3f2da378ca71c4bbbf1ea99c26d294bcfef2,8,0,0.0,False,False
1/1/0,1,VEHICLE_MOUNTED,COMBINED_DEGRADED,MT4_PERSISTENT_MONITORING,0,A3_ROI_FIRST,independent_opportunities,requesting_terminal,639720f85fdc8c5d770cc83ab16f3f2da378ca71c4bbbf1ea99c26d294bcfef2,8,0,0.0,False,False
1/1/0,1,VEHICLE_MOUNTED,COMBINED_DEGRADED,MT4_PERSISTENT_MONITORING,0,A4_PROGRESSIVE,independent_opportunities,requesting_terminal,639720f85fdc8c5d770cc83ab16f3f2da378ca71c4bbbf1ea99c26d294bcfef2,8,7,0.875,False,True
1/1/0,1,VEHICLE_MOUNTED,COMBINED_DEGRADED,MT4_PERSISTENT_MONITORING,0,A5_CONTACT_AWARE,independent_opportunities,requesting_terminal,639720f85fdc8c5d770cc83ab16f3f2da378ca71c4bbbf1ea99c26d294bcfef2,8,6,0.75,False,False
1/1/0,1,VEHICLE_MOUNTED,COMBINED_DEGRADED,MT4_PERSISTENT_MONITORING,0,A6_THREAD_AWARE_PRIORITY,independent_opportunities,requesting_terminal,639720f85fdc8c5d770cc83ab16f3f2da378ca71c4bbbf1ea99c26d294bcfef2,8,7,0.875,False,True
1/1/0,1,VEHICLE_MOUNTED,COMBINED_DEGRADED,MT4_PERSISTENT_MONITORING,1,A0_GROUND_ONLY,independent_opportunities,requesting_terminal,b32261a77f924c1359e9c8fadfe765c506ae15181a482607ac647855beee03f6,8,0,0.0,False,False
1/1/0,1,VEHICLE_MOUNTED,COMBINED_DEGRADED,MT4_PERSISTENT_MONITORING,1,A1_COMPRESSED_FULL,independent_opportunities,requesting_terminal,b32261a77f924c1359e9c8fadfe765c506ae15181a482607ac647855beee03f6,8,5,0.625,False,True
1/1/0,1,VEHICLE_MOUNTED,COMBINED_DEGRADED,MT4_PERSISTENT_MONITORING,1,A2_QUICKLOOK_FIRST,independent_opportunities,requesting_terminal,b32261a77f924c1359e9c8fadfe765c506ae15181a482607ac647855beee03f6,8,0,0.0,False,False
1/1/0,1,VEHICLE_MOUNTED,COMBINED_DEGRADED,MT4_PERSISTENT_MONITORING,1,A3_ROI_FIRST,independent_opportunities,requesting_terminal,b32261a77f924c1359e9c8fadfe765c506ae15181a482607ac647855beee03f6,8,0,0.0,False,False
1/1/0,1,VEHICLE_MOUNTED,COMBINED_DEGRADED,MT4_PERSISTENT_MONITORING,1,A4_PROGRESSIVE,independent_opportunities,requesting_terminal,b32261a77f924c1359e9c8fadfe765c506ae15181a482607ac647855beee03f6,8,6,0.75,False,True
1/1/0,1,VEHICLE_MOUNTED,COMBINED_DEGRADED,MT4_PERSISTENT_MONITORING,1,A5_CONTACT_AWARE,independent_opportunities,requesting_terminal,b32261a77f924c1359e9c8fadfe765c506ae15181a482607ac647855beee03f6,8,5,0.625,False,True
1/1/0,1,VEHICLE_MOUNTED,COMBINED_DEGRADED,MT4_PERSISTENT_MONITORING,1,A6_THREAD_AWARE_PRIORITY,independent_opportunities,requesting_terminal,b32261a77f924c1359e9c8fadfe765c506ae15181a482607ac647855beee03f6,8,6,0.75,False,True
1/1/0,1,VEHICLE_MOUNTED,COMBINED_DEGRADED,MT4_PERSISTENT_MONITORING,2,A0_GROUND_ONLY,independent_opportunities,requesting_terminal,bdf7b4f88f62e5282b22446862a208c9f8b88e39210e3b0ce76158bc33a3c646,8,0,0.0,False,False
1/1/0,1,VEHICLE_MOUNTED,COMBINED_DEGRADED,MT4_PERSISTENT_MONITORING,2,A1_COMPRESSED_FULL,independent_opportunities,requesting_terminal,bdf7b4f88f62e5282b22446862a208c9f8b88e39210e3b0ce76158bc33a3c646,8,5,0.625,False,False
1/1/0,1,VEHICLE_MOUNTED,COMBINED_DEGRADED,MT4_PERSISTENT_MONITORING,2,A2_QUICKLOOK_FIRST,independent_opportunities,requesting_terminal,bdf7b4f88f62e5282b22446862a208c9f8b88e39210e3b0ce76158bc33a3c646,8,0,0.0,False,False
1/1/0,1,VEHICLE_MOUNTED,COMBINED_DEGRADED,MT4_PERSISTENT_MONITORING,2,A3_ROI_FIRST,independent_opportunities,requesting_terminal,bdf7b4f88f62e5282b22446862a208c9f8b88e39210e3b0ce76158bc33a3c646,8,0,0.0,False,False
1/1/0,1,VEHICLE_MOUNTED,COMBINED_DEGRADED,MT4_PERSISTENT_MONITORING,2,A4_PROGRESSIVE,independent_opportunities,requesting_terminal,bdf7b4f88f62e5282b22446862a208c9f8b88e39210e3b0ce76158bc33a3c646,8,6,0.75,False,True
1/1/0,1,VEHICLE_MOUNTED,COMBINED_DEGRADED,MT4_PERSISTENT_MONITORING,2,A5_CONTACT_AWARE,independent_opportunities,requesting_terminal,bdf7b4f88f62e5282b22446862a208c9f8b88e39210e3b0ce76158bc33a3c646,8,5,0.625,False,False
1/1/0,1,VEHICLE_MOUNTED,COMBINED_DEGRADED,MT4_PERSISTENT_MONITORING,2,A6_THREAD_AWARE_PRIORITY,independent_opportunities,requesting_terminal,bdf7b4f88f62e5282b22446862a208c9f8b88e39210e3b0ce76158bc33a3c646,8,6,0.75,False,True
1/1/0,1,VEHICLE_MOUNTED,COMBINED_DEGRADED,MT4_PERSISTENT_MONITORING,3,A0_GROUND_ONLY,independent_opportunities,requesting_terminal,5ac31d5e46e2d7f0899178b36f2cab9b6bb6b66f4bf7a679011d10622afac0f5,8,0,0.0,False,False
1/1/0,1,VEHICLE_MOUNTED,COMBINED_DEGRADED,MT4_PERSISTENT_MONITORING,3,A1_COMPRESSED_FULL,independent_opportunities,requesting_terminal,5ac31d5e46e2d7f0899178b36f2cab9b6bb6b66f4bf7a679011d10622afac0f5,8,5,0.625,False,True
1/1/0,1,VEHICLE_MOUNTED,COMBINED_DEGRADED,MT4_PERSISTENT_MONITORING,3,A2_QUICKLOOK_FIRST,independent_opportunities,requesting_terminal,5ac31d5e46e2d7f0899178b36f2cab9b6bb6b66f4bf7a679011d10622afac0f5,8,0,0.0,False,False
1/1/0,1,VEHICLE_MOUNTED,COMBINED_DEGRADED,MT4_PERSISTENT_MONITORING,3,A3_ROI_FIRST,independent_opportunities,requesting_terminal,5ac31d5e46e2d7f0899178b36f2cab9b6bb6b66f4bf7a679011d10622afac0f5,8,0,0.0,False,False
1/1/0,1,VEHICLE_MOUNTED,COMBINED_DEGRADED,MT4_PERSISTENT_MONITORING,3,A4_PROGRESSIVE,independent_opportunities,requesting_terminal,5ac31d5e46e2d7f0899178b36f2cab9b6bb6b66f4bf7a679011d10622afac0f5,8,6,0.75,False,True
1/1/0,1,VEHICLE_MOUNTED,COMBINED_DEGRADED,MT4_PERSISTENT_MONITORING,3,A5_CONTACT_AWARE,independent_opportunities,requesting_terminal,5ac31d5e46e2d7f0899178b36f2cab9b6bb6b66f4bf7a679011d10622afac0f5,8,5,0.625,False,True
1/1/0,1,VEHICLE_MOUNTED,COMBINED_DEGRADED,MT4_PERSISTENT_MONITORING,3,A6_THREAD_AWARE_PRIORITY,independent_opportunities,requesting_terminal,5ac31d5e46e2d7f0899178b36f2cab9b6bb6b66f4bf7a679011d10622afac0f5,8,6,0.75,False,True
1/1/0,1,VEHICLE_MOUNTED,COMBINED_DEGRADED,MT4_PERSISTENT_MONITORING,4,A0_GROUND_ONLY,independent_opportunities,requesting_terminal,9df83001e24dd64ac7f68d753ce267f769bee11d52a362f41d9bd70d0d34cac6,8,0,0.0,False,False
1/1/0,1,VEHICLE_MOUNTED,COMBINED_DEGRADED,MT4_PERSISTENT_MONITORING,4,A1_COMPRESSED_FULL,independent_opportunities,requesting_terminal,9df83001e24dd64ac7f68d753ce267f769bee11d52a362f41d9bd70d0d34cac6,8,6,0.75,False,True
1/1/0,1,VEHICLE_MOUNTED,COMBINED_DEGRADED,MT4_PERSISTENT_MONITORING,4,A2_QUICKLOOK_FIRST,independent_opportunities,requesting_terminal,9df83001e24dd64ac7f68d753ce267f769bee11d52a362f41d9bd70d0d34cac6,8,0,0.0,False,False
1/1/0,1,VEHICLE_MOUNTED,COMBINED_DEGRADED,MT4_PERSISTENT_MONITORING,4,A3_ROI_FIRST,independent_opportunities,requesting_terminal,9df83001e24dd64ac7f68d753ce267f769bee11d52a362f41d9bd70d0d34cac6,8,0,0.0,False,False
1/1/0,1,VEHICLE_MOUNTED,COMBINED_DEGRADED,MT4_PERSISTENT_MONITORING,4,A4_PROGRESSIVE,independent_opportunities,requesting_terminal,9df83001e24dd64ac7f68d753ce267f769bee11d52a362f41d9bd70d0d34cac6,8,7,0.875,False,True
1/1/0,1,VEHICLE_MOUNTED,COMBINED_DEGRADED,MT4_PERSISTENT_MONITORING,4,A5_CONTACT_AWARE,independent_opportunities,requesting_terminal,9df83001e24dd64ac7f68d753ce267f769bee11d52a362f41d9bd70d0d34cac6,8,6,0.75,False,True
1/1/0,1,VEHICLE_MOUNTED,COMBINED_DEGRADED,MT4_PERSISTENT_MONITORING,4,A6_THREAD_AWARE_PRIORITY,independent_opportunities,requesting_terminal,9df83001e24dd64ac7f68d753ce267f769bee11d52a362f41d9bd70d0d34cac6,8,7,0.875,False,True
1/1/0,1,VEHICLE_MOUNTED,COMBINED_DEGRADED,MT4_PERSISTENT_MONITORING,5,A0_GROUND_ONLY,independent_opportunities,requesting_terminal,06029185d1952baa119e59956b5eddf5663f958577f8d39580efc4f021704ed6,8,0,0.0,False,False
1/1/0,1,VEHICLE_MOUNTED,COMBINED_DEGRADED,MT4_PERSISTENT_MONITORING,5,A1_COMPRESSED_FULL,independent_opportunities,requesting_terminal,06029185d1952baa119e59956b5eddf5663f958577f8d39580efc4f021704ed6,8,5,0.625,False,False
1/1/0,1,VEHICLE_MOUNTED,COMBINED_DEGRADED,MT4_PERSISTENT_MONITORING,5,A2_QUICKLOOK_FIRST,independent_opportunities,requesting_terminal,06029185d1952baa119e59956b5eddf5663f958577f8d39580efc4f021704ed6,8,0,0.0,False,False
1/1/0,1,VEHICLE_MOUNTED,COMBINED_DEGRADED,MT4_PERSISTENT_MONITORING,5,A3_ROI_FIRST,independent_opportunities,requesting_terminal,06029185d1952baa119e59956b5eddf5663f958577f8d39580efc4f021704ed6,8,0,0.0,False,False
1/1/0,1,VEHICLE_MOUNTED,COMBINED_DEGRADED,MT4_PERSISTENT_MONITORING,5,A4_PROGRESSIVE,independent_opportunities,requesting_terminal,06029185d1952baa119e59956b5eddf5663f958577f8d39580efc4f021704ed6,8,5,0.625,False,False
1/1/0,1,VEHICLE_MOUNTED,COMBINED_DEGRADED,MT4_PERSISTENT_MONITORING,5,A5_CONTACT_AWARE,independent_opportunities,requesting_terminal,06029185d1952baa119e59956b5eddf5663f958577f8d39580efc4f021704ed6,8,5,0.625,False,False
1/1/0,1,VEHICLE_MOUNTED,COMBINED_DEGRADED,MT4_PERSISTENT_MONITORING,5,A6_THREAD_AWARE_PRIORITY,independent_opportunities,requesting_terminal,06029185d1952baa119e59956b5eddf5663f958577f8d39580efc4f021704ed6,8,5,0.625,False,False
1/1/0,1,DISMOUNTED_MANPACK,NOMINAL,MT4_PERSISTENT_MONITORING,0,A0_GROUND_ONLY,independent_opportunities,requesting_terminal,f6d034b813ffce108d6829bf74323cc40fcae712e44efe22c0afdea336eb09e2,8,0,0.0,False,False
1/1/0,1,DISMOUNTED_MANPACK,NOMINAL,MT4_PERSISTENT_MONITORING,0,A1_COMPRESSED_FULL,independent_opportunities,requesting_terminal,f6d034b813ffce108d6829bf74323cc40fcae712e44efe22c0afdea336eb09e2,8,0,0.0,False,False
1/1/0,1,DISMOUNTED_MANPACK,NOMINAL,MT4_PERSISTENT_MONITORING,0,A2_QUICKLOOK_FIRST,independent_opportunities,requesting_terminal,f6d034b813ffce108d6829bf74323cc40fcae712e44efe22c0afdea336eb09e2,8,0,0.0,False,False
1/1/0,1,DISMOUNTED_MANPACK,NOMINAL,MT4_PERSISTENT_MONITORING,0,A3_ROI_FIRST,independent_opportunities,requesting_terminal,f6d034b813ffce108d6829bf74323cc40fcae712e44efe22c0afdea336eb09e2,8,0,0.0,False,False
1/1/0,1,DISMOUNTED_MANPACK,NOMINAL,MT4_PERSISTENT_MONITORING,0,A4_PROGRESSIVE,independent_opportunities,requesting_terminal,f6d034b813ffce108d6829bf74323cc40fcae712e44efe22c0afdea336eb09e2,8,8,1.0,False,True
1/1/0,1,DISMOUNTED_MANPACK,NOMINAL,MT4_PERSISTENT_MONITORING,0,A5_CONTACT_AWARE,independent_opportunities,requesting_terminal,f6d034b813ffce108d6829bf74323cc40fcae712e44efe22c0afdea336eb09e2,8,0,0.0,False,False
1/1/0,1,DISMOUNTED_MANPACK,NOMINAL,MT4_PERSISTENT_MONITORING,0,A6_THREAD_AWARE_PRIORITY,independent_opportunities,requesting_terminal,f6d034b813ffce108d6829bf74323cc40fcae712e44efe22c0afdea336eb09e2,8,8,1.0,False,True
1/1/0,1,DISMOUNTED_MANPACK,COMBINED_DEGRADED,MT4_PERSISTENT_MONITORING,0,A0_GROUND_ONLY,independent_opportunities,requesting_terminal,117c16e7475bf32cf7914ad9c95515cbdb956c11f6cbc16d0d9513ad39766ed8,8,0,0.0,False,False
1/1/0,1,DISMOUNTED_MANPACK,COMBINED_DEGRADED,MT4_PERSISTENT_MONITORING,0,A1_COMPRESSED_FULL,independent_opportunities,requesting_terminal,117c16e7475bf32cf7914ad9c95515cbdb956c11f6cbc16d0d9513ad39766ed8,8,0,0.0,False,False
1/1/0,1,DISMOUNTED_MANPACK,COMBINED_DEGRADED,MT4_PERSISTENT_MONITORING,0,A2_QUICKLOOK_FIRST,independent_opportunities,requesting_terminal,117c16e7475bf32cf7914ad9c95515cbdb956c11f6cbc16d0d9513ad39766ed8,8,0,0.0,False,False
1/1/0,1,DISMOUNTED_MANPACK,COMBINED_DEGRADED,MT4_PERSISTENT_MONITORING,0,A3_ROI_FIRST,independent_opportunities,requesting_terminal,117c16e7475bf32cf7914ad9c95515cbdb956c11f6cbc16d0d9513ad39766ed8,8,0,0.0,False,False
1/1/0,1,DISMOUNTED_MANPACK,COMBINED_DEGRADED,MT4_PERSISTENT_MONITORING,0,A4_PROGRESSIVE,independent_opportunities,requesting_terminal,117c16e7475bf32cf7914ad9c95515cbdb956c11f6cbc16d0d9513ad39766ed8,8,5,0.625,False,True
1/1/0,1,DISMOUNTED_MANPACK,COMBINED_DEGRADED,MT4_PERSISTENT_MONITORING,0,A5_CONTACT_AWARE,independent_opportunities,requesting_terminal,117c16e7475bf32cf7914ad9c95515cbdb956c11f6cbc16d0d9513ad39766ed8,8,0,0.0,False,False
1/1/0,1,DISMOUNTED_MANPACK,COMBINED_DEGRADED,MT4_PERSISTENT_MONITORING,0,A6_THREAD_AWARE_PRIORITY,independent_opportunities,requesting_terminal,117c16e7475bf32cf7914ad9c95515cbdb956c11f6cbc16d0d9513ad39766ed8,8,5,0.625,False,True
1/1/0,1,DISMOUNTED_MANPACK,COMBINED_DEGRADED,MT4_PERSISTENT_MONITORING,1,A0_GROUND_ONLY,independent_opportunities,requesting_terminal,e7cb0fe0fa015901bf19994eaf0fafeaa0148e80585abdd5cd1d6a68e2a92f47,8,0,0.0,False,False
1/1/0,1,DISMOUNTED_MANPACK,COMBINED_DEGRADED,MT4_PERSISTENT_MONITORING,1,A1_COMPRESSED_FULL,independent_opportunities,requesting_terminal,e7cb0fe0fa015901bf19994eaf0fafeaa0148e80585abdd5cd1d6a68e2a92f47,8,0,0.0,False,False
1/1/0,1,DISMOUNTED_MANPACK,COMBINED_DEGRADED,MT4_PERSISTENT_MONITORING,1,A2_QUICKLOOK_FIRST,independent_opportunities,requesting_terminal,e7cb0fe0fa015901bf19994eaf0fafeaa0148e80585abdd5cd1d6a68e2a92f47,8,0,0.0,False,False
1/1/0,1,DISMOUNTED_MANPACK,COMBINED_DEGRADED,MT4_PERSISTENT_MONITORING,1,A3_ROI_FIRST,independent_opportunities,requesting_terminal,e7cb0fe0fa015901bf19994eaf0fafeaa0148e80585abdd5cd1d6a68e2a92f47,8,0,0.0,False,False
1/1/0,1,DISMOUNTED_MANPACK,COMBINED_DEGRADED,MT4_PERSISTENT_MONITORING,1,A4_PROGRESSIVE,independent_opportunities,requesting_terminal,e7cb0fe0fa015901bf19994eaf0fafeaa0148e80585abdd5cd1d6a68e2a92f47,8,5,0.625,False,False
1/1/0,1,DISMOUNTED_MANPACK,COMBINED_DEGRADED,MT4_PERSISTENT_MONITORING,1,A5_CONTACT_AWARE,independent_opportunities,requesting_terminal,e7cb0fe0fa015901bf19994eaf0fafeaa0148e80585abdd5cd1d6a68e2a92f47,8,0,0.0,False,False
1/1/0,1,DISMOUNTED_MANPACK,COMBINED_DEGRADED,MT4_PERSISTENT_MONITORING,1,A6_THREAD_AWARE_PRIORITY,independent_opportunities,requesting_terminal,e7cb0fe0fa015901bf19994eaf0fafeaa0148e80585abdd5cd1d6a68e2a92f47,8,5,0.625,False,False
1/1/0,1,DISMOUNTED_MANPACK,COMBINED_DEGRADED,MT4_PERSISTENT_MONITORING,2,A0_GROUND_ONLY,independent_opportunities,requesting_terminal,7d837a9ba2889622fb1862a60550409e91b24562db086531c69c8869c9a1db54,8,0,0.0,False,False
1/1/0,1,DISMOUNTED_MANPACK,COMBINED_DEGRADED,MT4_PERSISTENT_MONITORING,2,A1_COMPRESSED_FULL,independent_opportunities,requesting_terminal,7d837a9ba2889622fb1862a60550409e91b24562db086531c69c8869c9a1db54,8,0,0.0,False,False
1/1/0,1,DISMOUNTED_MANPACK,COMBINED_DEGRADED,MT4_PERSISTENT_MONITORING,2,A2_QUICKLOOK_FIRST,independent_opportunities,requesting_terminal,7d837a9ba2889622fb1862a60550409e91b24562db086531c69c8869c9a1db54,8,0,0.0,False,False
1/1/0,1,DISMOUNTED_MANPACK,COMBINED_DEGRADED,MT4_PERSISTENT_MONITORING,2,A3_ROI_FIRST,independent_opportunities,requesting_terminal,7d837a9ba2889622fb1862a60550409e91b24562db086531c69c8869c9a1db54,8,0,0.0,False,False
1/1/0,1,DISMOUNTED_MANPACK,COMBINED_DEGRADED,MT4_PERSISTENT_MONITORING,2,A4_PROGRESSIVE,independent_opportunities,requesting_terminal,7d837a9ba2889622fb1862a60550409e91b24562db086531c69c8869c9a1db54,8,7,0.875,False,True
1/1/0,1,DISMOUNTED_MANPACK,COMBINED_DEGRADED,MT4_PERSISTENT_MONITORING,2,A5_CONTACT_AWARE,independent_opportunities,requesting_terminal,7d837a9ba2889622fb1862a60550409e91b24562db086531c69c8869c9a1db54,8,0,0.0,False,False
1/1/0,1,DISMOUNTED_MANPACK,COMBINED_DEGRADED,MT4_PERSISTENT_MONITORING,2,A6_THREAD_AWARE_PRIORITY,independent_opportunities,requesting_terminal,7d837a9ba2889622fb1862a60550409e91b24562db086531c69c8869c9a1db54,8,7,0.875,False,True
1/1/0,1,DISMOUNTED_MANPACK,COMBINED_DEGRADED,MT4_PERSISTENT_MONITORING,3,A0_GROUND_ONLY,independent_opportunities,requesting_terminal,df0cfbdab69c9dc28b29b8b3ab82b25d2b08a3572a16869c482f5adf48c5336c,8,0,0.0,False,False
1/1/0,1,DISMOUNTED_MANPACK,COMBINED_DEGRADED,MT4_PERSISTENT_MONITORING,3,A1_COMPRESSED_FULL,independent_opportunities,requesting_terminal,df0cfbdab69c9dc28b29b8b3ab82b25d2b08a3572a16869c482f5adf48c5336c,8,0,0.0,False,False
1/1/0,1,DISMOUNTED_MANPACK,COMBINED_DEGRADED,MT4_PERSISTENT_MONITORING,3,A2_QUICKLOOK_FIRST,independent_opportunities,requesting_terminal,df0cfbdab69c9dc28b29b8b3ab82b25d2b08a3572a16869c482f5adf48c5336c,8,0,0.0,False,False
1/1/0,1,DISMOUNTED_MANPACK,COMBINED_DEGRADED,MT4_PERSISTENT_MONITORING,3,A3_ROI_FIRST,independent_opportunities,requesting_terminal,df0cfbdab69c9dc28b29b8b3ab82b25d2b08a3572a16869c482f5adf48c5336c,8,0,0.0,False,False
1/1/0,1,DISMOUNTED_MANPACK,COMBINED_DEGRADED,MT4_PERSISTENT_MONITORING,3,A4_PROGRESSIVE,independent_opportunities,requesting_terminal,df0cfbdab69c9dc28b29b8b3ab82b25d2b08a3572a16869c482f5adf48c5336c,8,5,0.625,False,False
1/1/0,1,DISMOUNTED_MANPACK,COMBINED_DEGRADED,MT4_PERSISTENT_MONITORING,3,A5_CONTACT_AWARE,independent_opportunities,requesting_terminal,df0cfbdab69c9dc28b29b8b3ab82b25d2b08a3572a16869c482f5adf48c5336c,8,0,0.0,False,False
1/1/0,1,DISMOUNTED_MANPACK,COMBINED_DEGRADED,MT4_PERSISTENT_MONITORING,3,A6_THREAD_AWARE_PRIORITY,independent_opportunities,requesting_terminal,df0cfbdab69c9dc28b29b8b3ab82b25d2b08a3572a16869c482f5adf48c5336c,8,5,0.625,False,False
1/1/0,1,DISMOUNTED_MANPACK,COMBINED_DEGRADED,MT4_PERSISTENT_MONITORING,4,A0_GROUND_ONLY,independent_opportunities,requesting_terminal,b7bb6bb4dabe4e13823ba7a52e1640942a50b5a283a69a4dd22b10c51dc47e3f,8,0,0.0,False,False
1/1/0,1,DISMOUNTED_MANPACK,COMBINED_DEGRADED,MT4_PERSISTENT_MONITORING,4,A1_COMPRESSED_FULL,independent_opportunities,requesting_terminal,b7bb6bb4dabe4e13823ba7a52e1640942a50b5a283a69a4dd22b10c51dc47e3f,8,0,0.0,False,False
1/1/0,1,DISMOUNTED_MANPACK,COMBINED_DEGRADED,MT4_PERSISTENT_MONITORING,4,A2_QUICKLOOK_FIRST,independent_opportunities,requesting_terminal,b7bb6bb4dabe4e13823ba7a52e1640942a50b5a283a69a4dd22b10c51dc47e3f,8,0,0.0,False,False
1/1/0,1,DISMOUNTED_MANPACK,COMBINED_DEGRADED,MT4_PERSISTENT_MONITORING,4,A3_ROI_FIRST,independent_opportunities,requesting_terminal,b7bb6bb4dabe4e13823ba7a52e1640942a50b5a283a69a4dd22b10c51dc47e3f,8,0,0.0,False,False
1/1/0,1,DISMOUNTED_MANPACK,COMBINED_DEGRADED,MT4_PERSISTENT_MONITORING,4,A4_PROGRESSIVE,independent_opportunities,requesting_terminal,b7bb6bb4dabe4e13823ba7a52e1640942a50b5a283a69a4dd22b10c51dc47e3f,8,6,0.75,False,True
1/1/0,1,DISMOUNTED_MANPACK,COMBINED_DEGRADED,MT4_PERSISTENT_MONITORING,4,A5_CONTACT_AWARE,independent_opportunities,requesting_terminal,b7bb6bb4dabe4e13823ba7a52e1640942a50b5a283a69a4dd22b10c51dc47e3f,8,0,0.0,False,False
1/1/0,1,DISMOUNTED_MANPACK,COMBINED_DEGRADED,MT4_PERSISTENT_MONITORING,4,A6_THREAD_AWARE_PRIORITY,independent_opportunities,requesting_terminal,b7bb6bb4dabe4e13823ba7a52e1640942a50b5a283a69a4dd22b10c51dc47e3f,8,6,0.75,False,True
1/1/0,1,DISMOUNTED_MANPACK,COMBINED_DEGRADED,MT4_PERSISTENT_MONITORING,5,A0_GROUND_ONLY,independent_opportunities,requesting_terminal,5c7c43b371f88e8dc96ac2ec65a02ea37f58e7bcf34d68258d84290f2cb05707,8,0,0.0,False,False
1/1/0,1,DISMOUNTED_MANPACK,COMBINED_DEGRADED,MT4_PERSISTENT_MONITORING,5,A1_COMPRESSED_FULL,independent_opportunities,requesting_terminal,5c7c43b371f88e8dc96ac2ec65a02ea37f58e7bcf34d68258d84290f2cb05707,8,0,0.0,False,False
1/1/0,1,DISMOUNTED_MANPACK,COMBINED_DEGRADED,MT4_PERSISTENT_MONITORING,5,A2_QUICKLOOK_FIRST,independent_opportunities,requesting_terminal,5c7c43b371f88e8dc96ac2ec65a02ea37f58e7bcf34d68258d84290f2cb05707,8,0,0.0,False,False
1/1/0,1,DISMOUNTED_MANPACK,COMBINED_DEGRADED,MT4_PERSISTENT_MONITORING,5,A3_ROI_FIRST,independent_opportunities,requesting_terminal,5c7c43b371f88e8dc96ac2ec65a02ea37f58e7bcf34d68258d84290f2cb05707,8,0,0.0,False,False
1/1/0,1,DISMOUNTED_MANPACK,COMBINED_DEGRADED,MT4_PERSISTENT_MONITORING,5,A4_PROGRESSIVE,independent_opportunities,requesting_terminal,5c7c43b371f88e8dc96ac2ec65a02ea37f58e7bcf34d68258d84290f2cb05707,8,4,0.5,False,False
1/1/0,1,DISMOUNTED_MANPACK,COMBINED_DEGRADED,MT4_PERSISTENT_MONITORING,5,A5_CONTACT_AWARE,independent_opportunities,requesting_terminal,5c7c43b371f88e8dc96ac2ec65a02ea37f58e7bcf34d68258d84290f2cb05707,8,0,0.0,False,False
1/1/0,1,DISMOUNTED_MANPACK,COMBINED_DEGRADED,MT4_PERSISTENT_MONITORING,5,A6_THREAD_AWARE_PRIORITY,independent_opportunities,requesting_terminal,5c7c43b371f88e8dc96ac2ec65a02ea37f58e7bcf34d68258d84290f2cb05707,8,4,0.5,False,False
1/1/0,4,VEHICLE_MOUNTED,NOMINAL,MT4_PERSISTENT_MONITORING,0,A0_GROUND_ONLY,independent_opportunities,pooled_connected_receiver_zero_forwarding_delay,1a72fc902d543c2488d207a8b7bb95e71e5ad011dac14b099f36bcdca948745a,8,8,1.0,False,True
1/1/0,4,VEHICLE_MOUNTED,NOMINAL,MT4_PERSISTENT_MONITORING,0,A1_COMPRESSED_FULL,independent_opportunities,pooled_connected_receiver_zero_forwarding_delay,1a72fc902d543c2488d207a8b7bb95e71e5ad011dac14b099f36bcdca948745a,8,8,1.0,False,True
1/1/0,4,VEHICLE_MOUNTED,NOMINAL,MT4_PERSISTENT_MONITORING,0,A2_QUICKLOOK_FIRST,independent_opportunities,pooled_connected_receiver_zero_forwarding_delay,1a72fc902d543c2488d207a8b7bb95e71e5ad011dac14b099f36bcdca948745a,8,8,1.0,False,True
1/1/0,4,VEHICLE_MOUNTED,NOMINAL,MT4_PERSISTENT_MONITORING,0,A3_ROI_FIRST,independent_opportunities,pooled_connected_receiver_zero_forwarding_delay,1a72fc902d543c2488d207a8b7bb95e71e5ad011dac14b099f36bcdca948745a,8,8,1.0,False,True
1/1/0,4,VEHICLE_MOUNTED,NOMINAL,MT4_PERSISTENT_MONITORING,0,A4_PROGRESSIVE,independent_opportunities,pooled_connected_receiver_zero_forwarding_delay,1a72fc902d543c2488d207a8b7bb95e71e5ad011dac14b099f36bcdca948745a,8,8,1.0,False,True
1/1/0,4,VEHICLE_MOUNTED,NOMINAL,MT4_PERSISTENT_MONITORING,0,A5_CONTACT_AWARE,independent_opportunities,pooled_connected_receiver_zero_forwarding_delay,1a72fc902d543c2488d207a8b7bb95e71e5ad011dac14b099f36bcdca948745a,8,8,1.0,False,True
1/1/0,4,VEHICLE_MOUNTED,NOMINAL,MT4_PERSISTENT_MONITORING,0,A6_THREAD_AWARE_PRIORITY,independent_opportunities,pooled_connected_receiver_zero_forwarding_delay,1a72fc902d543c2488d207a8b7bb95e71e5ad011dac14b099f36bcdca948745a,8,8,1.0,False,True
1/1/0,4,VEHICLE_MOUNTED,COMBINED_DEGRADED,MT4_PERSISTENT_MONITORING,0,A0_GROUND_ONLY,independent_opportunities,pooled_connected_receiver_zero_forwarding_delay,31106bcb166e6146fdb30e1d4fd126bd4e14e7f87d478747cd75508b97bc11c7,8,0,0.0,False,False
1/1/0,4,VEHICLE_MOUNTED,COMBINED_DEGRADED,MT4_PERSISTENT_MONITORING,0,A1_COMPRESSED_FULL,independent_opportunities,pooled_connected_receiver_zero_forwarding_delay,31106bcb166e6146fdb30e1d4fd126bd4e14e7f87d478747cd75508b97bc11c7,8,5,0.625,False,True
1/1/0,4,VEHICLE_MOUNTED,COMBINED_DEGRADED,MT4_PERSISTENT_MONITORING,0,A2_QUICKLOOK_FIRST,independent_opportunities,pooled_connected_receiver_zero_forwarding_delay,31106bcb166e6146fdb30e1d4fd126bd4e14e7f87d478747cd75508b97bc11c7,8,0,0.0,False,False
1/1/0,4,VEHICLE_MOUNTED,COMBINED_DEGRADED,MT4_PERSISTENT_MONITORING,0,A3_ROI_FIRST,independent_opportunities,pooled_connected_receiver_zero_forwarding_delay,31106bcb166e6146fdb30e1d4fd126bd4e14e7f87d478747cd75508b97bc11c7,8,0,0.0,False,False
1/1/0,4,VEHICLE_MOUNTED,COMBINED_DEGRADED,MT4_PERSISTENT_MONITORING,0,A4_PROGRESSIVE,independent_opportunities,pooled_connected_receiver_zero_forwarding_delay,31106bcb166e6146fdb30e1d4fd126bd4e14e7f87d478747cd75508b97bc11c7,8,5,0.625,False,True
1/1/0,4,VEHICLE_MOUNTED,COMBINED_DEGRADED,MT4_PERSISTENT_MONITORING,0,A5_CONTACT_AWARE,independent_opportunities,pooled_connected_receiver_zero_forwarding_delay,31106bcb166e6146fdb30e1d4fd126bd4e14e7f87d478747cd75508b97bc11c7,8,5,0.625,False,True
1/1/0,4,VEHICLE_MOUNTED,COMBINED_DEGRADED,MT4_PERSISTENT_MONITORING,0,A6_THREAD_AWARE_PRIORITY,independent_opportunities,pooled_connected_receiver_zero_forwarding_delay,31106bcb166e6146fdb30e1d4fd126bd4e14e7f87d478747cd75508b97bc11c7,8,5,0.625,False,True
1/1/0,4,VEHICLE_MOUNTED,COMBINED_DEGRADED,MT4_PERSISTENT_MONITORING,1,A0_GROUND_ONLY,independent_opportunities,pooled_connected_receiver_zero_forwarding_delay,0ba251a8e4d1febce37013c41d357ad932afdcb65734bba53e3b93209d9dfd36,8,0,0.0,False,False
1/1/0,4,VEHICLE_MOUNTED,COMBINED_DEGRADED,MT4_PERSISTENT_MONITORING,1,A1_COMPRESSED_FULL,independent_opportunities,pooled_connected_receiver_zero_forwarding_delay,0ba251a8e4d1febce37013c41d357ad932afdcb65734bba53e3b93209d9dfd36,8,6,0.75,False,False
1/1/0,4,VEHICLE_MOUNTED,COMBINED_DEGRADED,MT4_PERSISTENT_MONITORING,1,A2_QUICKLOOK_FIRST,independent_opportunities,pooled_connected_receiver_zero_forwarding_delay,0ba251a8e4d1febce37013c41d357ad932afdcb65734bba53e3b93209d9dfd36,8,0,0.0,False,False
1/1/0,4,VEHICLE_MOUNTED,COMBINED_DEGRADED,MT4_PERSISTENT_MONITORING,1,A3_ROI_FIRST,independent_opportunities,pooled_connected_receiver_zero_forwarding_delay,0ba251a8e4d1febce37013c41d357ad932afdcb65734bba53e3b93209d9dfd36,8,0,0.0,False,False
1/1/0,4,VEHICLE_MOUNTED,COMBINED_DEGRADED,MT4_PERSISTENT_MONITORING,1,A4_PROGRESSIVE,independent_opportunities,pooled_connected_receiver_zero_forwarding_delay,0ba251a8e4d1febce37013c41d357ad932afdcb65734bba53e3b93209d9dfd36,8,6,0.75,False,False
1/1/0,4,VEHICLE_MOUNTED,COMBINED_DEGRADED,MT4_PERSISTENT_MONITORING,1,A5_CONTACT_AWARE,independent_opportunities,pooled_connected_receiver_zero_forwarding_delay,0ba251a8e4d1febce37013c41d357ad932afdcb65734bba53e3b93209d9dfd36,8,6,0.75,False,False
1/1/0,4,VEHICLE_MOUNTED,COMBINED_DEGRADED,MT4_PERSISTENT_MONITORING,1,A6_THREAD_AWARE_PRIORITY,independent_opportunities,pooled_connected_receiver_zero_forwarding_delay,0ba251a8e4d1febce37013c41d357ad932afdcb65734bba53e3b93209d9dfd36,8,6,0.75,False,False
1/1/0,4,VEHICLE_MOUNTED,COMBINED_DEGRADED,MT4_PERSISTENT_MONITORING,2,A0_GROUND_ONLY,independent_opportunities,pooled_connected_receiver_zero_forwarding_delay,63d1fc24d8c1befa2c81e1a7e675c679cdbd867a10c6cb65e21f75a21c030d62,8,0,0.0,False,False
1/1/0,4,VEHICLE_MOUNTED,COMBINED_DEGRADED,MT4_PERSISTENT_MONITORING,2,A1_COMPRESSED_FULL,independent_opportunities,pooled_connected_receiver_zero_forwarding_delay,63d1fc24d8c1befa2c81e1a7e675c679cdbd867a10c6cb65e21f75a21c030d62,8,6,0.75,False,True
1/1/0,4,VEHICLE_MOUNTED,COMBINED_DEGRADED,MT4_PERSISTENT_MONITORING,2,A2_QUICKLOOK_FIRST,independent_opportunities,pooled_connected_receiver_zero_forwarding_delay,63d1fc24d8c1befa2c81e1a7e675c679cdbd867a10c6cb65e21f75a21c030d62,8,0,0.0,False,False
1/1/0,4,VEHICLE_MOUNTED,COMBINED_DEGRADED,MT4_PERSISTENT_MONITORING,2,A3_ROI_FIRST,independent_opportunities,pooled_connected_receiver_zero_forwarding_delay,63d1fc24d8c1befa2c81e1a7e675c679cdbd867a10c6cb65e21f75a21c030d62,8,0,0.0,False,False
1/1/0,4,VEHICLE_MOUNTED,COMBINED_DEGRADED,MT4_PERSISTENT_MONITORING,2,A4_PROGRESSIVE,independent_opportunities,pooled_connected_receiver_zero_forwarding_delay,63d1fc24d8c1befa2c81e1a7e675c679cdbd867a10c6cb65e21f75a21c030d62,8,6,0.75,False,True
1/1/0,4,VEHICLE_MOUNTED,COMBINED_DEGRADED,MT4_PERSISTENT_MONITORING,2,A5_CONTACT_AWARE,independent_opportunities,pooled_connected_receiver_zero_forwarding_delay,63d1fc24d8c1befa2c81e1a7e675c679cdbd867a10c6cb65e21f75a21c030d62,8,6,0.75,False,True
1/1/0,4,VEHICLE_MOUNTED,COMBINED_DEGRADED,MT4_PERSISTENT_MONITORING,2,A6_THREAD_AWARE_PRIORITY,independent_opportunities,pooled_connected_receiver_zero_forwarding_delay,63d1fc24d8c1befa2c81e1a7e675c679cdbd867a10c6cb65e21f75a21c030d62,8,6,0.75,False,True
1/1/0,4,VEHICLE_MOUNTED,COMBINED_DEGRADED,MT4_PERSISTENT_MONITORING,3,A0_GROUND_ONLY,independent_opportunities,pooled_connected_receiver_zero_forwarding_delay,3c640405cd5a35207b392a9423640fd628dd6c7493151c5b45a2547ffaace6ab,8,0,0.0,False,False
1/1/0,4,VEHICLE_MOUNTED,COMBINED_DEGRADED,MT4_PERSISTENT_MONITORING,3,A1_COMPRESSED_FULL,independent_opportunities,pooled_connected_receiver_zero_forwarding_delay,3c640405cd5a35207b392a9423640fd628dd6c7493151c5b45a2547ffaace6ab,8,7,0.875,False,True
1/1/0,4,VEHICLE_MOUNTED,COMBINED_DEGRADED,MT4_PERSISTENT_MONITORING,3,A2_QUICKLOOK_FIRST,independent_opportunities,pooled_connected_receiver_zero_forwarding_delay,3c640405cd5a35207b392a9423640fd628dd6c7493151c5b45a2547ffaace6ab,8,0,0.0,False,False
1/1/0,4,VEHICLE_MOUNTED,COMBINED_DEGRADED,MT4_PERSISTENT_MONITORING,3,A3_ROI_FIRST,independent_opportunities,pooled_connected_receiver_zero_forwarding_delay,3c640405cd5a35207b392a9423640fd628dd6c7493151c5b45a2547ffaace6ab,8,0,0.0,False,False
1/1/0,4,VEHICLE_MOUNTED,COMBINED_DEGRADED,MT4_PERSISTENT_MONITORING,3,A4_PROGRESSIVE,independent_opportunities,pooled_connected_receiver_zero_forwarding_delay,3c640405cd5a35207b392a9423640fd628dd6c7493151c5b45a2547ffaace6ab,8,7,0.875,False,True
1/1/0,4,VEHICLE_MOUNTED,COMBINED_DEGRADED,MT4_PERSISTENT_MONITORING,3,A5_CONTACT_AWARE,independent_opportunities,pooled_connected_receiver_zero_forwarding_delay,3c640405cd5a35207b392a9423640fd628dd6c7493151c5b45a2547ffaace6ab,8,7,0.875,False,True
1/1/0,4,VEHICLE_MOUNTED,COMBINED_DEGRADED,MT4_PERSISTENT_MONITORING,3,A6_THREAD_AWARE_PRIORITY,independent_opportunities,pooled_connected_receiver_zero_forwarding_delay,3c640405cd5a35207b392a9423640fd628dd6c7493151c5b45a2547ffaace6ab,8,7,0.875,False,True
1/1/0,4,VEHICLE_MOUNTED,COMBINED_DEGRADED,MT4_PERSISTENT_MONITORING,4,A0_GROUND_ONLY,independent_opportunities,pooled_connected_receiver_zero_forwarding_delay,4c567a747164eee3bcd49156a504ec624c670f91c5f60bc63eed90c74e849e8f,8,0,0.0,False,False
1/1/0,4,VEHICLE_MOUNTED,COMBINED_DEGRADED,MT4_PERSISTENT_MONITORING,4,A1_COMPRESSED_FULL,independent_opportunities,pooled_connected_receiver_zero_forwarding_delay,4c567a747164eee3bcd49156a504ec624c670f91c5f60bc63eed90c74e849e8f,8,5,0.625,False,False
1/1/0,4,VEHICLE_MOUNTED,COMBINED_DEGRADED,MT4_PERSISTENT_MONITORING,4,A2_QUICKLOOK_FIRST,independent_opportunities,pooled_connected_receiver_zero_forwarding_delay,4c567a747164eee3bcd49156a504ec624c670f91c5f60bc63eed90c74e849e8f,8,0,0.0,False,False
1/1/0,4,VEHICLE_MOUNTED,COMBINED_DEGRADED,MT4_PERSISTENT_MONITORING,4,A3_ROI_FIRST,independent_opportunities,pooled_connected_receiver_zero_forwarding_delay,4c567a747164eee3bcd49156a504ec624c670f91c5f60bc63eed90c74e849e8f,8,0,0.0,False,False
1/1/0,4,VEHICLE_MOUNTED,COMBINED_DEGRADED,MT4_PERSISTENT_MONITORING,4,A4_PROGRESSIVE,independent_opportunities,pooled_connected_receiver_zero_forwarding_delay,4c567a747164eee3bcd49156a504ec624c670f91c5f60bc63eed90c74e849e8f,8,5,0.625,False,False
1/1/0,4,VEHICLE_MOUNTED,COMBINED_DEGRADED,MT4_PERSISTENT_MONITORING,4,A5_CONTACT_AWARE,independent_opportunities,pooled_connected_receiver_zero_forwarding_delay,4c567a747164eee3bcd49156a504ec624c670f91c5f60bc63eed90c74e849e8f,8,5,0.625,False,False
1/1/0,4,VEHICLE_MOUNTED,COMBINED_DEGRADED,MT4_PERSISTENT_MONITORING,4,A6_THREAD_AWARE_PRIORITY,independent_opportunities,pooled_connected_receiver_zero_forwarding_delay,4c567a747164eee3bcd49156a504ec624c670f91c5f60bc63eed90c74e849e8f,8,5,0.625,False,False
1/1/0,4,VEHICLE_MOUNTED,COMBINED_DEGRADED,MT4_PERSISTENT_MONITORING,5,A0_GROUND_ONLY,independent_opportunities,pooled_connected_receiver_zero_forwarding_delay,2904a402c603409890f8bed614525ab940143010adb5a8d996f4ff9f6fe0fe13,8,0,0.0,False,False
1/1/0,4,VEHICLE_MOUNTED,COMBINED_DEGRADED,MT4_PERSISTENT_MONITORING,5,A1_COMPRESSED_FULL,independent_opportunities,pooled_connected_receiver_zero_forwarding_delay,2904a402c603409890f8bed614525ab940143010adb5a8d996f4ff9f6fe0fe13,8,5,0.625,False,False
1/1/0,4,VEHICLE_MOUNTED,COMBINED_DEGRADED,MT4_PERSISTENT_MONITORING,5,A2_QUICKLOOK_FIRST,independent_opportunities,pooled_connected_receiver_zero_forwarding_delay,2904a402c603409890f8bed614525ab940143010adb5a8d996f4ff9f6fe0fe13,8,0,0.0,False,False
1/1/0,4,VEHICLE_MOUNTED,COMBINED_DEGRADED,MT4_PERSISTENT_MONITORING,5,A3_ROI_FIRST,independent_opportunities,pooled_connected_receiver_zero_forwarding_delay,2904a402c603409890f8bed614525ab940143010adb5a8d996f4ff9f6fe0fe13,8,0,0.0,False,False
1/1/0,4,VEHICLE_MOUNTED,COMBINED_DEGRADED,MT4_PERSISTENT_MONITORING,5,A4_PROGRESSIVE,independent_opportunities,pooled_connected_receiver_zero_forwarding_delay,2904a402c603409890f8bed614525ab940143010adb5a8d996f4ff9f6fe0fe13,8,5,0.625,False,False
1/1/0,4,VEHICLE_MOUNTED,COMBINED_DEGRADED,MT4_PERSISTENT_MONITORING,5,A5_CONTACT_AWARE,independent_opportunities,pooled_connected_receiver_zero_forwarding_delay,2904a402c603409890f8bed614525ab940143010adb5a8d996f4ff9f6fe0fe13,8,5,0.625,False,False
1/1/0,4,VEHICLE_MOUNTED,COMBINED_DEGRADED,MT4_PERSISTENT_MONITORING,5,A6_THREAD_AWARE_PRIORITY,independent_opportunities,pooled_connected_receiver_zero_forwarding_delay,2904a402c603409890f8bed614525ab940143010adb5a8d996f4ff9f6fe0fe13,8,5,0.625,False,False
1/1/0,4,DISMOUNTED_MANPACK,NOMINAL,MT4_PERSISTENT_MONITORING,0,A0_GROUND_ONLY,independent_opportunities,pooled_connected_receiver_zero_forwarding_delay,178d4337fbe58656cf000a7aed8765bb93764f89175770f68cc6847696b00f2f,8,0,0.0,False,False
1/1/0,4,DISMOUNTED_MANPACK,NOMINAL,MT4_PERSISTENT_MONITORING,0,A1_COMPRESSED_FULL,independent_opportunities,pooled_connected_receiver_zero_forwarding_delay,178d4337fbe58656cf000a7aed8765bb93764f89175770f68cc6847696b00f2f,8,0,0.0,False,False
1/1/0,4,DISMOUNTED_MANPACK,NOMINAL,MT4_PERSISTENT_MONITORING,0,A2_QUICKLOOK_FIRST,independent_opportunities,pooled_connected_receiver_zero_forwarding_delay,178d4337fbe58656cf000a7aed8765bb93764f89175770f68cc6847696b00f2f,8,0,0.0,False,False
1/1/0,4,DISMOUNTED_MANPACK,NOMINAL,MT4_PERSISTENT_MONITORING,0,A3_ROI_FIRST,independent_opportunities,pooled_connected_receiver_zero_forwarding_delay,178d4337fbe58656cf000a7aed8765bb93764f89175770f68cc6847696b00f2f,8,0,0.0,False,False
1/1/0,4,DISMOUNTED_MANPACK,NOMINAL,MT4_PERSISTENT_MONITORING,0,A4_PROGRESSIVE,independent_opportunities,pooled_connected_receiver_zero_forwarding_delay,178d4337fbe58656cf000a7aed8765bb93764f89175770f68cc6847696b00f2f,8,8,1.0,False,True
1/1/0,4,DISMOUNTED_MANPACK,NOMINAL,MT4_PERSISTENT_MONITORING,0,A5_CONTACT_AWARE,independent_opportunities,pooled_connected_receiver_zero_forwarding_delay,178d4337fbe58656cf000a7aed8765bb93764f89175770f68cc6847696b00f2f,8,0,0.0,False,False
1/1/0,4,DISMOUNTED_MANPACK,NOMINAL,MT4_PERSISTENT_MONITORING,0,A6_THREAD_AWARE_PRIORITY,independent_opportunities,pooled_connected_receiver_zero_forwarding_delay,178d4337fbe58656cf000a7aed8765bb93764f89175770f68cc6847696b00f2f,8,8,1.0,False,True
1/1/0,4,DISMOUNTED_MANPACK,COMBINED_DEGRADED,MT4_PERSISTENT_MONITORING,0,A0_GROUND_ONLY,independent_opportunities,pooled_connected_receiver_zero_forwarding_delay,a5205a0d0776675e5adda39ae28c450bf6466ff792814aafd801d38ad8974187,8,0,0.0,False,False
1/1/0,4,DISMOUNTED_MANPACK,COMBINED_DEGRADED,MT4_PERSISTENT_MONITORING,0,A1_COMPRESSED_FULL,independent_opportunities,pooled_connected_receiver_zero_forwarding_delay,a5205a0d0776675e5adda39ae28c450bf6466ff792814aafd801d38ad8974187,8,0,0.0,False,False
1/1/0,4,DISMOUNTED_MANPACK,COMBINED_DEGRADED,MT4_PERSISTENT_MONITORING,0,A2_QUICKLOOK_FIRST,independent_opportunities,pooled_connected_receiver_zero_forwarding_delay,a5205a0d0776675e5adda39ae28c450bf6466ff792814aafd801d38ad8974187,8,0,0.0,False,False
1/1/0,4,DISMOUNTED_MANPACK,COMBINED_DEGRADED,MT4_PERSISTENT_MONITORING,0,A3_ROI_FIRST,independent_opportunities,pooled_connected_receiver_zero_forwarding_delay,a5205a0d0776675e5adda39ae28c450bf6466ff792814aafd801d38ad8974187,8,0,0.0,False,False
1/1/0,4,DISMOUNTED_MANPACK,COMBINED_DEGRADED,MT4_PERSISTENT_MONITORING,0,A4_PROGRESSIVE,independent_opportunities,pooled_connected_receiver_zero_forwarding_delay,a5205a0d0776675e5adda39ae28c450bf6466ff792814aafd801d38ad8974187,8,5,0.625,False,True
1/1/0,4,DISMOUNTED_MANPACK,COMBINED_DEGRADED,MT4_PERSISTENT_MONITORING,0,A5_CONTACT_AWARE,independent_opportunities,pooled_connected_receiver_zero_forwarding_delay,a5205a0d0776675e5adda39ae28c450bf6466ff792814aafd801d38ad8974187,8,0,0.0,False,False
1/1/0,4,DISMOUNTED_MANPACK,COMBINED_DEGRADED,MT4_PERSISTENT_MONITORING,0,A6_THREAD_AWARE_PRIORITY,independent_opportunities,pooled_connected_receiver_zero_forwarding_delay,a5205a0d0776675e5adda39ae28c450bf6466ff792814aafd801d38ad8974187,8,5,0.625,False,True
1/1/0,4,DISMOUNTED_MANPACK,COMBINED_DEGRADED,MT4_PERSISTENT_MONITORING,1,A0_GROUND_ONLY,independent_opportunities,pooled_connected_receiver_zero_forwarding_delay,98b4143bc513da2ad26839dfcb97bb861e2cc13341311a33d3b7e26c650b331d,8,0,0.0,False,False
1/1/0,4,DISMOUNTED_MANPACK,COMBINED_DEGRADED,MT4_PERSISTENT_MONITORING,1,A1_COMPRESSED_FULL,independent_opportunities,pooled_connected_receiver_zero_forwarding_delay,98b4143bc513da2ad26839dfcb97bb861e2cc13341311a33d3b7e26c650b331d,8,0,0.0,False,False
1/1/0,4,DISMOUNTED_MANPACK,COMBINED_DEGRADED,MT4_PERSISTENT_MONITORING,1,A2_QUICKLOOK_FIRST,independent_opportunities,pooled_connected_receiver_zero_forwarding_delay,98b4143bc513da2ad26839dfcb97bb861e2cc13341311a33d3b7e26c650b331d,8,0,0.0,False,False
1/1/0,4,DISMOUNTED_MANPACK,COMBINED_DEGRADED,MT4_PERSISTENT_MONITORING,1,A3_ROI_FIRST,independent_opportunities,pooled_connected_receiver_zero_forwarding_delay,98b4143bc513da2ad26839dfcb97bb861e2cc13341311a33d3b7e26c650b331d,8,0,0.0,False,False
1/1/0,4,DISMOUNTED_MANPACK,COMBINED_DEGRADED,MT4_PERSISTENT_MONITORING,1,A4_PROGRESSIVE,independent_opportunities,pooled_connected_receiver_zero_forwarding_delay,98b4143bc513da2ad26839dfcb97bb861e2cc13341311a33d3b7e26c650b331d,8,6,0.75,False,True
1/1/0,4,DISMOUNTED_MANPACK,COMBINED_DEGRADED,MT4_PERSISTENT_MONITORING,1,A5_CONTACT_AWARE,independent_opportunities,pooled_connected_receiver_zero_forwarding_delay,98b4143bc513da2ad26839dfcb97bb861e2cc13341311a33d3b7e26c650b331d,8,0,0.0,False,False
1/1/0,4,DISMOUNTED_MANPACK,COMBINED_DEGRADED,MT4_PERSISTENT_MONITORING,1,A6_THREAD_AWARE_PRIORITY,independent_opportunities,pooled_connected_receiver_zero_forwarding_delay,98b4143bc513da2ad26839dfcb97bb861e2cc13341311a33d3b7e26c650b331d,8,6,0.75,False,True
1/1/0,4,DISMOUNTED_MANPACK,COMBINED_DEGRADED,MT4_PERSISTENT_MONITORING,2,A0_GROUND_ONLY,independent_opportunities,pooled_connected_receiver_zero_forwarding_delay,d03492caf3daf02a6ae4a4a2e525b206f21f39b3822a98258be255578c03aeb8,8,0,0.0,False,False
1/1/0,4,DISMOUNTED_MANPACK,COMBINED_DEGRADED,MT4_PERSISTENT_MONITORING,2,A1_COMPRESSED_FULL,independent_opportunities,pooled_connected_receiver_zero_forwarding_delay,d03492caf3daf02a6ae4a4a2e525b206f21f39b3822a98258be255578c03aeb8,8,0,0.0,False,False
1/1/0,4,DISMOUNTED_MANPACK,COMBINED_DEGRADED,MT4_PERSISTENT_MONITORING,2,A2_QUICKLOOK_FIRST,independent_opportunities,pooled_connected_receiver_zero_forwarding_delay,d03492caf3daf02a6ae4a4a2e525b206f21f39b3822a98258be255578c03aeb8,8,0,0.0,False,False
1/1/0,4,DISMOUNTED_MANPACK,COMBINED_DEGRADED,MT4_PERSISTENT_MONITORING,2,A3_ROI_FIRST,independent_opportunities,pooled_connected_receiver_zero_forwarding_delay,d03492caf3daf02a6ae4a4a2e525b206f21f39b3822a98258be255578c03aeb8,8,0,0.0,False,False
1/1/0,4,DISMOUNTED_MANPACK,COMBINED_DEGRADED,MT4_PERSISTENT_MONITORING,2,A4_PROGRESSIVE,independent_opportunities,pooled_connected_receiver_zero_forwarding_delay,d03492caf3daf02a6ae4a4a2e525b206f21f39b3822a98258be255578c03aeb8,8,5,0.625,False,False
1/1/0,4,DISMOUNTED_MANPACK,COMBINED_DEGRADED,MT4_PERSISTENT_MONITORING,2,A5_CONTACT_AWARE,independent_opportunities,pooled_connected_receiver_zero_forwarding_delay,d03492caf3daf02a6ae4a4a2e525b206f21f39b3822a98258be255578c03aeb8,8,0,0.0,False,False
1/1/0,4,DISMOUNTED_MANPACK,COMBINED_DEGRADED,MT4_PERSISTENT_MONITORING,2,A6_THREAD_AWARE_PRIORITY,independent_opportunities,pooled_connected_receiver_zero_forwarding_delay,d03492caf3daf02a6ae4a4a2e525b206f21f39b3822a98258be255578c03aeb8,8,5,0.625,False,False
1/1/0,4,DISMOUNTED_MANPACK,COMBINED_DEGRADED,MT4_PERSISTENT_MONITORING,3,A0_GROUND_ONLY,independent_opportunities,pooled_connected_receiver_zero_forwarding_delay,1ac7e6d5046ff288f464b6007886fb1411ee04cc1acd655bd37ad753d715ba00,8,0,0.0,False,False
1/1/0,4,DISMOUNTED_MANPACK,COMBINED_DEGRADED,MT4_PERSISTENT_MONITORING,3,A1_COMPRESSED_FULL,independent_opportunities,pooled_connected_receiver_zero_forwarding_delay,1ac7e6d5046ff288f464b6007886fb1411ee04cc1acd655bd37ad753d715ba00,8,0,0.0,False,False
1/1/0,4,DISMOUNTED_MANPACK,COMBINED_DEGRADED,MT4_PERSISTENT_MONITORING,3,A2_QUICKLOOK_FIRST,independent_opportunities,pooled_connected_receiver_zero_forwarding_delay,1ac7e6d5046ff288f464b6007886fb1411ee04cc1acd655bd37ad753d715ba00,8,0,0.0,False,False
1/1/0,4,DISMOUNTED_MANPACK,COMBINED_DEGRADED,MT4_PERSISTENT_MONITORING,3,A3_ROI_FIRST,independent_opportunities,pooled_connected_receiver_zero_forwarding_delay,1ac7e6d5046ff288f464b6007886fb1411ee04cc1acd655bd37ad753d715ba00,8,0,0.0,False,False
1/1/0,4,DISMOUNTED_MANPACK,COMBINED_DEGRADED,MT4_PERSISTENT_MONITORING,3,A4_PROGRESSIVE,independent_opportunities,pooled_connected_receiver_zero_forwarding_delay,1ac7e6d5046ff288f464b6007886fb1411ee04cc1acd655bd37ad753d715ba00,8,4,0.5,False,False
1/1/0,4,DISMOUNTED_MANPACK,COMBINED_DEGRADED,MT4_PERSISTENT_MONITORING,3,A5_CONTACT_AWARE,independent_opportunities,pooled_connected_receiver_zero_forwarding_delay,1ac7e6d5046ff288f464b6007886fb1411ee04cc1acd655bd37ad753d715ba00,8,0,0.0,False,False
1/1/0,4,DISMOUNTED_MANPACK,COMBINED_DEGRADED,MT4_PERSISTENT_MONITORING,3,A6_THREAD_AWARE_PRIORITY,independent_opportunities,pooled_connected_receiver_zero_forwarding_delay,1ac7e6d5046ff288f464b6007886fb1411ee04cc1acd655bd37ad753d715ba00,8,4,0.5,False,False
1/1/0,4,DISMOUNTED_MANPACK,COMBINED_DEGRADED,MT4_PERSISTENT_MONITORING,4,A0_GROUND_ONLY,independent_opportunities,pooled_connected_receiver_zero_forwarding_delay,4c91b9dfc39ba69de81ad40d506f47a124e5362a6c842bf1a179eb93dada06b6,8,0,0.0,False,False
1/1/0,4,DISMOUNTED_MANPACK,COMBINED_DEGRADED,MT4_PERSISTENT_MONITORING,4,A1_COMPRESSED_FULL,independent_opportunities,pooled_connected_receiver_zero_forwarding_delay,4c91b9dfc39ba69de81ad40d506f47a124e5362a6c842bf1a179eb93dada06b6,8,0,0.0,False,False
1/1/0,4,DISMOUNTED_MANPACK,COMBINED_DEGRADED,MT4_PERSISTENT_MONITORING,4,A2_QUICKLOOK_FIRST,independent_opportunities,pooled_connected_receiver_zero_forwarding_delay,4c91b9dfc39ba69de81ad40d506f47a124e5362a6c842bf1a179eb93dada06b6,8,0,0.0,False,False
1/1/0,4,DISMOUNTED_MANPACK,COMBINED_DEGRADED,MT4_PERSISTENT_MONITORING,4,A3_ROI_FIRST,independent_opportunities,pooled_connected_receiver_zero_forwarding_delay,4c91b9dfc39ba69de81ad40d506f47a124e5362a6c842bf1a179eb93dada06b6,8,0,0.0,False,False
1/1/0,4,DISMOUNTED_MANPACK,COMBINED_DEGRADED,MT4_PERSISTENT_MONITORING,4,A4_PROGRESSIVE,independent_opportunities,pooled_connected_receiver_zero_forwarding_delay,4c91b9dfc39ba69de81ad40d506f47a124e5362a6c842bf1a179eb93dada06b6,8,4,0.5,False,False
1/1/0,4,DISMOUNTED_MANPACK,COMBINED_DEGRADED,MT4_PERSISTENT_MONITORING,4,A5_CONTACT_AWARE,independent_opportunities,pooled_connected_receiver_zero_forwarding_delay,4c91b9dfc39ba69de81ad40d506f47a124e5362a6c842bf1a179eb93dada06b6,8,0,0.0,False,False
1/1/0,4,DISMOUNTED_MANPACK,COMBINED_DEGRADED,MT4_PERSISTENT_MONITORING,4,A6_THREAD_AWARE_PRIORITY,independent_opportunities,pooled_connected_receiver_zero_forwarding_delay,4c91b9dfc39ba69de81ad40d506f47a124e5362a6c842bf1a179eb93dada06b6,8,4,0.5,False,False
1/1/0,4,DISMOUNTED_MANPACK,COMBINED_DEGRADED,MT4_PERSISTENT_MONITORING,5,A0_GROUND_ONLY,independent_opportunities,pooled_connected_receiver_zero_forwarding_delay,2a8607536ba953c618d4bec4cd0e29e853503fe1d85fb5273b22aa7b21ddc0d1,8,0,0.0,False,False
1/1/0,4,DISMOUNTED_MANPACK,COMBINED_DEGRADED,MT4_PERSISTENT_MONITORING,5,A1_COMPRESSED_FULL,independent_opportunities,pooled_connected_receiver_zero_forwarding_delay,2a8607536ba953c618d4bec4cd0e29e853503fe1d85fb5273b22aa7b21ddc0d1,8,0,0.0,False,False
1/1/0,4,DISMOUNTED_MANPACK,COMBINED_DEGRADED,MT4_PERSISTENT_MONITORING,5,A2_QUICKLOOK_FIRST,independent_opportunities,pooled_connected_receiver_zero_forwarding_delay,2a8607536ba953c618d4bec4cd0e29e853503fe1d85fb5273b22aa7b21ddc0d1,8,0,0.0,False,False
1/1/0,4,DISMOUNTED_MANPACK,COMBINED_DEGRADED,MT4_PERSISTENT_MONITORING,5,A3_ROI_FIRST,independent_opportunities,pooled_connected_receiver_zero_forwarding_delay,2a8607536ba953c618d4bec4cd0e29e853503fe1d85fb5273b22aa7b21ddc0d1,8,0,0.0,False,False
1/1/0,4,DISMOUNTED_MANPACK,COMBINED_DEGRADED,MT4_PERSISTENT_MONITORING,5,A4_PROGRESSIVE,independent_opportunities,pooled_connected_receiver_zero_forwarding_delay,2a8607536ba953c618d4bec4cd0e29e853503fe1d85fb5273b22aa7b21ddc0d1,8,7,0.875,False,True
1/1/0,4,DISMOUNTED_MANPACK,COMBINED_DEGRADED,MT4_PERSISTENT_MONITORING,5,A5_CONTACT_AWARE,independent_opportunities,pooled_connected_receiver_zero_forwarding_delay,2a8607536ba953c618d4bec4cd0e29e853503fe1d85fb5273b22aa7b21ddc0d1,8,0,0.0,False,False
1/1/0,4,DISMOUNTED_MANPACK,COMBINED_DEGRADED,MT4_PERSISTENT_MONITORING,5,A6_THREAD_AWARE_PRIORITY,independent_opportunities,pooled_connected_receiver_zero_forwarding_delay,2a8607536ba953c618d4bec4cd0e29e853503fe1d85fb5273b22aa7b21ddc0d1,8,7,0.875,False,True
8/4/1,1,VEHICLE_MOUNTED,NOMINAL,MT4_PERSISTENT_MONITORING,0,A0_GROUND_ONLY,independent_opportunities,requesting_terminal,c6ff8d548d34510e2ceee75aa9cc7aa849e397f44f38da5868d0111dc0b24e7e,61,28,0.45901639344262296,False,False
8/4/1,1,VEHICLE_MOUNTED,NOMINAL,MT4_PERSISTENT_MONITORING,0,A1_COMPRESSED_FULL,independent_opportunities,requesting_terminal,c6ff8d548d34510e2ceee75aa9cc7aa849e397f44f38da5868d0111dc0b24e7e,61,48,0.7868852459016393,False,False
8/4/1,1,VEHICLE_MOUNTED,NOMINAL,MT4_PERSISTENT_MONITORING,0,A2_QUICKLOOK_FIRST,independent_opportunities,requesting_terminal,c6ff8d548d34510e2ceee75aa9cc7aa849e397f44f38da5868d0111dc0b24e7e,61,28,0.45901639344262296,False,False
8/4/1,1,VEHICLE_MOUNTED,NOMINAL,MT4_PERSISTENT_MONITORING,0,A3_ROI_FIRST,independent_opportunities,requesting_terminal,c6ff8d548d34510e2ceee75aa9cc7aa849e397f44f38da5868d0111dc0b24e7e,61,24,0.39344262295081966,False,False
8/4/1,1,VEHICLE_MOUNTED,NOMINAL,MT4_PERSISTENT_MONITORING,0,A4_PROGRESSIVE,independent_opportunities,requesting_terminal,c6ff8d548d34510e2ceee75aa9cc7aa849e397f44f38da5868d0111dc0b24e7e,61,50,0.819672131147541,False,True
8/4/1,1,VEHICLE_MOUNTED,NOMINAL,MT4_PERSISTENT_MONITORING,0,A5_CONTACT_AWARE,independent_opportunities,requesting_terminal,c6ff8d548d34510e2ceee75aa9cc7aa849e397f44f38da5868d0111dc0b24e7e,61,48,0.7868852459016393,False,False
8/4/1,1,VEHICLE_MOUNTED,NOMINAL,MT4_PERSISTENT_MONITORING,0,A6_THREAD_AWARE_PRIORITY,independent_opportunities,requesting_terminal,c6ff8d548d34510e2ceee75aa9cc7aa849e397f44f38da5868d0111dc0b24e7e,61,50,0.819672131147541,False,True
8/4/1,1,VEHICLE_MOUNTED,COMBINED_DEGRADED,MT4_PERSISTENT_MONITORING,0,A0_GROUND_ONLY,independent_opportunities,requesting_terminal,d73eeb9dff965ff9edc46dc57112d299d6db9b91d9986431b5535057e5270189,61,0,0.0,False,False
8/4/1,1,VEHICLE_MOUNTED,COMBINED_DEGRADED,MT4_PERSISTENT_MONITORING,0,A1_COMPRESSED_FULL,independent_opportunities,requesting_terminal,d73eeb9dff965ff9edc46dc57112d299d6db9b91d9986431b5535057e5270189,61,34,0.5573770491803278,False,False
8/4/1,1,VEHICLE_MOUNTED,COMBINED_DEGRADED,MT4_PERSISTENT_MONITORING,0,A2_QUICKLOOK_FIRST,independent_opportunities,requesting_terminal,d73eeb9dff965ff9edc46dc57112d299d6db9b91d9986431b5535057e5270189,61,0,0.0,False,False
8/4/1,1,VEHICLE_MOUNTED,COMBINED_DEGRADED,MT4_PERSISTENT_MONITORING,0,A3_ROI_FIRST,independent_opportunities,requesting_terminal,d73eeb9dff965ff9edc46dc57112d299d6db9b91d9986431b5535057e5270189,61,0,0.0,False,False
8/4/1,1,VEHICLE_MOUNTED,COMBINED_DEGRADED,MT4_PERSISTENT_MONITORING,0,A4_PROGRESSIVE,independent_opportunities,requesting_terminal,d73eeb9dff965ff9edc46dc57112d299d6db9b91d9986431b5535057e5270189,61,37,0.6065573770491803,False,False
8/4/1,1,VEHICLE_MOUNTED,COMBINED_DEGRADED,MT4_PERSISTENT_MONITORING,0,A5_CONTACT_AWARE,independent_opportunities,requesting_terminal,d73eeb9dff965ff9edc46dc57112d299d6db9b91d9986431b5535057e5270189,61,34,0.5573770491803278,False,False
8/4/1,1,VEHICLE_MOUNTED,COMBINED_DEGRADED,MT4_PERSISTENT_MONITORING,0,A6_THREAD_AWARE_PRIORITY,independent_opportunities,requesting_terminal,d73eeb9dff965ff9edc46dc57112d299d6db9b91d9986431b5535057e5270189,61,37,0.6065573770491803,False,False
8/4/1,1,VEHICLE_MOUNTED,COMBINED_DEGRADED,MT4_PERSISTENT_MONITORING,1,A0_GROUND_ONLY,independent_opportunities,requesting_terminal,9eddf8c98797619d96ffe85cfe17eeb2f7e0de89c95d654e88cfdc8075c16347,61,0,0.0,False,False
8/4/1,1,VEHICLE_MOUNTED,COMBINED_DEGRADED,MT4_PERSISTENT_MONITORING,1,A1_COMPRESSED_FULL,independent_opportunities,requesting_terminal,9eddf8c98797619d96ffe85cfe17eeb2f7e0de89c95d654e88cfdc8075c16347,61,30,0.4918032786885246,False,False
8/4/1,1,VEHICLE_MOUNTED,COMBINED_DEGRADED,MT4_PERSISTENT_MONITORING,1,A2_QUICKLOOK_FIRST,independent_opportunities,requesting_terminal,9eddf8c98797619d96ffe85cfe17eeb2f7e0de89c95d654e88cfdc8075c16347,61,0,0.0,False,False
8/4/1,1,VEHICLE_MOUNTED,COMBINED_DEGRADED,MT4_PERSISTENT_MONITORING,1,A3_ROI_FIRST,independent_opportunities,requesting_terminal,9eddf8c98797619d96ffe85cfe17eeb2f7e0de89c95d654e88cfdc8075c16347,61,0,0.0,False,False
8/4/1,1,VEHICLE_MOUNTED,COMBINED_DEGRADED,MT4_PERSISTENT_MONITORING,1,A4_PROGRESSIVE,independent_opportunities,requesting_terminal,9eddf8c98797619d96ffe85cfe17eeb2f7e0de89c95d654e88cfdc8075c16347,61,33,0.5409836065573771,False,False
8/4/1,1,VEHICLE_MOUNTED,COMBINED_DEGRADED,MT4_PERSISTENT_MONITORING,1,A5_CONTACT_AWARE,independent_opportunities,requesting_terminal,9eddf8c98797619d96ffe85cfe17eeb2f7e0de89c95d654e88cfdc8075c16347,61,30,0.4918032786885246,False,False
8/4/1,1,VEHICLE_MOUNTED,COMBINED_DEGRADED,MT4_PERSISTENT_MONITORING,1,A6_THREAD_AWARE_PRIORITY,independent_opportunities,requesting_terminal,9eddf8c98797619d96ffe85cfe17eeb2f7e0de89c95d654e88cfdc8075c16347,61,33,0.5409836065573771,False,False
8/4/1,1,VEHICLE_MOUNTED,COMBINED_DEGRADED,MT4_PERSISTENT_MONITORING,2,A0_GROUND_ONLY,independent_opportunities,requesting_terminal,4eeb9eac3626117b7b5c44d206b28c477f8fcb6fb89ab8cb18ed0b1fa148291d,61,0,0.0,False,False
8/4/1,1,VEHICLE_MOUNTED,COMBINED_DEGRADED,MT4_PERSISTENT_MONITORING,2,A1_COMPRESSED_FULL,independent_opportunities,requesting_terminal,4eeb9eac3626117b7b5c44d206b28c477f8fcb6fb89ab8cb18ed0b1fa148291d,61,30,0.4918032786885246,False,False
8/4/1,1,VEHICLE_MOUNTED,COMBINED_DEGRADED,MT4_PERSISTENT_MONITORING,2,A2_QUICKLOOK_FIRST,independent_opportunities,requesting_terminal,4eeb9eac3626117b7b5c44d206b28c477f8fcb6fb89ab8cb18ed0b1fa148291d,61,0,0.0,False,False
8/4/1,1,VEHICLE_MOUNTED,COMBINED_DEGRADED,MT4_PERSISTENT_MONITORING,2,A3_ROI_FIRST,independent_opportunities,requesting_terminal,4eeb9eac3626117b7b5c44d206b28c477f8fcb6fb89ab8cb18ed0b1fa148291d,61,0,0.0,False,False
8/4/1,1,VEHICLE_MOUNTED,COMBINED_DEGRADED,MT4_PERSISTENT_MONITORING,2,A4_PROGRESSIVE,independent_opportunities,requesting_terminal,4eeb9eac3626117b7b5c44d206b28c477f8fcb6fb89ab8cb18ed0b1fa148291d,61,33,0.5409836065573771,False,False
8/4/1,1,VEHICLE_MOUNTED,COMBINED_DEGRADED,MT4_PERSISTENT_MONITORING,2,A5_CONTACT_AWARE,independent_opportunities,requesting_terminal,4eeb9eac3626117b7b5c44d206b28c477f8fcb6fb89ab8cb18ed0b1fa148291d,61,30,0.4918032786885246,False,False
8/4/1,1,VEHICLE_MOUNTED,COMBINED_DEGRADED,MT4_PERSISTENT_MONITORING,2,A6_THREAD_AWARE_PRIORITY,independent_opportunities,requesting_terminal,4eeb9eac3626117b7b5c44d206b28c477f8fcb6fb89ab8cb18ed0b1fa148291d,61,33,0.5409836065573771,False,False
8/4/1,1,VEHICLE_MOUNTED,COMBINED_DEGRADED,MT4_PERSISTENT_MONITORING,3,A0_GROUND_ONLY,independent_opportunities,requesting_terminal,334b092dac6609fcbe8f8a391859c86e709b23919c9145f07e92cb572800e629,61,0,0.0,False,False
8/4/1,1,VEHICLE_MOUNTED,COMBINED_DEGRADED,MT4_PERSISTENT_MONITORING,3,A1_COMPRESSED_FULL,independent_opportunities,requesting_terminal,334b092dac6609fcbe8f8a391859c86e709b23919c9145f07e92cb572800e629,61,27,0.4426229508196721,False,False
8/4/1,1,VEHICLE_MOUNTED,COMBINED_DEGRADED,MT4_PERSISTENT_MONITORING,3,A2_QUICKLOOK_FIRST,independent_opportunities,requesting_terminal,334b092dac6609fcbe8f8a391859c86e709b23919c9145f07e92cb572800e629,61,0,0.0,False,False
8/4/1,1,VEHICLE_MOUNTED,COMBINED_DEGRADED,MT4_PERSISTENT_MONITORING,3,A3_ROI_FIRST,independent_opportunities,requesting_terminal,334b092dac6609fcbe8f8a391859c86e709b23919c9145f07e92cb572800e629,61,0,0.0,False,False
8/4/1,1,VEHICLE_MOUNTED,COMBINED_DEGRADED,MT4_PERSISTENT_MONITORING,3,A4_PROGRESSIVE,independent_opportunities,requesting_terminal,334b092dac6609fcbe8f8a391859c86e709b23919c9145f07e92cb572800e629,61,30,0.4918032786885246,False,False
8/4/1,1,VEHICLE_MOUNTED,COMBINED_DEGRADED,MT4_PERSISTENT_MONITORING,3,A5_CONTACT_AWARE,independent_opportunities,requesting_terminal,334b092dac6609fcbe8f8a391859c86e709b23919c9145f07e92cb572800e629,61,27,0.4426229508196721,False,False
8/4/1,1,VEHICLE_MOUNTED,COMBINED_DEGRADED,MT4_PERSISTENT_MONITORING,3,A6_THREAD_AWARE_PRIORITY,independent_opportunities,requesting_terminal,334b092dac6609fcbe8f8a391859c86e709b23919c9145f07e92cb572800e629,61,30,0.4918032786885246,False,False
8/4/1,1,VEHICLE_MOUNTED,COMBINED_DEGRADED,MT4_PERSISTENT_MONITORING,4,A0_GROUND_ONLY,independent_opportunities,requesting_terminal,cd2fb27f5006060628d44ac06038e6fe200de96697c07ce7213d1f5616c5b772,61,0,0.0,False,False
8/4/1,1,VEHICLE_MOUNTED,COMBINED_DEGRADED,MT4_PERSISTENT_MONITORING,4,A1_COMPRESSED_FULL,independent_opportunities,requesting_terminal,cd2fb27f5006060628d44ac06038e6fe200de96697c07ce7213d1f5616c5b772,61,32,0.5245901639344263,False,False
8/4/1,1,VEHICLE_MOUNTED,COMBINED_DEGRADED,MT4_PERSISTENT_MONITORING,4,A2_QUICKLOOK_FIRST,independent_opportunities,requesting_terminal,cd2fb27f5006060628d44ac06038e6fe200de96697c07ce7213d1f5616c5b772,61,0,0.0,False,False
8/4/1,1,VEHICLE_MOUNTED,COMBINED_DEGRADED,MT4_PERSISTENT_MONITORING,4,A3_ROI_FIRST,independent_opportunities,requesting_terminal,cd2fb27f5006060628d44ac06038e6fe200de96697c07ce7213d1f5616c5b772,61,0,0.0,False,False
8/4/1,1,VEHICLE_MOUNTED,COMBINED_DEGRADED,MT4_PERSISTENT_MONITORING,4,A4_PROGRESSIVE,independent_opportunities,requesting_terminal,cd2fb27f5006060628d44ac06038e6fe200de96697c07ce7213d1f5616c5b772,61,36,0.5901639344262295,False,False
8/4/1,1,VEHICLE_MOUNTED,COMBINED_DEGRADED,MT4_PERSISTENT_MONITORING,4,A5_CONTACT_AWARE,independent_opportunities,requesting_terminal,cd2fb27f5006060628d44ac06038e6fe200de96697c07ce7213d1f5616c5b772,61,32,0.5245901639344263,False,False
8/4/1,1,VEHICLE_MOUNTED,COMBINED_DEGRADED,MT4_PERSISTENT_MONITORING,4,A6_THREAD_AWARE_PRIORITY,independent_opportunities,requesting_terminal,cd2fb27f5006060628d44ac06038e6fe200de96697c07ce7213d1f5616c5b772,61,36,0.5901639344262295,False,False
8/4/1,1,VEHICLE_MOUNTED,COMBINED_DEGRADED,MT4_PERSISTENT_MONITORING,5,A0_GROUND_ONLY,independent_opportunities,requesting_terminal,1e476b520097a195733c8d01e4577db36d220d56c0ea68af7d0468d7b793719f,61,0,0.0,False,False
8/4/1,1,VEHICLE_MOUNTED,COMBINED_DEGRADED,MT4_PERSISTENT_MONITORING,5,A1_COMPRESSED_FULL,independent_opportunities,requesting_terminal,1e476b520097a195733c8d01e4577db36d220d56c0ea68af7d0468d7b793719f,61,34,0.5573770491803278,False,False
8/4/1,1,VEHICLE_MOUNTED,COMBINED_DEGRADED,MT4_PERSISTENT_MONITORING,5,A2_QUICKLOOK_FIRST,independent_opportunities,requesting_terminal,1e476b520097a195733c8d01e4577db36d220d56c0ea68af7d0468d7b793719f,61,0,0.0,False,False
8/4/1,1,VEHICLE_MOUNTED,COMBINED_DEGRADED,MT4_PERSISTENT_MONITORING,5,A3_ROI_FIRST,independent_opportunities,requesting_terminal,1e476b520097a195733c8d01e4577db36d220d56c0ea68af7d0468d7b793719f,61,0,0.0,False,False
8/4/1,1,VEHICLE_MOUNTED,COMBINED_DEGRADED,MT4_PERSISTENT_MONITORING,5,A4_PROGRESSIVE,independent_opportunities,requesting_terminal,1e476b520097a195733c8d01e4577db36d220d56c0ea68af7d0468d7b793719f,61,36,0.5901639344262295,False,False
8/4/1,1,VEHICLE_MOUNTED,COMBINED_DEGRADED,MT4_PERSISTENT_MONITORING,5,A5_CONTACT_AWARE,independent_opportunities,requesting_terminal,1e476b520097a195733c8d01e4577db36d220d56c0ea68af7d0468d7b793719f,61,34,0.5573770491803278,False,False
8/4/1,1,VEHICLE_MOUNTED,COMBINED_DEGRADED,MT4_PERSISTENT_MONITORING,5,A6_THREAD_AWARE_PRIORITY,independent_opportunities,requesting_terminal,1e476b520097a195733c8d01e4577db36d220d56c0ea68af7d0468d7b793719f,61,36,0.5901639344262295,False,False
8/4/1,1,DISMOUNTED_MANPACK,NOMINAL,MT4_PERSISTENT_MONITORING,0,A0_GROUND_ONLY,independent_opportunities,requesting_terminal,c6527efb4a08815daa4ef939bd31d24c8191545cc5ea30a859cdc374b20d053e,61,0,0.0,False,False
8/4/1,1,DISMOUNTED_MANPACK,NOMINAL,MT4_PERSISTENT_MONITORING,0,A1_COMPRESSED_FULL,independent_opportunities,requesting_terminal,c6527efb4a08815daa4ef939bd31d24c8191545cc5ea30a859cdc374b20d053e,61,0,0.0,False,False
8/4/1,1,DISMOUNTED_MANPACK,NOMINAL,MT4_PERSISTENT_MONITORING,0,A2_QUICKLOOK_FIRST,independent_opportunities,requesting_terminal,c6527efb4a08815daa4ef939bd31d24c8191545cc5ea30a859cdc374b20d053e,61,0,0.0,False,False
8/4/1,1,DISMOUNTED_MANPACK,NOMINAL,MT4_PERSISTENT_MONITORING,0,A3_ROI_FIRST,independent_opportunities,requesting_terminal,c6527efb4a08815daa4ef939bd31d24c8191545cc5ea30a859cdc374b20d053e,61,0,0.0,False,False
8/4/1,1,DISMOUNTED_MANPACK,NOMINAL,MT4_PERSISTENT_MONITORING,0,A4_PROGRESSIVE,independent_opportunities,requesting_terminal,c6527efb4a08815daa4ef939bd31d24c8191545cc5ea30a859cdc374b20d053e,61,50,0.819672131147541,False,True
8/4/1,1,DISMOUNTED_MANPACK,NOMINAL,MT4_PERSISTENT_MONITORING,0,A5_CONTACT_AWARE,independent_opportunities,requesting_terminal,c6527efb4a08815daa4ef939bd31d24c8191545cc5ea30a859cdc374b20d053e,61,0,0.0,False,False
8/4/1,1,DISMOUNTED_MANPACK,NOMINAL,MT4_PERSISTENT_MONITORING,0,A6_THREAD_AWARE_PRIORITY,independent_opportunities,requesting_terminal,c6527efb4a08815daa4ef939bd31d24c8191545cc5ea30a859cdc374b20d053e,61,50,0.819672131147541,False,True
8/4/1,1,DISMOUNTED_MANPACK,COMBINED_DEGRADED,MT4_PERSISTENT_MONITORING,0,A0_GROUND_ONLY,independent_opportunities,requesting_terminal,0e618dcd72014e7a23e3d04ea04d21bdd498ba05429e9cf760edcd87a7740307,61,0,0.0,False,False
8/4/1,1,DISMOUNTED_MANPACK,COMBINED_DEGRADED,MT4_PERSISTENT_MONITORING,0,A1_COMPRESSED_FULL,independent_opportunities,requesting_terminal,0e618dcd72014e7a23e3d04ea04d21bdd498ba05429e9cf760edcd87a7740307,61,0,0.0,False,False
8/4/1,1,DISMOUNTED_MANPACK,COMBINED_DEGRADED,MT4_PERSISTENT_MONITORING,0,A2_QUICKLOOK_FIRST,independent_opportunities,requesting_terminal,0e618dcd72014e7a23e3d04ea04d21bdd498ba05429e9cf760edcd87a7740307,61,0,0.0,False,False
8/4/1,1,DISMOUNTED_MANPACK,COMBINED_DEGRADED,MT4_PERSISTENT_MONITORING,0,A3_ROI_FIRST,independent_opportunities,requesting_terminal,0e618dcd72014e7a23e3d04ea04d21bdd498ba05429e9cf760edcd87a7740307,61,0,0.0,False,False
8/4/1,1,DISMOUNTED_MANPACK,COMBINED_DEGRADED,MT4_PERSISTENT_MONITORING,0,A4_PROGRESSIVE,independent_opportunities,requesting_terminal,0e618dcd72014e7a23e3d04ea04d21bdd498ba05429e9cf760edcd87a7740307,61,31,0.5081967213114754,False,False
8/4/1,1,DISMOUNTED_MANPACK,COMBINED_DEGRADED,MT4_PERSISTENT_MONITORING,0,A5_CONTACT_AWARE,independent_opportunities,requesting_terminal,0e618dcd72014e7a23e3d04ea04d21bdd498ba05429e9cf760edcd87a7740307,61,0,0.0,False,False
8/4/1,1,DISMOUNTED_MANPACK,COMBINED_DEGRADED,MT4_PERSISTENT_MONITORING,0,A6_THREAD_AWARE_PRIORITY,independent_opportunities,requesting_terminal,0e618dcd72014e7a23e3d04ea04d21bdd498ba05429e9cf760edcd87a7740307,61,31,0.5081967213114754,False,False
8/4/1,1,DISMOUNTED_MANPACK,COMBINED_DEGRADED,MT4_PERSISTENT_MONITORING,1,A0_GROUND_ONLY,independent_opportunities,requesting_terminal,0d6a6c48d215e091a025de6b009af9f8f9b39239407e2ff766614a1e4c865f9e,61,0,0.0,False,False
8/4/1,1,DISMOUNTED_MANPACK,COMBINED_DEGRADED,MT4_PERSISTENT_MONITORING,1,A1_COMPRESSED_FULL,independent_opportunities,requesting_terminal,0d6a6c48d215e091a025de6b009af9f8f9b39239407e2ff766614a1e4c865f9e,61,0,0.0,False,False
8/4/1,1,DISMOUNTED_MANPACK,COMBINED_DEGRADED,MT4_PERSISTENT_MONITORING,1,A2_QUICKLOOK_FIRST,independent_opportunities,requesting_terminal,0d6a6c48d215e091a025de6b009af9f8f9b39239407e2ff766614a1e4c865f9e,61,0,0.0,False,False
8/4/1,1,DISMOUNTED_MANPACK,COMBINED_DEGRADED,MT4_PERSISTENT_MONITORING,1,A3_ROI_FIRST,independent_opportunities,requesting_terminal,0d6a6c48d215e091a025de6b009af9f8f9b39239407e2ff766614a1e4c865f9e,61,0,0.0,False,False
8/4/1,1,DISMOUNTED_MANPACK,COMBINED_DEGRADED,MT4_PERSISTENT_MONITORING,1,A4_PROGRESSIVE,independent_opportunities,requesting_terminal,0d6a6c48d215e091a025de6b009af9f8f9b39239407e2ff766614a1e4c865f9e,61,40,0.6557377049180327,False,False
8/4/1,1,DISMOUNTED_MANPACK,COMBINED_DEGRADED,MT4_PERSISTENT_MONITORING,1,A5_CONTACT_AWARE,independent_opportunities,requesting_terminal,0d6a6c48d215e091a025de6b009af9f8f9b39239407e2ff766614a1e4c865f9e,61,0,0.0,False,False
8/4/1,1,DISMOUNTED_MANPACK,COMBINED_DEGRADED,MT4_PERSISTENT_MONITORING,1,A6_THREAD_AWARE_PRIORITY,independent_opportunities,requesting_terminal,0d6a6c48d215e091a025de6b009af9f8f9b39239407e2ff766614a1e4c865f9e,61,40,0.6557377049180327,False,False
8/4/1,1,DISMOUNTED_MANPACK,COMBINED_DEGRADED,MT4_PERSISTENT_MONITORING,2,A0_GROUND_ONLY,independent_opportunities,requesting_terminal,48e27d4b363d37d7cd5958879db22843c984aefd4927a6024af00cd400046f25,61,0,0.0,False,False
8/4/1,1,DISMOUNTED_MANPACK,COMBINED_DEGRADED,MT4_PERSISTENT_MONITORING,2,A1_COMPRESSED_FULL,independent_opportunities,requesting_terminal,48e27d4b363d37d7cd5958879db22843c984aefd4927a6024af00cd400046f25,61,0,0.0,False,False
8/4/1,1,DISMOUNTED_MANPACK,COMBINED_DEGRADED,MT4_PERSISTENT_MONITORING,2,A2_QUICKLOOK_FIRST,independent_opportunities,requesting_terminal,48e27d4b363d37d7cd5958879db22843c984aefd4927a6024af00cd400046f25,61,0,0.0,False,False
8/4/1,1,DISMOUNTED_MANPACK,COMBINED_DEGRADED,MT4_PERSISTENT_MONITORING,2,A3_ROI_FIRST,independent_opportunities,requesting_terminal,48e27d4b363d37d7cd5958879db22843c984aefd4927a6024af00cd400046f25,61,0,0.0,False,False
8/4/1,1,DISMOUNTED_MANPACK,COMBINED_DEGRADED,MT4_PERSISTENT_MONITORING,2,A4_PROGRESSIVE,independent_opportunities,requesting_terminal,48e27d4b363d37d7cd5958879db22843c984aefd4927a6024af00cd400046f25,61,33,0.5409836065573771,False,False
8/4/1,1,DISMOUNTED_MANPACK,COMBINED_DEGRADED,MT4_PERSISTENT_MONITORING,2,A5_CONTACT_AWARE,independent_opportunities,requesting_terminal,48e27d4b363d37d7cd5958879db22843c984aefd4927a6024af00cd400046f25,61,0,0.0,False,False
8/4/1,1,DISMOUNTED_MANPACK,COMBINED_DEGRADED,MT4_PERSISTENT_MONITORING,2,A6_THREAD_AWARE_PRIORITY,independent_opportunities,requesting_terminal,48e27d4b363d37d7cd5958879db22843c984aefd4927a6024af00cd400046f25,61,33,0.5409836065573771,False,False
8/4/1,1,DISMOUNTED_MANPACK,COMBINED_DEGRADED,MT4_PERSISTENT_MONITORING,3,A0_GROUND_ONLY,independent_opportunities,requesting_terminal,bddb8665313cf577a2f87d08fc985367efe51bb6a624cf5d2ac137dd9999fc5d,61,0,0.0,False,False
8/4/1,1,DISMOUNTED_MANPACK,COMBINED_DEGRADED,MT4_PERSISTENT_MONITORING,3,A1_COMPRESSED_FULL,independent_opportunities,requesting_terminal,bddb8665313cf577a2f87d08fc985367efe51bb6a624cf5d2ac137dd9999fc5d,61,0,0.0,False,False
8/4/1,1,DISMOUNTED_MANPACK,COMBINED_DEGRADED,MT4_PERSISTENT_MONITORING,3,A2_QUICKLOOK_FIRST,independent_opportunities,requesting_terminal,bddb8665313cf577a2f87d08fc985367efe51bb6a624cf5d2ac137dd9999fc5d,61,0,0.0,False,False
8/4/1,1,DISMOUNTED_MANPACK,COMBINED_DEGRADED,MT4_PERSISTENT_MONITORING,3,A3_ROI_FIRST,independent_opportunities,requesting_terminal,bddb8665313cf577a2f87d08fc985367efe51bb6a624cf5d2ac137dd9999fc5d,61,0,0.0,False,False
8/4/1,1,DISMOUNTED_MANPACK,COMBINED_DEGRADED,MT4_PERSISTENT_MONITORING,3,A4_PROGRESSIVE,independent_opportunities,requesting_terminal,bddb8665313cf577a2f87d08fc985367efe51bb6a624cf5d2ac137dd9999fc5d,61,35,0.5737704918032787,False,False
8/4/1,1,DISMOUNTED_MANPACK,COMBINED_DEGRADED,MT4_PERSISTENT_MONITORING,3,A5_CONTACT_AWARE,independent_opportunities,requesting_terminal,bddb8665313cf577a2f87d08fc985367efe51bb6a624cf5d2ac137dd9999fc5d,61,0,0.0,False,False
8/4/1,1,DISMOUNTED_MANPACK,COMBINED_DEGRADED,MT4_PERSISTENT_MONITORING,3,A6_THREAD_AWARE_PRIORITY,independent_opportunities,requesting_terminal,bddb8665313cf577a2f87d08fc985367efe51bb6a624cf5d2ac137dd9999fc5d,61,35,0.5737704918032787,False,False
8/4/1,1,DISMOUNTED_MANPACK,COMBINED_DEGRADED,MT4_PERSISTENT_MONITORING,4,A0_GROUND_ONLY,independent_opportunities,requesting_terminal,175c7248094931c12ce1eb8dfef11e0f99fad335e5a4a774234765ba5a094ff4,61,0,0.0,False,False
8/4/1,1,DISMOUNTED_MANPACK,COMBINED_DEGRADED,MT4_PERSISTENT_MONITORING,4,A1_COMPRESSED_FULL,independent_opportunities,requesting_terminal,175c7248094931c12ce1eb8dfef11e0f99fad335e5a4a774234765ba5a094ff4,61,0,0.0,False,False
8/4/1,1,DISMOUNTED_MANPACK,COMBINED_DEGRADED,MT4_PERSISTENT_MONITORING,4,A2_QUICKLOOK_FIRST,independent_opportunities,requesting_terminal,175c7248094931c12ce1eb8dfef11e0f99fad335e5a4a774234765ba5a094ff4,61,0,0.0,False,False
8/4/1,1,DISMOUNTED_MANPACK,COMBINED_DEGRADED,MT4_PERSISTENT_MONITORING,4,A3_ROI_FIRST,independent_opportunities,requesting_terminal,175c7248094931c12ce1eb8dfef11e0f99fad335e5a4a774234765ba5a094ff4,61,0,0.0,False,False
8/4/1,1,DISMOUNTED_MANPACK,COMBINED_DEGRADED,MT4_PERSISTENT_MONITORING,4,A4_PROGRESSIVE,independent_opportunities,requesting_terminal,175c7248094931c12ce1eb8dfef11e0f99fad335e5a4a774234765ba5a094ff4,61,35,0.5737704918032787,False,False
8/4/1,1,DISMOUNTED_MANPACK,COMBINED_DEGRADED,MT4_PERSISTENT_MONITORING,4,A5_CONTACT_AWARE,independent_opportunities,requesting_terminal,175c7248094931c12ce1eb8dfef11e0f99fad335e5a4a774234765ba5a094ff4,61,0,0.0,False,False
8/4/1,1,DISMOUNTED_MANPACK,COMBINED_DEGRADED,MT4_PERSISTENT_MONITORING,4,A6_THREAD_AWARE_PRIORITY,independent_opportunities,requesting_terminal,175c7248094931c12ce1eb8dfef11e0f99fad335e5a4a774234765ba5a094ff4,61,35,0.5737704918032787,False,False
8/4/1,1,DISMOUNTED_MANPACK,COMBINED_DEGRADED,MT4_PERSISTENT_MONITORING,5,A0_GROUND_ONLY,independent_opportunities,requesting_terminal,d2f837338c006b63589687d68f4cf180c804684e3163da9b1bc5f0e8c578eed4,61,0,0.0,False,False
8/4/1,1,DISMOUNTED_MANPACK,COMBINED_DEGRADED,MT4_PERSISTENT_MONITORING,5,A1_COMPRESSED_FULL,independent_opportunities,requesting_terminal,d2f837338c006b63589687d68f4cf180c804684e3163da9b1bc5f0e8c578eed4,61,0,0.0,False,False
8/4/1,1,DISMOUNTED_MANPACK,COMBINED_DEGRADED,MT4_PERSISTENT_MONITORING,5,A2_QUICKLOOK_FIRST,independent_opportunities,requesting_terminal,d2f837338c006b63589687d68f4cf180c804684e3163da9b1bc5f0e8c578eed4,61,0,0.0,False,False
8/4/1,1,DISMOUNTED_MANPACK,COMBINED_DEGRADED,MT4_PERSISTENT_MONITORING,5,A3_ROI_FIRST,independent_opportunities,requesting_terminal,d2f837338c006b63589687d68f4cf180c804684e3163da9b1bc5f0e8c578eed4,61,0,0.0,False,False
8/4/1,1,DISMOUNTED_MANPACK,COMBINED_DEGRADED,MT4_PERSISTENT_MONITORING,5,A4_PROGRESSIVE,independent_opportunities,requesting_terminal,d2f837338c006b63589687d68f4cf180c804684e3163da9b1bc5f0e8c578eed4,61,37,0.6065573770491803,False,False
8/4/1,1,DISMOUNTED_MANPACK,COMBINED_DEGRADED,MT4_PERSISTENT_MONITORING,5,A5_CONTACT_AWARE,independent_opportunities,requesting_terminal,d2f837338c006b63589687d68f4cf180c804684e3163da9b1bc5f0e8c578eed4,61,0,0.0,False,False
8/4/1,1,DISMOUNTED_MANPACK,COMBINED_DEGRADED,MT4_PERSISTENT_MONITORING,5,A6_THREAD_AWARE_PRIORITY,independent_opportunities,requesting_terminal,d2f837338c006b63589687d68f4cf180c804684e3163da9b1bc5f0e8c578eed4,61,37,0.6065573770491803,False,False
8/4/1,4,VEHICLE_MOUNTED,NOMINAL,MT4_PERSISTENT_MONITORING,0,A0_GROUND_ONLY,independent_opportunities,pooled_connected_receiver_zero_forwarding_delay,fd610efbc4acad4b424350d8f3e7a88393e8a5dbd6e60a29584a1cfc832d00e9,61,53,0.8688524590163934,False,True
8/4/1,4,VEHICLE_MOUNTED,NOMINAL,MT4_PERSISTENT_MONITORING,0,A1_COMPRESSED_FULL,independent_opportunities,pooled_connected_receiver_zero_forwarding_delay,fd610efbc4acad4b424350d8f3e7a88393e8a5dbd6e60a29584a1cfc832d00e9,61,54,0.8852459016393442,False,True
8/4/1,4,VEHICLE_MOUNTED,NOMINAL,MT4_PERSISTENT_MONITORING,0,A2_QUICKLOOK_FIRST,independent_opportunities,pooled_connected_receiver_zero_forwarding_delay,fd610efbc4acad4b424350d8f3e7a88393e8a5dbd6e60a29584a1cfc832d00e9,61,53,0.8688524590163934,False,True
8/4/1,4,VEHICLE_MOUNTED,NOMINAL,MT4_PERSISTENT_MONITORING,0,A3_ROI_FIRST,independent_opportunities,pooled_connected_receiver_zero_forwarding_delay,fd610efbc4acad4b424350d8f3e7a88393e8a5dbd6e60a29584a1cfc832d00e9,61,53,0.8688524590163934,False,True
8/4/1,4,VEHICLE_MOUNTED,NOMINAL,MT4_PERSISTENT_MONITORING,0,A4_PROGRESSIVE,independent_opportunities,pooled_connected_receiver_zero_forwarding_delay,fd610efbc4acad4b424350d8f3e7a88393e8a5dbd6e60a29584a1cfc832d00e9,61,55,0.9016393442622951,False,True
8/4/1,4,VEHICLE_MOUNTED,NOMINAL,MT4_PERSISTENT_MONITORING,0,A5_CONTACT_AWARE,independent_opportunities,pooled_connected_receiver_zero_forwarding_delay,fd610efbc4acad4b424350d8f3e7a88393e8a5dbd6e60a29584a1cfc832d00e9,61,53,0.8688524590163934,False,True
8/4/1,4,VEHICLE_MOUNTED,NOMINAL,MT4_PERSISTENT_MONITORING,0,A6_THREAD_AWARE_PRIORITY,independent_opportunities,pooled_connected_receiver_zero_forwarding_delay,fd610efbc4acad4b424350d8f3e7a88393e8a5dbd6e60a29584a1cfc832d00e9,61,55,0.9016393442622951,False,True
8/4/1,4,VEHICLE_MOUNTED,COMBINED_DEGRADED,MT4_PERSISTENT_MONITORING,0,A0_GROUND_ONLY,independent_opportunities,pooled_connected_receiver_zero_forwarding_delay,5854bc602ee8bde447920f0af8eb9d0724ca3182505b6e8ee5c30e53132994d5,61,0,0.0,False,False
8/4/1,4,VEHICLE_MOUNTED,COMBINED_DEGRADED,MT4_PERSISTENT_MONITORING,0,A1_COMPRESSED_FULL,independent_opportunities,pooled_connected_receiver_zero_forwarding_delay,5854bc602ee8bde447920f0af8eb9d0724ca3182505b6e8ee5c30e53132994d5,61,31,0.5081967213114754,False,False
8/4/1,4,VEHICLE_MOUNTED,COMBINED_DEGRADED,MT4_PERSISTENT_MONITORING,0,A2_QUICKLOOK_FIRST,independent_opportunities,pooled_connected_receiver_zero_forwarding_delay,5854bc602ee8bde447920f0af8eb9d0724ca3182505b6e8ee5c30e53132994d5,61,0,0.0,False,False
8/4/1,4,VEHICLE_MOUNTED,COMBINED_DEGRADED,MT4_PERSISTENT_MONITORING,0,A3_ROI_FIRST,independent_opportunities,pooled_connected_receiver_zero_forwarding_delay,5854bc602ee8bde447920f0af8eb9d0724ca3182505b6e8ee5c30e53132994d5,61,0,0.0,False,False
8/4/1,4,VEHICLE_MOUNTED,COMBINED_DEGRADED,MT4_PERSISTENT_MONITORING,0,A4_PROGRESSIVE,independent_opportunities,pooled_connected_receiver_zero_forwarding_delay,5854bc602ee8bde447920f0af8eb9d0724ca3182505b6e8ee5c30e53132994d5,61,31,0.5081967213114754,False,False
8/4/1,4,VEHICLE_MOUNTED,COMBINED_DEGRADED,MT4_PERSISTENT_MONITORING,0,A5_CONTACT_AWARE,independent_opportunities,pooled_connected_receiver_zero_forwarding_delay,5854bc602ee8bde447920f0af8eb9d0724ca3182505b6e8ee5c30e53132994d5,61,30,0.4918032786885246,False,False
8/4/1,4,VEHICLE_MOUNTED,COMBINED_DEGRADED,MT4_PERSISTENT_MONITORING,0,A6_THREAD_AWARE_PRIORITY,independent_opportunities,pooled_connected_receiver_zero_forwarding_delay,5854bc602ee8bde447920f0af8eb9d0724ca3182505b6e8ee5c30e53132994d5,61,31,0.5081967213114754,False,False
8/4/1,4,VEHICLE_MOUNTED,COMBINED_DEGRADED,MT4_PERSISTENT_MONITORING,1,A0_GROUND_ONLY,independent_opportunities,pooled_connected_receiver_zero_forwarding_delay,f28cebe22a71d2a418fb73f34d869bb733f08f6482e56ad06dc4b8be033e8182,61,0,0.0,False,False
8/4/1,4,VEHICLE_MOUNTED,COMBINED_DEGRADED,MT4_PERSISTENT_MONITORING,1,A1_COMPRESSED_FULL,independent_opportunities,pooled_connected_receiver_zero_forwarding_delay,f28cebe22a71d2a418fb73f34d869bb733f08f6482e56ad06dc4b8be033e8182,61,39,0.639344262295082,False,False
8/4/1,4,VEHICLE_MOUNTED,COMBINED_DEGRADED,MT4_PERSISTENT_MONITORING,1,A2_QUICKLOOK_FIRST,independent_opportunities,pooled_connected_receiver_zero_forwarding_delay,f28cebe22a71d2a418fb73f34d869bb733f08f6482e56ad06dc4b8be033e8182,61,0,0.0,False,False
8/4/1,4,VEHICLE_MOUNTED,COMBINED_DEGRADED,MT4_PERSISTENT_MONITORING,1,A3_ROI_FIRST,independent_opportunities,pooled_connected_receiver_zero_forwarding_delay,f28cebe22a71d2a418fb73f34d869bb733f08f6482e56ad06dc4b8be033e8182,61,0,0.0,False,False
8/4/1,4,VEHICLE_MOUNTED,COMBINED_DEGRADED,MT4_PERSISTENT_MONITORING,1,A4_PROGRESSIVE,independent_opportunities,pooled_connected_receiver_zero_forwarding_delay,f28cebe22a71d2a418fb73f34d869bb733f08f6482e56ad06dc4b8be033e8182,61,40,0.6557377049180327,False,False
8/4/1,4,VEHICLE_MOUNTED,COMBINED_DEGRADED,MT4_PERSISTENT_MONITORING,1,A5_CONTACT_AWARE,independent_opportunities,pooled_connected_receiver_zero_forwarding_delay,f28cebe22a71d2a418fb73f34d869bb733f08f6482e56ad06dc4b8be033e8182,61,38,0.6229508196721312,False,False
8/4/1,4,VEHICLE_MOUNTED,COMBINED_DEGRADED,MT4_PERSISTENT_MONITORING,1,A6_THREAD_AWARE_PRIORITY,independent_opportunities,pooled_connected_receiver_zero_forwarding_delay,f28cebe22a71d2a418fb73f34d869bb733f08f6482e56ad06dc4b8be033e8182,61,40,0.6557377049180327,False,False
8/4/1,4,VEHICLE_MOUNTED,COMBINED_DEGRADED,MT4_PERSISTENT_MONITORING,2,A0_GROUND_ONLY,independent_opportunities,pooled_connected_receiver_zero_forwarding_delay,f6f93094fde3bc68cdbd969bc05780262de9ba4617d74b2e8be757a878ae18db,61,0,0.0,False,False
8/4/1,4,VEHICLE_MOUNTED,COMBINED_DEGRADED,MT4_PERSISTENT_MONITORING,2,A1_COMPRESSED_FULL,independent_opportunities,pooled_connected_receiver_zero_forwarding_delay,f6f93094fde3bc68cdbd969bc05780262de9ba4617d74b2e8be757a878ae18db,61,37,0.6065573770491803,False,False
8/4/1,4,VEHICLE_MOUNTED,COMBINED_DEGRADED,MT4_PERSISTENT_MONITORING,2,A2_QUICKLOOK_FIRST,independent_opportunities,pooled_connected_receiver_zero_forwarding_delay,f6f93094fde3bc68cdbd969bc05780262de9ba4617d74b2e8be757a878ae18db,61,0,0.0,False,False
8/4/1,4,VEHICLE_MOUNTED,COMBINED_DEGRADED,MT4_PERSISTENT_MONITORING,2,A3_ROI_FIRST,independent_opportunities,pooled_connected_receiver_zero_forwarding_delay,f6f93094fde3bc68cdbd969bc05780262de9ba4617d74b2e8be757a878ae18db,61,0,0.0,False,False
8/4/1,4,VEHICLE_MOUNTED,COMBINED_DEGRADED,MT4_PERSISTENT_MONITORING,2,A4_PROGRESSIVE,independent_opportunities,pooled_connected_receiver_zero_forwarding_delay,f6f93094fde3bc68cdbd969bc05780262de9ba4617d74b2e8be757a878ae18db,61,38,0.6229508196721312,False,False
8/4/1,4,VEHICLE_MOUNTED,COMBINED_DEGRADED,MT4_PERSISTENT_MONITORING,2,A5_CONTACT_AWARE,independent_opportunities,pooled_connected_receiver_zero_forwarding_delay,f6f93094fde3bc68cdbd969bc05780262de9ba4617d74b2e8be757a878ae18db,61,37,0.6065573770491803,False,False
8/4/1,4,VEHICLE_MOUNTED,COMBINED_DEGRADED,MT4_PERSISTENT_MONITORING,2,A6_THREAD_AWARE_PRIORITY,independent_opportunities,pooled_connected_receiver_zero_forwarding_delay,f6f93094fde3bc68cdbd969bc05780262de9ba4617d74b2e8be757a878ae18db,61,38,0.6229508196721312,False,False
8/4/1,4,VEHICLE_MOUNTED,COMBINED_DEGRADED,MT4_PERSISTENT_MONITORING,3,A0_GROUND_ONLY,independent_opportunities,pooled_connected_receiver_zero_forwarding_delay,a9fe26001ac6965f51e7f50d33dd8f745d915cdb0be90c86b108c170fa75c65f,61,0,0.0,False,False
8/4/1,4,VEHICLE_MOUNTED,COMBINED_DEGRADED,MT4_PERSISTENT_MONITORING,3,A1_COMPRESSED_FULL,independent_opportunities,pooled_connected_receiver_zero_forwarding_delay,a9fe26001ac6965f51e7f50d33dd8f745d915cdb0be90c86b108c170fa75c65f,61,34,0.5573770491803278,False,False
8/4/1,4,VEHICLE_MOUNTED,COMBINED_DEGRADED,MT4_PERSISTENT_MONITORING,3,A2_QUICKLOOK_FIRST,independent_opportunities,pooled_connected_receiver_zero_forwarding_delay,a9fe26001ac6965f51e7f50d33dd8f745d915cdb0be90c86b108c170fa75c65f,61,0,0.0,False,False
8/4/1,4,VEHICLE_MOUNTED,COMBINED_DEGRADED,MT4_PERSISTENT_MONITORING,3,A3_ROI_FIRST,independent_opportunities,pooled_connected_receiver_zero_forwarding_delay,a9fe26001ac6965f51e7f50d33dd8f745d915cdb0be90c86b108c170fa75c65f,61,0,0.0,False,False
8/4/1,4,VEHICLE_MOUNTED,COMBINED_DEGRADED,MT4_PERSISTENT_MONITORING,3,A4_PROGRESSIVE,independent_opportunities,pooled_connected_receiver_zero_forwarding_delay,a9fe26001ac6965f51e7f50d33dd8f745d915cdb0be90c86b108c170fa75c65f,61,35,0.5737704918032787,False,False
8/4/1,4,VEHICLE_MOUNTED,COMBINED_DEGRADED,MT4_PERSISTENT_MONITORING,3,A5_CONTACT_AWARE,independent_opportunities,pooled_connected_receiver_zero_forwarding_delay,a9fe26001ac6965f51e7f50d33dd8f745d915cdb0be90c86b108c170fa75c65f,61,33,0.5409836065573771,False,False
8/4/1,4,VEHICLE_MOUNTED,COMBINED_DEGRADED,MT4_PERSISTENT_MONITORING,3,A6_THREAD_AWARE_PRIORITY,independent_opportunities,pooled_connected_receiver_zero_forwarding_delay,a9fe26001ac6965f51e7f50d33dd8f745d915cdb0be90c86b108c170fa75c65f,61,35,0.5737704918032787,False,False
8/4/1,4,VEHICLE_MOUNTED,COMBINED_DEGRADED,MT4_PERSISTENT_MONITORING,4,A0_GROUND_ONLY,independent_opportunities,pooled_connected_receiver_zero_forwarding_delay,d2d8a7f7d140d74182f7ec60b2cfbf384b321ca5c75dd367d8a842928303f466,61,0,0.0,False,False
8/4/1,4,VEHICLE_MOUNTED,COMBINED_DEGRADED,MT4_PERSISTENT_MONITORING,4,A1_COMPRESSED_FULL,independent_opportunities,pooled_connected_receiver_zero_forwarding_delay,d2d8a7f7d140d74182f7ec60b2cfbf384b321ca5c75dd367d8a842928303f466,61,34,0.5573770491803278,False,False
8/4/1,4,VEHICLE_MOUNTED,COMBINED_DEGRADED,MT4_PERSISTENT_MONITORING,4,A2_QUICKLOOK_FIRST,independent_opportunities,pooled_connected_receiver_zero_forwarding_delay,d2d8a7f7d140d74182f7ec60b2cfbf384b321ca5c75dd367d8a842928303f466,61,0,0.0,False,False
8/4/1,4,VEHICLE_MOUNTED,COMBINED_DEGRADED,MT4_PERSISTENT_MONITORING,4,A3_ROI_FIRST,independent_opportunities,pooled_connected_receiver_zero_forwarding_delay,d2d8a7f7d140d74182f7ec60b2cfbf384b321ca5c75dd367d8a842928303f466,61,0,0.0,False,False
8/4/1,4,VEHICLE_MOUNTED,COMBINED_DEGRADED,MT4_PERSISTENT_MONITORING,4,A4_PROGRESSIVE,independent_opportunities,pooled_connected_receiver_zero_forwarding_delay,d2d8a7f7d140d74182f7ec60b2cfbf384b321ca5c75dd367d8a842928303f466,61,34,0.5573770491803278,False,False
8/4/1,4,VEHICLE_MOUNTED,COMBINED_DEGRADED,MT4_PERSISTENT_MONITORING,4,A5_CONTACT_AWARE,independent_opportunities,pooled_connected_receiver_zero_forwarding_delay,d2d8a7f7d140d74182f7ec60b2cfbf384b321ca5c75dd367d8a842928303f466,61,33,0.5409836065573771,False,False
8/4/1,4,VEHICLE_MOUNTED,COMBINED_DEGRADED,MT4_PERSISTENT_MONITORING,4,A6_THREAD_AWARE_PRIORITY,independent_opportunities,pooled_connected_receiver_zero_forwarding_delay,d2d8a7f7d140d74182f7ec60b2cfbf384b321ca5c75dd367d8a842928303f466,61,34,0.5573770491803278,False,False
8/4/1,4,VEHICLE_MOUNTED,COMBINED_DEGRADED,MT4_PERSISTENT_MONITORING,5,A0_GROUND_ONLY,independent_opportunities,pooled_connected_receiver_zero_forwarding_delay,d344ddc14ab138274c9daba268fd302d1896c34a6f324d70f9e4ca62a14625b5,61,0,0.0,False,False
8/4/1,4,VEHICLE_MOUNTED,COMBINED_DEGRADED,MT4_PERSISTENT_MONITORING,5,A1_COMPRESSED_FULL,independent_opportunities,pooled_connected_receiver_zero_forwarding_delay,d344ddc14ab138274c9daba268fd302d1896c34a6f324d70f9e4ca62a14625b5,61,42,0.6885245901639344,False,False
8/4/1,4,VEHICLE_MOUNTED,COMBINED_DEGRADED,MT4_PERSISTENT_MONITORING,5,A2_QUICKLOOK_FIRST,independent_opportunities,pooled_connected_receiver_zero_forwarding_delay,d344ddc14ab138274c9daba268fd302d1896c34a6f324d70f9e4ca62a14625b5,61,0,0.0,False,False
8/4/1,4,VEHICLE_MOUNTED,COMBINED_DEGRADED,MT4_PERSISTENT_MONITORING,5,A3_ROI_FIRST,independent_opportunities,pooled_connected_receiver_zero_forwarding_delay,d344ddc14ab138274c9daba268fd302d1896c34a6f324d70f9e4ca62a14625b5,61,0,0.0,False,False
8/4/1,4,VEHICLE_MOUNTED,COMBINED_DEGRADED,MT4_PERSISTENT_MONITORING,5,A4_PROGRESSIVE,independent_opportunities,pooled_connected_receiver_zero_forwarding_delay,d344ddc14ab138274c9daba268fd302d1896c34a6f324d70f9e4ca62a14625b5,61,43,0.7049180327868853,False,False
8/4/1,4,VEHICLE_MOUNTED,COMBINED_DEGRADED,MT4_PERSISTENT_MONITORING,5,A5_CONTACT_AWARE,independent_opportunities,pooled_connected_receiver_zero_forwarding_delay,d344ddc14ab138274c9daba268fd302d1896c34a6f324d70f9e4ca62a14625b5,61,41,0.6721311475409836,False,False
8/4/1,4,VEHICLE_MOUNTED,COMBINED_DEGRADED,MT4_PERSISTENT_MONITORING,5,A6_THREAD_AWARE_PRIORITY,independent_opportunities,pooled_connected_receiver_zero_forwarding_delay,d344ddc14ab138274c9daba268fd302d1896c34a6f324d70f9e4ca62a14625b5,61,43,0.7049180327868853,False,False
8/4/1,4,DISMOUNTED_MANPACK,NOMINAL,MT4_PERSISTENT_MONITORING,0,A0_GROUND_ONLY,independent_opportunities,pooled_connected_receiver_zero_forwarding_delay,64add6fb8afbe94aa8b32df89fa16094d7e74b9dcb43c9d34dc41bdefddbf3a9,61,0,0.0,False,False
8/4/1,4,DISMOUNTED_MANPACK,NOMINAL,MT4_PERSISTENT_MONITORING,0,A1_COMPRESSED_FULL,independent_opportunities,pooled_connected_receiver_zero_forwarding_delay,64add6fb8afbe94aa8b32df89fa16094d7e74b9dcb43c9d34dc41bdefddbf3a9,61,0,0.0,False,False
8/4/1,4,DISMOUNTED_MANPACK,NOMINAL,MT4_PERSISTENT_MONITORING,0,A2_QUICKLOOK_FIRST,independent_opportunities,pooled_connected_receiver_zero_forwarding_delay,64add6fb8afbe94aa8b32df89fa16094d7e74b9dcb43c9d34dc41bdefddbf3a9,61,0,0.0,False,False
8/4/1,4,DISMOUNTED_MANPACK,NOMINAL,MT4_PERSISTENT_MONITORING,0,A3_ROI_FIRST,independent_opportunities,pooled_connected_receiver_zero_forwarding_delay,64add6fb8afbe94aa8b32df89fa16094d7e74b9dcb43c9d34dc41bdefddbf3a9,61,0,0.0,False,False
8/4/1,4,DISMOUNTED_MANPACK,NOMINAL,MT4_PERSISTENT_MONITORING,0,A4_PROGRESSIVE,independent_opportunities,pooled_connected_receiver_zero_forwarding_delay,64add6fb8afbe94aa8b32df89fa16094d7e74b9dcb43c9d34dc41bdefddbf3a9,61,55,0.9016393442622951,False,True
8/4/1,4,DISMOUNTED_MANPACK,NOMINAL,MT4_PERSISTENT_MONITORING,0,A5_CONTACT_AWARE,independent_opportunities,pooled_connected_receiver_zero_forwarding_delay,64add6fb8afbe94aa8b32df89fa16094d7e74b9dcb43c9d34dc41bdefddbf3a9,61,0,0.0,False,False
8/4/1,4,DISMOUNTED_MANPACK,NOMINAL,MT4_PERSISTENT_MONITORING,0,A6_THREAD_AWARE_PRIORITY,independent_opportunities,pooled_connected_receiver_zero_forwarding_delay,64add6fb8afbe94aa8b32df89fa16094d7e74b9dcb43c9d34dc41bdefddbf3a9,61,55,0.9016393442622951,False,True
8/4/1,4,DISMOUNTED_MANPACK,COMBINED_DEGRADED,MT4_PERSISTENT_MONITORING,0,A0_GROUND_ONLY,independent_opportunities,pooled_connected_receiver_zero_forwarding_delay,d129157cbdae75aaf57bdcd07fbc098aaf6cb334044fa9119a2e5ce1fcf944bc,61,0,0.0,False,False
8/4/1,4,DISMOUNTED_MANPACK,COMBINED_DEGRADED,MT4_PERSISTENT_MONITORING,0,A1_COMPRESSED_FULL,independent_opportunities,pooled_connected_receiver_zero_forwarding_delay,d129157cbdae75aaf57bdcd07fbc098aaf6cb334044fa9119a2e5ce1fcf944bc,61,0,0.0,False,False
8/4/1,4,DISMOUNTED_MANPACK,COMBINED_DEGRADED,MT4_PERSISTENT_MONITORING,0,A2_QUICKLOOK_FIRST,independent_opportunities,pooled_connected_receiver_zero_forwarding_delay,d129157cbdae75aaf57bdcd07fbc098aaf6cb334044fa9119a2e5ce1fcf944bc,61,0,0.0,False,False
8/4/1,4,DISMOUNTED_MANPACK,COMBINED_DEGRADED,MT4_PERSISTENT_MONITORING,0,A3_ROI_FIRST,independent_opportunities,pooled_connected_receiver_zero_forwarding_delay,d129157cbdae75aaf57bdcd07fbc098aaf6cb334044fa9119a2e5ce1fcf944bc,61,0,0.0,False,False
8/4/1,4,DISMOUNTED_MANPACK,COMBINED_DEGRADED,MT4_PERSISTENT_MONITORING,0,A4_PROGRESSIVE,independent_opportunities,pooled_connected_receiver_zero_forwarding_delay,d129157cbdae75aaf57bdcd07fbc098aaf6cb334044fa9119a2e5ce1fcf944bc,61,39,0.639344262295082,False,False
8/4/1,4,DISMOUNTED_MANPACK,COMBINED_DEGRADED,MT4_PERSISTENT_MONITORING,0,A5_CONTACT_AWARE,independent_opportunities,pooled_connected_receiver_zero_forwarding_delay,d129157cbdae75aaf57bdcd07fbc098aaf6cb334044fa9119a2e5ce1fcf944bc,61,0,0.0,False,False
8/4/1,4,DISMOUNTED_MANPACK,COMBINED_DEGRADED,MT4_PERSISTENT_MONITORING,0,A6_THREAD_AWARE_PRIORITY,independent_opportunities,pooled_connected_receiver_zero_forwarding_delay,d129157cbdae75aaf57bdcd07fbc098aaf6cb334044fa9119a2e5ce1fcf944bc,61,39,0.639344262295082,False,False
8/4/1,4,DISMOUNTED_MANPACK,COMBINED_DEGRADED,MT4_PERSISTENT_MONITORING,1,A0_GROUND_ONLY,independent_opportunities,pooled_connected_receiver_zero_forwarding_delay,006915028f7de40a19369a753d1e111d94491f150dedf218da2da0e1e5d00fb7,61,0,0.0,False,False
8/4/1,4,DISMOUNTED_MANPACK,COMBINED_DEGRADED,MT4_PERSISTENT_MONITORING,1,A1_COMPRESSED_FULL,independent_opportunities,pooled_connected_receiver_zero_forwarding_delay,006915028f7de40a19369a753d1e111d94491f150dedf218da2da0e1e5d00fb7,61,0,0.0,False,False
8/4/1,4,DISMOUNTED_MANPACK,COMBINED_DEGRADED,MT4_PERSISTENT_MONITORING,1,A2_QUICKLOOK_FIRST,independent_opportunities,pooled_connected_receiver_zero_forwarding_delay,006915028f7de40a19369a753d1e111d94491f150dedf218da2da0e1e5d00fb7,61,0,0.0,False,False
8/4/1,4,DISMOUNTED_MANPACK,COMBINED_DEGRADED,MT4_PERSISTENT_MONITORING,1,A3_ROI_FIRST,independent_opportunities,pooled_connected_receiver_zero_forwarding_delay,006915028f7de40a19369a753d1e111d94491f150dedf218da2da0e1e5d00fb7,61,0,0.0,False,False
8/4/1,4,DISMOUNTED_MANPACK,COMBINED_DEGRADED,MT4_PERSISTENT_MONITORING,1,A4_PROGRESSIVE,independent_opportunities,pooled_connected_receiver_zero_forwarding_delay,006915028f7de40a19369a753d1e111d94491f150dedf218da2da0e1e5d00fb7,61,37,0.6065573770491803,False,False
8/4/1,4,DISMOUNTED_MANPACK,COMBINED_DEGRADED,MT4_PERSISTENT_MONITORING,1,A5_CONTACT_AWARE,independent_opportunities,pooled_connected_receiver_zero_forwarding_delay,006915028f7de40a19369a753d1e111d94491f150dedf218da2da0e1e5d00fb7,61,0,0.0,False,False
8/4/1,4,DISMOUNTED_MANPACK,COMBINED_DEGRADED,MT4_PERSISTENT_MONITORING,1,A6_THREAD_AWARE_PRIORITY,independent_opportunities,pooled_connected_receiver_zero_forwarding_delay,006915028f7de40a19369a753d1e111d94491f150dedf218da2da0e1e5d00fb7,61,37,0.6065573770491803,False,False
8/4/1,4,DISMOUNTED_MANPACK,COMBINED_DEGRADED,MT4_PERSISTENT_MONITORING,2,A0_GROUND_ONLY,independent_opportunities,pooled_connected_receiver_zero_forwarding_delay,c84f715336c7037b2eabe89bf3764feeeffc4141a1d3b92868c7918278c72839,61,0,0.0,False,False
8/4/1,4,DISMOUNTED_MANPACK,COMBINED_DEGRADED,MT4_PERSISTENT_MONITORING,2,A1_COMPRESSED_FULL,independent_opportunities,pooled_connected_receiver_zero_forwarding_delay,c84f715336c7037b2eabe89bf3764feeeffc4141a1d3b92868c7918278c72839,61,0,0.0,False,False
8/4/1,4,DISMOUNTED_MANPACK,COMBINED_DEGRADED,MT4_PERSISTENT_MONITORING,2,A2_QUICKLOOK_FIRST,independent_opportunities,pooled_connected_receiver_zero_forwarding_delay,c84f715336c7037b2eabe89bf3764feeeffc4141a1d3b92868c7918278c72839,61,0,0.0,False,False
8/4/1,4,DISMOUNTED_MANPACK,COMBINED_DEGRADED,MT4_PERSISTENT_MONITORING,2,A3_ROI_FIRST,independent_opportunities,pooled_connected_receiver_zero_forwarding_delay,c84f715336c7037b2eabe89bf3764feeeffc4141a1d3b92868c7918278c72839,61,0,0.0,False,False
8/4/1,4,DISMOUNTED_MANPACK,COMBINED_DEGRADED,MT4_PERSISTENT_MONITORING,2,A4_PROGRESSIVE,independent_opportunities,pooled_connected_receiver_zero_forwarding_delay,c84f715336c7037b2eabe89bf3764feeeffc4141a1d3b92868c7918278c72839,61,33,0.5409836065573771,False,False
8/4/1,4,DISMOUNTED_MANPACK,COMBINED_DEGRADED,MT4_PERSISTENT_MONITORING,2,A5_CONTACT_AWARE,independent_opportunities,pooled_connected_receiver_zero_forwarding_delay,c84f715336c7037b2eabe89bf3764feeeffc4141a1d3b92868c7918278c72839,61,0,0.0,False,False
8/4/1,4,DISMOUNTED_MANPACK,COMBINED_DEGRADED,MT4_PERSISTENT_MONITORING,2,A6_THREAD_AWARE_PRIORITY,independent_opportunities,pooled_connected_receiver_zero_forwarding_delay,c84f715336c7037b2eabe89bf3764feeeffc4141a1d3b92868c7918278c72839,61,33,0.5409836065573771,False,False
8/4/1,4,DISMOUNTED_MANPACK,COMBINED_DEGRADED,MT4_PERSISTENT_MONITORING,3,A0_GROUND_ONLY,independent_opportunities,pooled_connected_receiver_zero_forwarding_delay,6a40e21a76965c2941a9adc2cb79e1186640c5421ecc8e00d67ccefc2a4041cd,61,0,0.0,False,False
8/4/1,4,DISMOUNTED_MANPACK,COMBINED_DEGRADED,MT4_PERSISTENT_MONITORING,3,A1_COMPRESSED_FULL,independent_opportunities,pooled_connected_receiver_zero_forwarding_delay,6a40e21a76965c2941a9adc2cb79e1186640c5421ecc8e00d67ccefc2a4041cd,61,0,0.0,False,False
8/4/1,4,DISMOUNTED_MANPACK,COMBINED_DEGRADED,MT4_PERSISTENT_MONITORING,3,A2_QUICKLOOK_FIRST,independent_opportunities,pooled_connected_receiver_zero_forwarding_delay,6a40e21a76965c2941a9adc2cb79e1186640c5421ecc8e00d67ccefc2a4041cd,61,0,0.0,False,False
8/4/1,4,DISMOUNTED_MANPACK,COMBINED_DEGRADED,MT4_PERSISTENT_MONITORING,3,A3_ROI_FIRST,independent_opportunities,pooled_connected_receiver_zero_forwarding_delay,6a40e21a76965c2941a9adc2cb79e1186640c5421ecc8e00d67ccefc2a4041cd,61,0,0.0,False,False
8/4/1,4,DISMOUNTED_MANPACK,COMBINED_DEGRADED,MT4_PERSISTENT_MONITORING,3,A4_PROGRESSIVE,independent_opportunities,pooled_connected_receiver_zero_forwarding_delay,6a40e21a76965c2941a9adc2cb79e1186640c5421ecc8e00d67ccefc2a4041cd,61,40,0.6557377049180327,False,False
8/4/1,4,DISMOUNTED_MANPACK,COMBINED_DEGRADED,MT4_PERSISTENT_MONITORING,3,A5_CONTACT_AWARE,independent_opportunities,pooled_connected_receiver_zero_forwarding_delay,6a40e21a76965c2941a9adc2cb79e1186640c5421ecc8e00d67ccefc2a4041cd,61,0,0.0,False,False
8/4/1,4,DISMOUNTED_MANPACK,COMBINED_DEGRADED,MT4_PERSISTENT_MONITORING,3,A6_THREAD_AWARE_PRIORITY,independent_opportunities,pooled_connected_receiver_zero_forwarding_delay,6a40e21a76965c2941a9adc2cb79e1186640c5421ecc8e00d67ccefc2a4041cd,61,40,0.6557377049180327,False,False
8/4/1,4,DISMOUNTED_MANPACK,COMBINED_DEGRADED,MT4_PERSISTENT_MONITORING,4,A0_GROUND_ONLY,independent_opportunities,pooled_connected_receiver_zero_forwarding_delay,a94de46ddbde80aeb2ce5db348624afee9ba3304b1065fbdc6a6b5af3cc0537d,61,0,0.0,False,False
8/4/1,4,DISMOUNTED_MANPACK,COMBINED_DEGRADED,MT4_PERSISTENT_MONITORING,4,A1_COMPRESSED_FULL,independent_opportunities,pooled_connected_receiver_zero_forwarding_delay,a94de46ddbde80aeb2ce5db348624afee9ba3304b1065fbdc6a6b5af3cc0537d,61,0,0.0,False,False
8/4/1,4,DISMOUNTED_MANPACK,COMBINED_DEGRADED,MT4_PERSISTENT_MONITORING,4,A2_QUICKLOOK_FIRST,independent_opportunities,pooled_connected_receiver_zero_forwarding_delay,a94de46ddbde80aeb2ce5db348624afee9ba3304b1065fbdc6a6b5af3cc0537d,61,0,0.0,False,False
8/4/1,4,DISMOUNTED_MANPACK,COMBINED_DEGRADED,MT4_PERSISTENT_MONITORING,4,A3_ROI_FIRST,independent_opportunities,pooled_connected_receiver_zero_forwarding_delay,a94de46ddbde80aeb2ce5db348624afee9ba3304b1065fbdc6a6b5af3cc0537d,61,0,0.0,False,False
8/4/1,4,DISMOUNTED_MANPACK,COMBINED_DEGRADED,MT4_PERSISTENT_MONITORING,4,A4_PROGRESSIVE,independent_opportunities,pooled_connected_receiver_zero_forwarding_delay,a94de46ddbde80aeb2ce5db348624afee9ba3304b1065fbdc6a6b5af3cc0537d,61,39,0.639344262295082,False,False
8/4/1,4,DISMOUNTED_MANPACK,COMBINED_DEGRADED,MT4_PERSISTENT_MONITORING,4,A5_CONTACT_AWARE,independent_opportunities,pooled_connected_receiver_zero_forwarding_delay,a94de46ddbde80aeb2ce5db348624afee9ba3304b1065fbdc6a6b5af3cc0537d,61,0,0.0,False,False
8/4/1,4,DISMOUNTED_MANPACK,COMBINED_DEGRADED,MT4_PERSISTENT_MONITORING,4,A6_THREAD_AWARE_PRIORITY,independent_opportunities,pooled_connected_receiver_zero_forwarding_delay,a94de46ddbde80aeb2ce5db348624afee9ba3304b1065fbdc6a6b5af3cc0537d,61,39,0.639344262295082,False,False
8/4/1,4,DISMOUNTED_MANPACK,COMBINED_DEGRADED,MT4_PERSISTENT_MONITORING,5,A0_GROUND_ONLY,independent_opportunities,pooled_connected_receiver_zero_forwarding_delay,b4f05a30852e848c83403dcc92a8447e46cec2a7bba14f80360193964de91c12,61,0,0.0,False,False
8/4/1,4,DISMOUNTED_MANPACK,COMBINED_DEGRADED,MT4_PERSISTENT_MONITORING,5,A1_COMPRESSED_FULL,independent_opportunities,pooled_connected_receiver_zero_forwarding_delay,b4f05a30852e848c83403dcc92a8447e46cec2a7bba14f80360193964de91c12,61,0,0.0,False,False
8/4/1,4,DISMOUNTED_MANPACK,COMBINED_DEGRADED,MT4_PERSISTENT_MONITORING,5,A2_QUICKLOOK_FIRST,independent_opportunities,pooled_connected_receiver_zero_forwarding_delay,b4f05a30852e848c83403dcc92a8447e46cec2a7bba14f80360193964de91c12,61,0,0.0,False,False
8/4/1,4,DISMOUNTED_MANPACK,COMBINED_DEGRADED,MT4_PERSISTENT_MONITORING,5,A3_ROI_FIRST,independent_opportunities,pooled_connected_receiver_zero_forwarding_delay,b4f05a30852e848c83403dcc92a8447e46cec2a7bba14f80360193964de91c12,61,0,0.0,False,False
8/4/1,4,DISMOUNTED_MANPACK,COMBINED_DEGRADED,MT4_PERSISTENT_MONITORING,5,A4_PROGRESSIVE,independent_opportunities,pooled_connected_receiver_zero_forwarding_delay,b4f05a30852e848c83403dcc92a8447e46cec2a7bba14f80360193964de91c12,61,36,0.5901639344262295,False,False
8/4/1,4,DISMOUNTED_MANPACK,COMBINED_DEGRADED,MT4_PERSISTENT_MONITORING,5,A5_CONTACT_AWARE,independent_opportunities,pooled_connected_receiver_zero_forwarding_delay,b4f05a30852e848c83403dcc92a8447e46cec2a7bba14f80360193964de91c12,61,0,0.0,False,False
8/4/1,4,DISMOUNTED_MANPACK,COMBINED_DEGRADED,MT4_PERSISTENT_MONITORING,5,A6_THREAD_AWARE_PRIORITY,independent_opportunities,pooled_connected_receiver_zero_forwarding_delay,b4f05a30852e848c83403dcc92a8447e46cec2a7bba14f80360193964de91c12,61,36,0.5901639344262295,False,False
24/8/1,1,VEHICLE_MOUNTED,NOMINAL,MT4_PERSISTENT_MONITORING,0,A0_GROUND_ONLY,independent_opportunities,requesting_terminal,c6f612933063a4dfa27b57cabf2c952402fad156b84ada114aed698b1c1363bc,181,75,0.4143646408839779,False,False
24/8/1,1,VEHICLE_MOUNTED,NOMINAL,MT4_PERSISTENT_MONITORING,0,A1_COMPRESSED_FULL,independent_opportunities,requesting_terminal,c6f612933063a4dfa27b57cabf2c952402fad156b84ada114aed698b1c1363bc,181,139,0.7679558011049724,False,False
24/8/1,1,VEHICLE_MOUNTED,NOMINAL,MT4_PERSISTENT_MONITORING,0,A2_QUICKLOOK_FIRST,independent_opportunities,requesting_terminal,c6f612933063a4dfa27b57cabf2c952402fad156b84ada114aed698b1c1363bc,181,75,0.4143646408839779,False,False
24/8/1,1,VEHICLE_MOUNTED,NOMINAL,MT4_PERSISTENT_MONITORING,0,A3_ROI_FIRST,independent_opportunities,requesting_terminal,c6f612933063a4dfa27b57cabf2c952402fad156b84ada114aed698b1c1363bc,181,70,0.3867403314917127,False,False
24/8/1,1,VEHICLE_MOUNTED,NOMINAL,MT4_PERSISTENT_MONITORING,0,A4_PROGRESSIVE,independent_opportunities,requesting_terminal,c6f612933063a4dfa27b57cabf2c952402fad156b84ada114aed698b1c1363bc,181,150,0.8287292817679558,False,True
24/8/1,1,VEHICLE_MOUNTED,NOMINAL,MT4_PERSISTENT_MONITORING,0,A5_CONTACT_AWARE,independent_opportunities,requesting_terminal,c6f612933063a4dfa27b57cabf2c952402fad156b84ada114aed698b1c1363bc,181,139,0.7679558011049724,False,False
24/8/1,1,VEHICLE_MOUNTED,NOMINAL,MT4_PERSISTENT_MONITORING,0,A6_THREAD_AWARE_PRIORITY,independent_opportunities,requesting_terminal,c6f612933063a4dfa27b57cabf2c952402fad156b84ada114aed698b1c1363bc,181,150,0.8287292817679558,False,True
24/8/1,1,VEHICLE_MOUNTED,COMBINED_DEGRADED,MT4_PERSISTENT_MONITORING,0,A0_GROUND_ONLY,independent_opportunities,requesting_terminal,d5b948e5bebef24d1011624fd0d78e5eb77f843db85ac7c349575eba21764960,181,0,0.0,False,False
24/8/1,1,VEHICLE_MOUNTED,COMBINED_DEGRADED,MT4_PERSISTENT_MONITORING,0,A1_COMPRESSED_FULL,independent_opportunities,requesting_terminal,d5b948e5bebef24d1011624fd0d78e5eb77f843db85ac7c349575eba21764960,181,94,0.5193370165745856,False,False
24/8/1,1,VEHICLE_MOUNTED,COMBINED_DEGRADED,MT4_PERSISTENT_MONITORING,0,A2_QUICKLOOK_FIRST,independent_opportunities,requesting_terminal,d5b948e5bebef24d1011624fd0d78e5eb77f843db85ac7c349575eba21764960,181,0,0.0,False,False
24/8/1,1,VEHICLE_MOUNTED,COMBINED_DEGRADED,MT4_PERSISTENT_MONITORING,0,A3_ROI_FIRST,independent_opportunities,requesting_terminal,d5b948e5bebef24d1011624fd0d78e5eb77f843db85ac7c349575eba21764960,181,0,0.0,False,False
24/8/1,1,VEHICLE_MOUNTED,COMBINED_DEGRADED,MT4_PERSISTENT_MONITORING,0,A4_PROGRESSIVE,independent_opportunities,requesting_terminal,d5b948e5bebef24d1011624fd0d78e5eb77f843db85ac7c349575eba21764960,181,106,0.585635359116022,False,False
24/8/1,1,VEHICLE_MOUNTED,COMBINED_DEGRADED,MT4_PERSISTENT_MONITORING,0,A5_CONTACT_AWARE,independent_opportunities,requesting_terminal,d5b948e5bebef24d1011624fd0d78e5eb77f843db85ac7c349575eba21764960,181,94,0.5193370165745856,False,False
24/8/1,1,VEHICLE_MOUNTED,COMBINED_DEGRADED,MT4_PERSISTENT_MONITORING,0,A6_THREAD_AWARE_PRIORITY,independent_opportunities,requesting_terminal,d5b948e5bebef24d1011624fd0d78e5eb77f843db85ac7c349575eba21764960,181,106,0.585635359116022,False,False
24/8/1,1,VEHICLE_MOUNTED,COMBINED_DEGRADED,MT4_PERSISTENT_MONITORING,1,A0_GROUND_ONLY,independent_opportunities,requesting_terminal,6299fe6b76f84c04b229d6e8c08870764ea3e98c3a4ea254f2e7e3ba9bd1f7f8,181,0,0.0,False,False
24/8/1,1,VEHICLE_MOUNTED,COMBINED_DEGRADED,MT4_PERSISTENT_MONITORING,1,A1_COMPRESSED_FULL,independent_opportunities,requesting_terminal,6299fe6b76f84c04b229d6e8c08870764ea3e98c3a4ea254f2e7e3ba9bd1f7f8,181,99,0.5469613259668509,False,False
24/8/1,1,VEHICLE_MOUNTED,COMBINED_DEGRADED,MT4_PERSISTENT_MONITORING,1,A2_QUICKLOOK_FIRST,independent_opportunities,requesting_terminal,6299fe6b76f84c04b229d6e8c08870764ea3e98c3a4ea254f2e7e3ba9bd1f7f8,181,0,0.0,False,False
24/8/1,1,VEHICLE_MOUNTED,COMBINED_DEGRADED,MT4_PERSISTENT_MONITORING,1,A3_ROI_FIRST,independent_opportunities,requesting_terminal,6299fe6b76f84c04b229d6e8c08870764ea3e98c3a4ea254f2e7e3ba9bd1f7f8,181,0,0.0,False,False
24/8/1,1,VEHICLE_MOUNTED,COMBINED_DEGRADED,MT4_PERSISTENT_MONITORING,1,A4_PROGRESSIVE,independent_opportunities,requesting_terminal,6299fe6b76f84c04b229d6e8c08870764ea3e98c3a4ea254f2e7e3ba9bd1f7f8,181,115,0.6353591160220995,False,False
24/8/1,1,VEHICLE_MOUNTED,COMBINED_DEGRADED,MT4_PERSISTENT_MONITORING,1,A5_CONTACT_AWARE,independent_opportunities,requesting_terminal,6299fe6b76f84c04b229d6e8c08870764ea3e98c3a4ea254f2e7e3ba9bd1f7f8,181,99,0.5469613259668509,False,False
24/8/1,1,VEHICLE_MOUNTED,COMBINED_DEGRADED,MT4_PERSISTENT_MONITORING,1,A6_THREAD_AWARE_PRIORITY,independent_opportunities,requesting_terminal,6299fe6b76f84c04b229d6e8c08870764ea3e98c3a4ea254f2e7e3ba9bd1f7f8,181,115,0.6353591160220995,False,False
24/8/1,1,VEHICLE_MOUNTED,COMBINED_DEGRADED,MT4_PERSISTENT_MONITORING,2,A0_GROUND_ONLY,independent_opportunities,requesting_terminal,6eb5e35bf3392b428e0b83572ef964c379c576410e20e96dec400cee70c9a67a,181,0,0.0,False,False
24/8/1,1,VEHICLE_MOUNTED,COMBINED_DEGRADED,MT4_PERSISTENT_MONITORING,2,A1_COMPRESSED_FULL,independent_opportunities,requesting_terminal,6eb5e35bf3392b428e0b83572ef964c379c576410e20e96dec400cee70c9a67a,181,91,0.5027624309392266,False,False
24/8/1,1,VEHICLE_MOUNTED,COMBINED_DEGRADED,MT4_PERSISTENT_MONITORING,2,A2_QUICKLOOK_FIRST,independent_opportunities,requesting_terminal,6eb5e35bf3392b428e0b83572ef964c379c576410e20e96dec400cee70c9a67a,181,0,0.0,False,False
24/8/1,1,VEHICLE_MOUNTED,COMBINED_DEGRADED,MT4_PERSISTENT_MONITORING,2,A3_ROI_FIRST,independent_opportunities,requesting_terminal,6eb5e35bf3392b428e0b83572ef964c379c576410e20e96dec400cee70c9a67a,181,0,0.0,False,False
24/8/1,1,VEHICLE_MOUNTED,COMBINED_DEGRADED,MT4_PERSISTENT_MONITORING,2,A4_PROGRESSIVE,independent_opportunities,requesting_terminal,6eb5e35bf3392b428e0b83572ef964c379c576410e20e96dec400cee70c9a67a,181,107,0.5911602209944752,False,False
24/8/1,1,VEHICLE_MOUNTED,COMBINED_DEGRADED,MT4_PERSISTENT_MONITORING,2,A5_CONTACT_AWARE,independent_opportunities,requesting_terminal,6eb5e35bf3392b428e0b83572ef964c379c576410e20e96dec400cee70c9a67a,181,91,0.5027624309392266,False,False
24/8/1,1,VEHICLE_MOUNTED,COMBINED_DEGRADED,MT4_PERSISTENT_MONITORING,2,A6_THREAD_AWARE_PRIORITY,independent_opportunities,requesting_terminal,6eb5e35bf3392b428e0b83572ef964c379c576410e20e96dec400cee70c9a67a,181,107,0.5911602209944752,False,False
24/8/1,1,VEHICLE_MOUNTED,COMBINED_DEGRADED,MT4_PERSISTENT_MONITORING,3,A0_GROUND_ONLY,independent_opportunities,requesting_terminal,b5b6593ee04c910f42027460a2c8333f843b8872e9f67ac798aa6881224f4267,181,0,0.0,False,False
24/8/1,1,VEHICLE_MOUNTED,COMBINED_DEGRADED,MT4_PERSISTENT_MONITORING,3,A1_COMPRESSED_FULL,independent_opportunities,requesting_terminal,b5b6593ee04c910f42027460a2c8333f843b8872e9f67ac798aa6881224f4267,181,93,0.5138121546961326,False,False
24/8/1,1,VEHICLE_MOUNTED,COMBINED_DEGRADED,MT4_PERSISTENT_MONITORING,3,A2_QUICKLOOK_FIRST,independent_opportunities,requesting_terminal,b5b6593ee04c910f42027460a2c8333f843b8872e9f67ac798aa6881224f4267,181,0,0.0,False,False
24/8/1,1,VEHICLE_MOUNTED,COMBINED_DEGRADED,MT4_PERSISTENT_MONITORING,3,A3_ROI_FIRST,independent_opportunities,requesting_terminal,b5b6593ee04c910f42027460a2c8333f843b8872e9f67ac798aa6881224f4267,181,0,0.0,False,False
24/8/1,1,VEHICLE_MOUNTED,COMBINED_DEGRADED,MT4_PERSISTENT_MONITORING,3,A4_PROGRESSIVE,independent_opportunities,requesting_terminal,b5b6593ee04c910f42027460a2c8333f843b8872e9f67ac798aa6881224f4267,181,106,0.585635359116022,False,False
24/8/1,1,VEHICLE_MOUNTED,COMBINED_DEGRADED,MT4_PERSISTENT_MONITORING,3,A5_CONTACT_AWARE,independent_opportunities,requesting_terminal,b5b6593ee04c910f42027460a2c8333f843b8872e9f67ac798aa6881224f4267,181,93,0.5138121546961326,False,False
24/8/1,1,VEHICLE_MOUNTED,COMBINED_DEGRADED,MT4_PERSISTENT_MONITORING,3,A6_THREAD_AWARE_PRIORITY,independent_opportunities,requesting_terminal,b5b6593ee04c910f42027460a2c8333f843b8872e9f67ac798aa6881224f4267,181,106,0.585635359116022,False,False
24/8/1,1,VEHICLE_MOUNTED,COMBINED_DEGRADED,MT4_PERSISTENT_MONITORING,4,A0_GROUND_ONLY,independent_opportunities,requesting_terminal,b73fb8cd29843ce77bc25d1655dabb0573989e3ce8110d8f06603d27dbe66035,181,0,0.0,False,False
24/8/1,1,VEHICLE_MOUNTED,COMBINED_DEGRADED,MT4_PERSISTENT_MONITORING,4,A1_COMPRESSED_FULL,independent_opportunities,requesting_terminal,b73fb8cd29843ce77bc25d1655dabb0573989e3ce8110d8f06603d27dbe66035,181,83,0.4585635359116022,False,False
24/8/1,1,VEHICLE_MOUNTED,COMBINED_DEGRADED,MT4_PERSISTENT_MONITORING,4,A2_QUICKLOOK_FIRST,independent_opportunities,requesting_terminal,b73fb8cd29843ce77bc25d1655dabb0573989e3ce8110d8f06603d27dbe66035,181,0,0.0,False,False
24/8/1,1,VEHICLE_MOUNTED,COMBINED_DEGRADED,MT4_PERSISTENT_MONITORING,4,A3_ROI_FIRST,independent_opportunities,requesting_terminal,b73fb8cd29843ce77bc25d1655dabb0573989e3ce8110d8f06603d27dbe66035,181,0,0.0,False,False
24/8/1,1,VEHICLE_MOUNTED,COMBINED_DEGRADED,MT4_PERSISTENT_MONITORING,4,A4_PROGRESSIVE,independent_opportunities,requesting_terminal,b73fb8cd29843ce77bc25d1655dabb0573989e3ce8110d8f06603d27dbe66035,181,96,0.5303867403314917,False,False
24/8/1,1,VEHICLE_MOUNTED,COMBINED_DEGRADED,MT4_PERSISTENT_MONITORING,4,A5_CONTACT_AWARE,independent_opportunities,requesting_terminal,b73fb8cd29843ce77bc25d1655dabb0573989e3ce8110d8f06603d27dbe66035,181,83,0.4585635359116022,False,False
24/8/1,1,VEHICLE_MOUNTED,COMBINED_DEGRADED,MT4_PERSISTENT_MONITORING,4,A6_THREAD_AWARE_PRIORITY,independent_opportunities,requesting_terminal,b73fb8cd29843ce77bc25d1655dabb0573989e3ce8110d8f06603d27dbe66035,181,96,0.5303867403314917,False,False
24/8/1,1,VEHICLE_MOUNTED,COMBINED_DEGRADED,MT4_PERSISTENT_MONITORING,5,A0_GROUND_ONLY,independent_opportunities,requesting_terminal,c9f3ce6eabe9c4a16b27ae9981f9f520b4e7824377fe6e5e336e2f293125f7bd,181,0,0.0,False,False
24/8/1,1,VEHICLE_MOUNTED,COMBINED_DEGRADED,MT4_PERSISTENT_MONITORING,5,A1_COMPRESSED_FULL,independent_opportunities,requesting_terminal,c9f3ce6eabe9c4a16b27ae9981f9f520b4e7824377fe6e5e336e2f293125f7bd,181,92,0.5082872928176796,False,False
24/8/1,1,VEHICLE_MOUNTED,COMBINED_DEGRADED,MT4_PERSISTENT_MONITORING,5,A2_QUICKLOOK_FIRST,independent_opportunities,requesting_terminal,c9f3ce6eabe9c4a16b27ae9981f9f520b4e7824377fe6e5e336e2f293125f7bd,181,0,0.0,False,False
24/8/1,1,VEHICLE_MOUNTED,COMBINED_DEGRADED,MT4_PERSISTENT_MONITORING,5,A3_ROI_FIRST,independent_opportunities,requesting_terminal,c9f3ce6eabe9c4a16b27ae9981f9f520b4e7824377fe6e5e336e2f293125f7bd,181,0,0.0,False,False
24/8/1,1,VEHICLE_MOUNTED,COMBINED_DEGRADED,MT4_PERSISTENT_MONITORING,5,A4_PROGRESSIVE,independent_opportunities,requesting_terminal,c9f3ce6eabe9c4a16b27ae9981f9f520b4e7824377fe6e5e336e2f293125f7bd,181,107,0.5911602209944752,False,False
24/8/1,1,VEHICLE_MOUNTED,COMBINED_DEGRADED,MT4_PERSISTENT_MONITORING,5,A5_CONTACT_AWARE,independent_opportunities,requesting_terminal,c9f3ce6eabe9c4a16b27ae9981f9f520b4e7824377fe6e5e336e2f293125f7bd,181,92,0.5082872928176796,False,False
24/8/1,1,VEHICLE_MOUNTED,COMBINED_DEGRADED,MT4_PERSISTENT_MONITORING,5,A6_THREAD_AWARE_PRIORITY,independent_opportunities,requesting_terminal,c9f3ce6eabe9c4a16b27ae9981f9f520b4e7824377fe6e5e336e2f293125f7bd,181,107,0.5911602209944752,False,False
24/8/1,1,DISMOUNTED_MANPACK,NOMINAL,MT4_PERSISTENT_MONITORING,0,A0_GROUND_ONLY,independent_opportunities,requesting_terminal,324b79a5009071ba9ccc7798993310cd6586a34f5f3510b1e0d2f52456a31157,181,0,0.0,False,False
24/8/1,1,DISMOUNTED_MANPACK,NOMINAL,MT4_PERSISTENT_MONITORING,0,A1_COMPRESSED_FULL,independent_opportunities,requesting_terminal,324b79a5009071ba9ccc7798993310cd6586a34f5f3510b1e0d2f52456a31157,181,0,0.0,False,False
24/8/1,1,DISMOUNTED_MANPACK,NOMINAL,MT4_PERSISTENT_MONITORING,0,A2_QUICKLOOK_FIRST,independent_opportunities,requesting_terminal,324b79a5009071ba9ccc7798993310cd6586a34f5f3510b1e0d2f52456a31157,181,0,0.0,False,False
24/8/1,1,DISMOUNTED_MANPACK,NOMINAL,MT4_PERSISTENT_MONITORING,0,A3_ROI_FIRST,independent_opportunities,requesting_terminal,324b79a5009071ba9ccc7798993310cd6586a34f5f3510b1e0d2f52456a31157,181,0,0.0,False,False
24/8/1,1,DISMOUNTED_MANPACK,NOMINAL,MT4_PERSISTENT_MONITORING,0,A4_PROGRESSIVE,independent_opportunities,requesting_terminal,324b79a5009071ba9ccc7798993310cd6586a34f5f3510b1e0d2f52456a31157,181,150,0.8287292817679558,False,True
24/8/1,1,DISMOUNTED_MANPACK,NOMINAL,MT4_PERSISTENT_MONITORING,0,A5_CONTACT_AWARE,independent_opportunities,requesting_terminal,324b79a5009071ba9ccc7798993310cd6586a34f5f3510b1e0d2f52456a31157,181,0,0.0,False,False
24/8/1,1,DISMOUNTED_MANPACK,NOMINAL,MT4_PERSISTENT_MONITORING,0,A6_THREAD_AWARE_PRIORITY,independent_opportunities,requesting_terminal,324b79a5009071ba9ccc7798993310cd6586a34f5f3510b1e0d2f52456a31157,181,150,0.8287292817679558,False,True
24/8/1,1,DISMOUNTED_MANPACK,COMBINED_DEGRADED,MT4_PERSISTENT_MONITORING,0,A0_GROUND_ONLY,independent_opportunities,requesting_terminal,10364d11dca1f444adfbffb9f3e44e1065b94e15344d3440894b4d470f93895e,181,0,0.0,False,False
24/8/1,1,DISMOUNTED_MANPACK,COMBINED_DEGRADED,MT4_PERSISTENT_MONITORING,0,A1_COMPRESSED_FULL,independent_opportunities,requesting_terminal,10364d11dca1f444adfbffb9f3e44e1065b94e15344d3440894b4d470f93895e,181,0,0.0,False,False
24/8/1,1,DISMOUNTED_MANPACK,COMBINED_DEGRADED,MT4_PERSISTENT_MONITORING,0,A2_QUICKLOOK_FIRST,independent_opportunities,requesting_terminal,10364d11dca1f444adfbffb9f3e44e1065b94e15344d3440894b4d470f93895e,181,0,0.0,False,False
24/8/1,1,DISMOUNTED_MANPACK,COMBINED_DEGRADED,MT4_PERSISTENT_MONITORING,0,A3_ROI_FIRST,independent_opportunities,requesting_terminal,10364d11dca1f444adfbffb9f3e44e1065b94e15344d3440894b4d470f93895e,181,0,0.0,False,False
24/8/1,1,DISMOUNTED_MANPACK,COMBINED_DEGRADED,MT4_PERSISTENT_MONITORING,0,A4_PROGRESSIVE,independent_opportunities,requesting_terminal,10364d11dca1f444adfbffb9f3e44e1065b94e15344d3440894b4d470f93895e,181,112,0.6187845303867403,False,False
24/8/1,1,DISMOUNTED_MANPACK,COMBINED_DEGRADED,MT4_PERSISTENT_MONITORING,0,A5_CONTACT_AWARE,independent_opportunities,requesting_terminal,10364d11dca1f444adfbffb9f3e44e1065b94e15344d3440894b4d470f93895e,181,0,0.0,False,False
24/8/1,1,DISMOUNTED_MANPACK,COMBINED_DEGRADED,MT4_PERSISTENT_MONITORING,0,A6_THREAD_AWARE_PRIORITY,independent_opportunities,requesting_terminal,10364d11dca1f444adfbffb9f3e44e1065b94e15344d3440894b4d470f93895e,181,112,0.6187845303867403,False,False
24/8/1,1,DISMOUNTED_MANPACK,COMBINED_DEGRADED,MT4_PERSISTENT_MONITORING,1,A0_GROUND_ONLY,independent_opportunities,requesting_terminal,4138a0fe19c0a4e04a6cd1e694d6add15eb2aef95a5bff27da9eb48ee182dd6c,181,0,0.0,False,False
24/8/1,1,DISMOUNTED_MANPACK,COMBINED_DEGRADED,MT4_PERSISTENT_MONITORING,1,A1_COMPRESSED_FULL,independent_opportunities,requesting_terminal,4138a0fe19c0a4e04a6cd1e694d6add15eb2aef95a5bff27da9eb48ee182dd6c,181,0,0.0,False,False
24/8/1,1,DISMOUNTED_MANPACK,COMBINED_DEGRADED,MT4_PERSISTENT_MONITORING,1,A2_QUICKLOOK_FIRST,independent_opportunities,requesting_terminal,4138a0fe19c0a4e04a6cd1e694d6add15eb2aef95a5bff27da9eb48ee182dd6c,181,0,0.0,False,False
24/8/1,1,DISMOUNTED_MANPACK,COMBINED_DEGRADED,MT4_PERSISTENT_MONITORING,1,A3_ROI_FIRST,independent_opportunities,requesting_terminal,4138a0fe19c0a4e04a6cd1e694d6add15eb2aef95a5bff27da9eb48ee182dd6c,181,0,0.0,False,False
24/8/1,1,DISMOUNTED_MANPACK,COMBINED_DEGRADED,MT4_PERSISTENT_MONITORING,1,A4_PROGRESSIVE,independent_opportunities,requesting_terminal,4138a0fe19c0a4e04a6cd1e694d6add15eb2aef95a5bff27da9eb48ee182dd6c,181,99,0.5469613259668509,False,False
24/8/1,1,DISMOUNTED_MANPACK,COMBINED_DEGRADED,MT4_PERSISTENT_MONITORING,1,A5_CONTACT_AWARE,independent_opportunities,requesting_terminal,4138a0fe19c0a4e04a6cd1e694d6add15eb2aef95a5bff27da9eb48ee182dd6c,181,0,0.0,False,False
24/8/1,1,DISMOUNTED_MANPACK,COMBINED_DEGRADED,MT4_PERSISTENT_MONITORING,1,A6_THREAD_AWARE_PRIORITY,independent_opportunities,requesting_terminal,4138a0fe19c0a4e04a6cd1e694d6add15eb2aef95a5bff27da9eb48ee182dd6c,181,99,0.5469613259668509,False,False
24/8/1,1,DISMOUNTED_MANPACK,COMBINED_DEGRADED,MT4_PERSISTENT_MONITORING,2,A0_GROUND_ONLY,independent_opportunities,requesting_terminal,e39da2ffd52bf9b128a281ef0846fcd5fc533915888875143c2cbba762e3ab85,181,0,0.0,False,False
24/8/1,1,DISMOUNTED_MANPACK,COMBINED_DEGRADED,MT4_PERSISTENT_MONITORING,2,A1_COMPRESSED_FULL,independent_opportunities,requesting_terminal,e39da2ffd52bf9b128a281ef0846fcd5fc533915888875143c2cbba762e3ab85,181,0,0.0,False,False
24/8/1,1,DISMOUNTED_MANPACK,COMBINED_DEGRADED,MT4_PERSISTENT_MONITORING,2,A2_QUICKLOOK_FIRST,independent_opportunities,requesting_terminal,e39da2ffd52bf9b128a281ef0846fcd5fc533915888875143c2cbba762e3ab85,181,0,0.0,False,False
24/8/1,1,DISMOUNTED_MANPACK,COMBINED_DEGRADED,MT4_PERSISTENT_MONITORING,2,A3_ROI_FIRST,independent_opportunities,requesting_terminal,e39da2ffd52bf9b128a281ef0846fcd5fc533915888875143c2cbba762e3ab85,181,0,0.0,False,False
24/8/1,1,DISMOUNTED_MANPACK,COMBINED_DEGRADED,MT4_PERSISTENT_MONITORING,2,A4_PROGRESSIVE,independent_opportunities,requesting_terminal,e39da2ffd52bf9b128a281ef0846fcd5fc533915888875143c2cbba762e3ab85,181,100,0.5524861878453039,False,False
24/8/1,1,DISMOUNTED_MANPACK,COMBINED_DEGRADED,MT4_PERSISTENT_MONITORING,2,A5_CONTACT_AWARE,independent_opportunities,requesting_terminal,e39da2ffd52bf9b128a281ef0846fcd5fc533915888875143c2cbba762e3ab85,181,0,0.0,False,False
24/8/1,1,DISMOUNTED_MANPACK,COMBINED_DEGRADED,MT4_PERSISTENT_MONITORING,2,A6_THREAD_AWARE_PRIORITY,independent_opportunities,requesting_terminal,e39da2ffd52bf9b128a281ef0846fcd5fc533915888875143c2cbba762e3ab85,181,100,0.5524861878453039,False,False
24/8/1,1,DISMOUNTED_MANPACK,COMBINED_DEGRADED,MT4_PERSISTENT_MONITORING,3,A0_GROUND_ONLY,independent_opportunities,requesting_terminal,d2fe714478630d769d1fd59421b3c5a5f12d3e8f5426d86dfc0c8d9f48d6c4cc,181,0,0.0,False,False
24/8/1,1,DISMOUNTED_MANPACK,COMBINED_DEGRADED,MT4_PERSISTENT_MONITORING,3,A1_COMPRESSED_FULL,independent_opportunities,requesting_terminal,d2fe714478630d769d1fd59421b3c5a5f12d3e8f5426d86dfc0c8d9f48d6c4cc,181,0,0.0,False,False
24/8/1,1,DISMOUNTED_MANPACK,COMBINED_DEGRADED,MT4_PERSISTENT_MONITORING,3,A2_QUICKLOOK_FIRST,independent_opportunities,requesting_terminal,d2fe714478630d769d1fd59421b3c5a5f12d3e8f5426d86dfc0c8d9f48d6c4cc,181,0,0.0,False,False
24/8/1,1,DISMOUNTED_MANPACK,COMBINED_DEGRADED,MT4_PERSISTENT_MONITORING,3,A3_ROI_FIRST,independent_opportunities,requesting_terminal,d2fe714478630d769d1fd59421b3c5a5f12d3e8f5426d86dfc0c8d9f48d6c4cc,181,0,0.0,False,False
24/8/1,1,DISMOUNTED_MANPACK,COMBINED_DEGRADED,MT4_PERSISTENT_MONITORING,3,A4_PROGRESSIVE,independent_opportunities,requesting_terminal,d2fe714478630d769d1fd59421b3c5a5f12d3e8f5426d86dfc0c8d9f48d6c4cc,181,107,0.5911602209944752,False,False
24/8/1,1,DISMOUNTED_MANPACK,COMBINED_DEGRADED,MT4_PERSISTENT_MONITORING,3,A5_CONTACT_AWARE,independent_opportunities,requesting_terminal,d2fe714478630d769d1fd59421b3c5a5f12d3e8f5426d86dfc0c8d9f48d6c4cc,181,0,0.0,False,False
24/8/1,1,DISMOUNTED_MANPACK,COMBINED_DEGRADED,MT4_PERSISTENT_MONITORING,3,A6_THREAD_AWARE_PRIORITY,independent_opportunities,requesting_terminal,d2fe714478630d769d1fd59421b3c5a5f12d3e8f5426d86dfc0c8d9f48d6c4cc,181,107,0.5911602209944752,False,False
24/8/1,1,DISMOUNTED_MANPACK,COMBINED_DEGRADED,MT4_PERSISTENT_MONITORING,4,A0_GROUND_ONLY,independent_opportunities,requesting_terminal,988e0ca8f4e7edf4138f953b0074ff5ca61edac2042c771672f764c20d6d4035,181,0,0.0,False,False
24/8/1,1,DISMOUNTED_MANPACK,COMBINED_DEGRADED,MT4_PERSISTENT_MONITORING,4,A1_COMPRESSED_FULL,independent_opportunities,requesting_terminal,988e0ca8f4e7edf4138f953b0074ff5ca61edac2042c771672f764c20d6d4035,181,0,0.0,False,False
24/8/1,1,DISMOUNTED_MANPACK,COMBINED_DEGRADED,MT4_PERSISTENT_MONITORING,4,A2_QUICKLOOK_FIRST,independent_opportunities,requesting_terminal,988e0ca8f4e7edf4138f953b0074ff5ca61edac2042c771672f764c20d6d4035,181,0,0.0,False,False
24/8/1,1,DISMOUNTED_MANPACK,COMBINED_DEGRADED,MT4_PERSISTENT_MONITORING,4,A3_ROI_FIRST,independent_opportunities,requesting_terminal,988e0ca8f4e7edf4138f953b0074ff5ca61edac2042c771672f764c20d6d4035,181,0,0.0,False,False
24/8/1,1,DISMOUNTED_MANPACK,COMBINED_DEGRADED,MT4_PERSISTENT_MONITORING,4,A4_PROGRESSIVE,independent_opportunities,requesting_terminal,988e0ca8f4e7edf4138f953b0074ff5ca61edac2042c771672f764c20d6d4035,181,107,0.5911602209944752,False,False
24/8/1,1,DISMOUNTED_MANPACK,COMBINED_DEGRADED,MT4_PERSISTENT_MONITORING,4,A5_CONTACT_AWARE,independent_opportunities,requesting_terminal,988e0ca8f4e7edf4138f953b0074ff5ca61edac2042c771672f764c20d6d4035,181,0,0.0,False,False
24/8/1,1,DISMOUNTED_MANPACK,COMBINED_DEGRADED,MT4_PERSISTENT_MONITORING,4,A6_THREAD_AWARE_PRIORITY,independent_opportunities,requesting_terminal,988e0ca8f4e7edf4138f953b0074ff5ca61edac2042c771672f764c20d6d4035,181,107,0.5911602209944752,False,False
24/8/1,1,DISMOUNTED_MANPACK,COMBINED_DEGRADED,MT4_PERSISTENT_MONITORING,5,A0_GROUND_ONLY,independent_opportunities,requesting_terminal,6a3f8358f9b21d56da98079a65668d3568672501bc4f2ed66e03ccf5399faae7,181,0,0.0,False,False
24/8/1,1,DISMOUNTED_MANPACK,COMBINED_DEGRADED,MT4_PERSISTENT_MONITORING,5,A1_COMPRESSED_FULL,independent_opportunities,requesting_terminal,6a3f8358f9b21d56da98079a65668d3568672501bc4f2ed66e03ccf5399faae7,181,0,0.0,False,False
24/8/1,1,DISMOUNTED_MANPACK,COMBINED_DEGRADED,MT4_PERSISTENT_MONITORING,5,A2_QUICKLOOK_FIRST,independent_opportunities,requesting_terminal,6a3f8358f9b21d56da98079a65668d3568672501bc4f2ed66e03ccf5399faae7,181,0,0.0,False,False
24/8/1,1,DISMOUNTED_MANPACK,COMBINED_DEGRADED,MT4_PERSISTENT_MONITORING,5,A3_ROI_FIRST,independent_opportunities,requesting_terminal,6a3f8358f9b21d56da98079a65668d3568672501bc4f2ed66e03ccf5399faae7,181,0,0.0,False,False
24/8/1,1,DISMOUNTED_MANPACK,COMBINED_DEGRADED,MT4_PERSISTENT_MONITORING,5,A4_PROGRESSIVE,independent_opportunities,requesting_terminal,6a3f8358f9b21d56da98079a65668d3568672501bc4f2ed66e03ccf5399faae7,181,106,0.585635359116022,False,False
24/8/1,1,DISMOUNTED_MANPACK,COMBINED_DEGRADED,MT4_PERSISTENT_MONITORING,5,A5_CONTACT_AWARE,independent_opportunities,requesting_terminal,6a3f8358f9b21d56da98079a65668d3568672501bc4f2ed66e03ccf5399faae7,181,0,0.0,False,False
24/8/1,1,DISMOUNTED_MANPACK,COMBINED_DEGRADED,MT4_PERSISTENT_MONITORING,5,A6_THREAD_AWARE_PRIORITY,independent_opportunities,requesting_terminal,6a3f8358f9b21d56da98079a65668d3568672501bc4f2ed66e03ccf5399faae7,181,106,0.585635359116022,False,False
24/8/1,4,VEHICLE_MOUNTED,NOMINAL,MT4_PERSISTENT_MONITORING,0,A0_GROUND_ONLY,independent_opportunities,pooled_connected_receiver_zero_forwarding_delay,5be27c558f5ba1cfedf0104e39f09eaefd3c0902159aaa13346815289c3cc0b8,181,156,0.861878453038674,False,True
24/8/1,4,VEHICLE_MOUNTED,NOMINAL,MT4_PERSISTENT_MONITORING,0,A1_COMPRESSED_FULL,independent_opportunities,pooled_connected_receiver_zero_forwarding_delay,5be27c558f5ba1cfedf0104e39f09eaefd3c0902159aaa13346815289c3cc0b8,181,157,0.8674033149171271,False,True
24/8/1,4,VEHICLE_MOUNTED,NOMINAL,MT4_PERSISTENT_MONITORING,0,A2_QUICKLOOK_FIRST,independent_opportunities,pooled_connected_receiver_zero_forwarding_delay,5be27c558f5ba1cfedf0104e39f09eaefd3c0902159aaa13346815289c3cc0b8,181,156,0.861878453038674,False,True
24/8/1,4,VEHICLE_MOUNTED,NOMINAL,MT4_PERSISTENT_MONITORING,0,A3_ROI_FIRST,independent_opportunities,pooled_connected_receiver_zero_forwarding_delay,5be27c558f5ba1cfedf0104e39f09eaefd3c0902159aaa13346815289c3cc0b8,181,155,0.856353591160221,False,True
24/8/1,4,VEHICLE_MOUNTED,NOMINAL,MT4_PERSISTENT_MONITORING,0,A4_PROGRESSIVE,independent_opportunities,pooled_connected_receiver_zero_forwarding_delay,5be27c558f5ba1cfedf0104e39f09eaefd3c0902159aaa13346815289c3cc0b8,181,163,0.9005524861878453,False,True
24/8/1,4,VEHICLE_MOUNTED,NOMINAL,MT4_PERSISTENT_MONITORING,0,A5_CONTACT_AWARE,independent_opportunities,pooled_connected_receiver_zero_forwarding_delay,5be27c558f5ba1cfedf0104e39f09eaefd3c0902159aaa13346815289c3cc0b8,181,156,0.861878453038674,False,True
24/8/1,4,VEHICLE_MOUNTED,NOMINAL,MT4_PERSISTENT_MONITORING,0,A6_THREAD_AWARE_PRIORITY,independent_opportunities,pooled_connected_receiver_zero_forwarding_delay,5be27c558f5ba1cfedf0104e39f09eaefd3c0902159aaa13346815289c3cc0b8,181,163,0.9005524861878453,False,True
24/8/1,4,VEHICLE_MOUNTED,COMBINED_DEGRADED,MT4_PERSISTENT_MONITORING,0,A0_GROUND_ONLY,independent_opportunities,pooled_connected_receiver_zero_forwarding_delay,ddde546497c982caa5d314e61563f1faa2a3ff592802e0db639764cdbe1acbc3,181,0,0.0,False,False
24/8/1,4,VEHICLE_MOUNTED,COMBINED_DEGRADED,MT4_PERSISTENT_MONITORING,0,A1_COMPRESSED_FULL,independent_opportunities,pooled_connected_receiver_zero_forwarding_delay,ddde546497c982caa5d314e61563f1faa2a3ff592802e0db639764cdbe1acbc3,181,99,0.5469613259668509,False,False
24/8/1,4,VEHICLE_MOUNTED,COMBINED_DEGRADED,MT4_PERSISTENT_MONITORING,0,A2_QUICKLOOK_FIRST,independent_opportunities,pooled_connected_receiver_zero_forwarding_delay,ddde546497c982caa5d314e61563f1faa2a3ff592802e0db639764cdbe1acbc3,181,0,0.0,False,False
24/8/1,4,VEHICLE_MOUNTED,COMBINED_DEGRADED,MT4_PERSISTENT_MONITORING,0,A3_ROI_FIRST,independent_opportunities,pooled_connected_receiver_zero_forwarding_delay,ddde546497c982caa5d314e61563f1faa2a3ff592802e0db639764cdbe1acbc3,181,0,0.0,False,False
24/8/1,4,VEHICLE_MOUNTED,COMBINED_DEGRADED,MT4_PERSISTENT_MONITORING,0,A4_PROGRESSIVE,independent_opportunities,pooled_connected_receiver_zero_forwarding_delay,ddde546497c982caa5d314e61563f1faa2a3ff592802e0db639764cdbe1acbc3,181,102,0.56353591160221,False,False
24/8/1,4,VEHICLE_MOUNTED,COMBINED_DEGRADED,MT4_PERSISTENT_MONITORING,0,A5_CONTACT_AWARE,independent_opportunities,pooled_connected_receiver_zero_forwarding_delay,ddde546497c982caa5d314e61563f1faa2a3ff592802e0db639764cdbe1acbc3,181,98,0.5414364640883977,False,False
24/8/1,4,VEHICLE_MOUNTED,COMBINED_DEGRADED,MT4_PERSISTENT_MONITORING,0,A6_THREAD_AWARE_PRIORITY,independent_opportunities,pooled_connected_receiver_zero_forwarding_delay,ddde546497c982caa5d314e61563f1faa2a3ff592802e0db639764cdbe1acbc3,181,102,0.56353591160221,False,False
24/8/1,4,VEHICLE_MOUNTED,COMBINED_DEGRADED,MT4_PERSISTENT_MONITORING,1,A0_GROUND_ONLY,independent_opportunities,pooled_connected_receiver_zero_forwarding_delay,12bf1b1ec2a42c61b7a3b46889924be43587af39f01040344ade8816f27cf664,181,0,0.0,False,False
24/8/1,4,VEHICLE_MOUNTED,COMBINED_DEGRADED,MT4_PERSISTENT_MONITORING,1,A1_COMPRESSED_FULL,independent_opportunities,pooled_connected_receiver_zero_forwarding_delay,12bf1b1ec2a42c61b7a3b46889924be43587af39f01040344ade8816f27cf664,181,101,0.5580110497237569,False,False
24/8/1,4,VEHICLE_MOUNTED,COMBINED_DEGRADED,MT4_PERSISTENT_MONITORING,1,A2_QUICKLOOK_FIRST,independent_opportunities,pooled_connected_receiver_zero_forwarding_delay,12bf1b1ec2a42c61b7a3b46889924be43587af39f01040344ade8816f27cf664,181,0,0.0,False,False
24/8/1,4,VEHICLE_MOUNTED,COMBINED_DEGRADED,MT4_PERSISTENT_MONITORING,1,A3_ROI_FIRST,independent_opportunities,pooled_connected_receiver_zero_forwarding_delay,12bf1b1ec2a42c61b7a3b46889924be43587af39f01040344ade8816f27cf664,181,0,0.0,False,False
24/8/1,4,VEHICLE_MOUNTED,COMBINED_DEGRADED,MT4_PERSISTENT_MONITORING,1,A4_PROGRESSIVE,independent_opportunities,pooled_connected_receiver_zero_forwarding_delay,12bf1b1ec2a42c61b7a3b46889924be43587af39f01040344ade8816f27cf664,181,106,0.585635359116022,False,False
24/8/1,4,VEHICLE_MOUNTED,COMBINED_DEGRADED,MT4_PERSISTENT_MONITORING,1,A5_CONTACT_AWARE,independent_opportunities,pooled_connected_receiver_zero_forwarding_delay,12bf1b1ec2a42c61b7a3b46889924be43587af39f01040344ade8816f27cf664,181,101,0.5580110497237569,False,False
24/8/1,4,VEHICLE_MOUNTED,COMBINED_DEGRADED,MT4_PERSISTENT_MONITORING,1,A6_THREAD_AWARE_PRIORITY,independent_opportunities,pooled_connected_receiver_zero_forwarding_delay,12bf1b1ec2a42c61b7a3b46889924be43587af39f01040344ade8816f27cf664,181,106,0.585635359116022,False,False
24/8/1,4,VEHICLE_MOUNTED,COMBINED_DEGRADED,MT4_PERSISTENT_MONITORING,2,A0_GROUND_ONLY,independent_opportunities,pooled_connected_receiver_zero_forwarding_delay,66e88bbfcbfcda8c2dd517d82a9c32e9302a154093f27ea26b1316cf9017066e,181,0,0.0,False,False
24/8/1,4,VEHICLE_MOUNTED,COMBINED_DEGRADED,MT4_PERSISTENT_MONITORING,2,A1_COMPRESSED_FULL,independent_opportunities,pooled_connected_receiver_zero_forwarding_delay,66e88bbfcbfcda8c2dd517d82a9c32e9302a154093f27ea26b1316cf9017066e,181,109,0.6022099447513812,False,False
24/8/1,4,VEHICLE_MOUNTED,COMBINED_DEGRADED,MT4_PERSISTENT_MONITORING,2,A2_QUICKLOOK_FIRST,independent_opportunities,pooled_connected_receiver_zero_forwarding_delay,66e88bbfcbfcda8c2dd517d82a9c32e9302a154093f27ea26b1316cf9017066e,181,0,0.0,False,False
24/8/1,4,VEHICLE_MOUNTED,COMBINED_DEGRADED,MT4_PERSISTENT_MONITORING,2,A3_ROI_FIRST,independent_opportunities,pooled_connected_receiver_zero_forwarding_delay,66e88bbfcbfcda8c2dd517d82a9c32e9302a154093f27ea26b1316cf9017066e,181,0,0.0,False,False
24/8/1,4,VEHICLE_MOUNTED,COMBINED_DEGRADED,MT4_PERSISTENT_MONITORING,2,A4_PROGRESSIVE,independent_opportunities,pooled_connected_receiver_zero_forwarding_delay,66e88bbfcbfcda8c2dd517d82a9c32e9302a154093f27ea26b1316cf9017066e,181,112,0.6187845303867403,False,False
24/8/1,4,VEHICLE_MOUNTED,COMBINED_DEGRADED,MT4_PERSISTENT_MONITORING,2,A5_CONTACT_AWARE,independent_opportunities,pooled_connected_receiver_zero_forwarding_delay,66e88bbfcbfcda8c2dd517d82a9c32e9302a154093f27ea26b1316cf9017066e,181,108,0.5966850828729282,False,False
24/8/1,4,VEHICLE_MOUNTED,COMBINED_DEGRADED,MT4_PERSISTENT_MONITORING,2,A6_THREAD_AWARE_PRIORITY,independent_opportunities,pooled_connected_receiver_zero_forwarding_delay,66e88bbfcbfcda8c2dd517d82a9c32e9302a154093f27ea26b1316cf9017066e,181,112,0.6187845303867403,False,False
24/8/1,4,VEHICLE_MOUNTED,COMBINED_DEGRADED,MT4_PERSISTENT_MONITORING,3,A0_GROUND_ONLY,independent_opportunities,pooled_connected_receiver_zero_forwarding_delay,ff9e3ca2d9293c25361227721c2f34052c15abc3ab5923d88dd8b15491817ec1,181,0,0.0,False,False
24/8/1,4,VEHICLE_MOUNTED,COMBINED_DEGRADED,MT4_PERSISTENT_MONITORING,3,A1_COMPRESSED_FULL,independent_opportunities,pooled_connected_receiver_zero_forwarding_delay,ff9e3ca2d9293c25361227721c2f34052c15abc3ab5923d88dd8b15491817ec1,181,108,0.5966850828729282,False,False
24/8/1,4,VEHICLE_MOUNTED,COMBINED_DEGRADED,MT4_PERSISTENT_MONITORING,3,A2_QUICKLOOK_FIRST,independent_opportunities,pooled_connected_receiver_zero_forwarding_delay,ff9e3ca2d9293c25361227721c2f34052c15abc3ab5923d88dd8b15491817ec1,181,0,0.0,False,False
24/8/1,4,VEHICLE_MOUNTED,COMBINED_DEGRADED,MT4_PERSISTENT_MONITORING,3,A3_ROI_FIRST,independent_opportunities,pooled_connected_receiver_zero_forwarding_delay,ff9e3ca2d9293c25361227721c2f34052c15abc3ab5923d88dd8b15491817ec1,181,0,0.0,False,False
24/8/1,4,VEHICLE_MOUNTED,COMBINED_DEGRADED,MT4_PERSISTENT_MONITORING,3,A4_PROGRESSIVE,independent_opportunities,pooled_connected_receiver_zero_forwarding_delay,ff9e3ca2d9293c25361227721c2f34052c15abc3ab5923d88dd8b15491817ec1,181,112,0.6187845303867403,False,False
24/8/1,4,VEHICLE_MOUNTED,COMBINED_DEGRADED,MT4_PERSISTENT_MONITORING,3,A5_CONTACT_AWARE,independent_opportunities,pooled_connected_receiver_zero_forwarding_delay,ff9e3ca2d9293c25361227721c2f34052c15abc3ab5923d88dd8b15491817ec1,181,107,0.5911602209944752,False,False
24/8/1,4,VEHICLE_MOUNTED,COMBINED_DEGRADED,MT4_PERSISTENT_MONITORING,3,A6_THREAD_AWARE_PRIORITY,independent_opportunities,pooled_connected_receiver_zero_forwarding_delay,ff9e3ca2d9293c25361227721c2f34052c15abc3ab5923d88dd8b15491817ec1,181,112,0.6187845303867403,False,False
24/8/1,4,VEHICLE_MOUNTED,COMBINED_DEGRADED,MT4_PERSISTENT_MONITORING,4,A0_GROUND_ONLY,independent_opportunities,pooled_connected_receiver_zero_forwarding_delay,418fb53d409f1be35e202f937a4420c50f17f6018132cb94457c475a8b9042b8,181,0,0.0,False,False
24/8/1,4,VEHICLE_MOUNTED,COMBINED_DEGRADED,MT4_PERSISTENT_MONITORING,4,A1_COMPRESSED_FULL,independent_opportunities,pooled_connected_receiver_zero_forwarding_delay,418fb53d409f1be35e202f937a4420c50f17f6018132cb94457c475a8b9042b8,181,109,0.6022099447513812,False,False
24/8/1,4,VEHICLE_MOUNTED,COMBINED_DEGRADED,MT4_PERSISTENT_MONITORING,4,A2_QUICKLOOK_FIRST,independent_opportunities,pooled_connected_receiver_zero_forwarding_delay,418fb53d409f1be35e202f937a4420c50f17f6018132cb94457c475a8b9042b8,181,0,0.0,False,False
24/8/1,4,VEHICLE_MOUNTED,COMBINED_DEGRADED,MT4_PERSISTENT_MONITORING,4,A3_ROI_FIRST,independent_opportunities,pooled_connected_receiver_zero_forwarding_delay,418fb53d409f1be35e202f937a4420c50f17f6018132cb94457c475a8b9042b8,181,0,0.0,False,False
24/8/1,4,VEHICLE_MOUNTED,COMBINED_DEGRADED,MT4_PERSISTENT_MONITORING,4,A4_PROGRESSIVE,independent_opportunities,pooled_connected_receiver_zero_forwarding_delay,418fb53d409f1be35e202f937a4420c50f17f6018132cb94457c475a8b9042b8,181,112,0.6187845303867403,False,False
24/8/1,4,VEHICLE_MOUNTED,COMBINED_DEGRADED,MT4_PERSISTENT_MONITORING,4,A5_CONTACT_AWARE,independent_opportunities,pooled_connected_receiver_zero_forwarding_delay,418fb53d409f1be35e202f937a4420c50f17f6018132cb94457c475a8b9042b8,181,109,0.6022099447513812,False,False
24/8/1,4,VEHICLE_MOUNTED,COMBINED_DEGRADED,MT4_PERSISTENT_MONITORING,4,A6_THREAD_AWARE_PRIORITY,independent_opportunities,pooled_connected_receiver_zero_forwarding_delay,418fb53d409f1be35e202f937a4420c50f17f6018132cb94457c475a8b9042b8,181,112,0.6187845303867403,False,False
24/8/1,4,VEHICLE_MOUNTED,COMBINED_DEGRADED,MT4_PERSISTENT_MONITORING,5,A0_GROUND_ONLY,independent_opportunities,pooled_connected_receiver_zero_forwarding_delay,a29923f875234243effd514ea4b3aed69736b62291a0ac1f682d3dacc3c075e8,181,0,0.0,False,False
24/8/1,4,VEHICLE_MOUNTED,COMBINED_DEGRADED,MT4_PERSISTENT_MONITORING,5,A1_COMPRESSED_FULL,independent_opportunities,pooled_connected_receiver_zero_forwarding_delay,a29923f875234243effd514ea4b3aed69736b62291a0ac1f682d3dacc3c075e8,181,109,0.6022099447513812,False,False
24/8/1,4,VEHICLE_MOUNTED,COMBINED_DEGRADED,MT4_PERSISTENT_MONITORING,5,A2_QUICKLOOK_FIRST,independent_opportunities,pooled_connected_receiver_zero_forwarding_delay,a29923f875234243effd514ea4b3aed69736b62291a0ac1f682d3dacc3c075e8,181,0,0.0,False,False
24/8/1,4,VEHICLE_MOUNTED,COMBINED_DEGRADED,MT4_PERSISTENT_MONITORING,5,A3_ROI_FIRST,independent_opportunities,pooled_connected_receiver_zero_forwarding_delay,a29923f875234243effd514ea4b3aed69736b62291a0ac1f682d3dacc3c075e8,181,0,0.0,False,False
24/8/1,4,VEHICLE_MOUNTED,COMBINED_DEGRADED,MT4_PERSISTENT_MONITORING,5,A4_PROGRESSIVE,independent_opportunities,pooled_connected_receiver_zero_forwarding_delay,a29923f875234243effd514ea4b3aed69736b62291a0ac1f682d3dacc3c075e8,181,114,0.6298342541436464,False,False
24/8/1,4,VEHICLE_MOUNTED,COMBINED_DEGRADED,MT4_PERSISTENT_MONITORING,5,A5_CONTACT_AWARE,independent_opportunities,pooled_connected_receiver_zero_forwarding_delay,a29923f875234243effd514ea4b3aed69736b62291a0ac1f682d3dacc3c075e8,181,109,0.6022099447513812,False,False
24/8/1,4,VEHICLE_MOUNTED,COMBINED_DEGRADED,MT4_PERSISTENT_MONITORING,5,A6_THREAD_AWARE_PRIORITY,independent_opportunities,pooled_connected_receiver_zero_forwarding_delay,a29923f875234243effd514ea4b3aed69736b62291a0ac1f682d3dacc3c075e8,181,114,0.6298342541436464,False,False
24/8/1,4,DISMOUNTED_MANPACK,NOMINAL,MT4_PERSISTENT_MONITORING,0,A0_GROUND_ONLY,independent_opportunities,pooled_connected_receiver_zero_forwarding_delay,c25eb545ba488cdbce3441ef86e728e428199048cef44a60f5d9dd04b21ef31e,181,0,0.0,False,False
24/8/1,4,DISMOUNTED_MANPACK,NOMINAL,MT4_PERSISTENT_MONITORING,0,A1_COMPRESSED_FULL,independent_opportunities,pooled_connected_receiver_zero_forwarding_delay,c25eb545ba488cdbce3441ef86e728e428199048cef44a60f5d9dd04b21ef31e,181,0,0.0,False,False
24/8/1,4,DISMOUNTED_MANPACK,NOMINAL,MT4_PERSISTENT_MONITORING,0,A2_QUICKLOOK_FIRST,independent_opportunities,pooled_connected_receiver_zero_forwarding_delay,c25eb545ba488cdbce3441ef86e728e428199048cef44a60f5d9dd04b21ef31e,181,0,0.0,False,False
24/8/1,4,DISMOUNTED_MANPACK,NOMINAL,MT4_PERSISTENT_MONITORING,0,A3_ROI_FIRST,independent_opportunities,pooled_connected_receiver_zero_forwarding_delay,c25eb545ba488cdbce3441ef86e728e428199048cef44a60f5d9dd04b21ef31e,181,0,0.0,False,False
24/8/1,4,DISMOUNTED_MANPACK,NOMINAL,MT4_PERSISTENT_MONITORING,0,A4_PROGRESSIVE,independent_opportunities,pooled_connected_receiver_zero_forwarding_delay,c25eb545ba488cdbce3441ef86e728e428199048cef44a60f5d9dd04b21ef31e,181,163,0.9005524861878453,False,True
24/8/1,4,DISMOUNTED_MANPACK,NOMINAL,MT4_PERSISTENT_MONITORING,0,A5_CONTACT_AWARE,independent_opportunities,pooled_connected_receiver_zero_forwarding_delay,c25eb545ba488cdbce3441ef86e728e428199048cef44a60f5d9dd04b21ef31e,181,0,0.0,False,False
24/8/1,4,DISMOUNTED_MANPACK,NOMINAL,MT4_PERSISTENT_MONITORING,0,A6_THREAD_AWARE_PRIORITY,independent_opportunities,pooled_connected_receiver_zero_forwarding_delay,c25eb545ba488cdbce3441ef86e728e428199048cef44a60f5d9dd04b21ef31e,181,163,0.9005524861878453,False,True
24/8/1,4,DISMOUNTED_MANPACK,COMBINED_DEGRADED,MT4_PERSISTENT_MONITORING,0,A0_GROUND_ONLY,independent_opportunities,pooled_connected_receiver_zero_forwarding_delay,75d33cb55e9b1f60c037634323fd288e084aa8a5b1d9b3e845d0a429fe3ad39e,181,0,0.0,False,False
24/8/1,4,DISMOUNTED_MANPACK,COMBINED_DEGRADED,MT4_PERSISTENT_MONITORING,0,A1_COMPRESSED_FULL,independent_opportunities,pooled_connected_receiver_zero_forwarding_delay,75d33cb55e9b1f60c037634323fd288e084aa8a5b1d9b3e845d0a429fe3ad39e,181,0,0.0,False,False
24/8/1,4,DISMOUNTED_MANPACK,COMBINED_DEGRADED,MT4_PERSISTENT_MONITORING,0,A2_QUICKLOOK_FIRST,independent_opportunities,pooled_connected_receiver_zero_forwarding_delay,75d33cb55e9b1f60c037634323fd288e084aa8a5b1d9b3e845d0a429fe3ad39e,181,0,0.0,False,False
24/8/1,4,DISMOUNTED_MANPACK,COMBINED_DEGRADED,MT4_PERSISTENT_MONITORING,0,A3_ROI_FIRST,independent_opportunities,pooled_connected_receiver_zero_forwarding_delay,75d33cb55e9b1f60c037634323fd288e084aa8a5b1d9b3e845d0a429fe3ad39e,181,0,0.0,False,False
24/8/1,4,DISMOUNTED_MANPACK,COMBINED_DEGRADED,MT4_PERSISTENT_MONITORING,0,A4_PROGRESSIVE,independent_opportunities,pooled_connected_receiver_zero_forwarding_delay,75d33cb55e9b1f60c037634323fd288e084aa8a5b1d9b3e845d0a429fe3ad39e,181,108,0.5966850828729282,False,False
24/8/1,4,DISMOUNTED_MANPACK,COMBINED_DEGRADED,MT4_PERSISTENT_MONITORING,0,A5_CONTACT_AWARE,independent_opportunities,pooled_connected_receiver_zero_forwarding_delay,75d33cb55e9b1f60c037634323fd288e084aa8a5b1d9b3e845d0a429fe3ad39e,181,0,0.0,False,False
24/8/1,4,DISMOUNTED_MANPACK,COMBINED_DEGRADED,MT4_PERSISTENT_MONITORING,0,A6_THREAD_AWARE_PRIORITY,independent_opportunities,pooled_connected_receiver_zero_forwarding_delay,75d33cb55e9b1f60c037634323fd288e084aa8a5b1d9b3e845d0a429fe3ad39e,181,108,0.5966850828729282,False,False
24/8/1,4,DISMOUNTED_MANPACK,COMBINED_DEGRADED,MT4_PERSISTENT_MONITORING,1,A0_GROUND_ONLY,independent_opportunities,pooled_connected_receiver_zero_forwarding_delay,aa3d037d9e17c5175eca59851eb27f5659c4910f6d3f551301e6cd92597af20c,181,0,0.0,False,False
24/8/1,4,DISMOUNTED_MANPACK,COMBINED_DEGRADED,MT4_PERSISTENT_MONITORING,1,A1_COMPRESSED_FULL,independent_opportunities,pooled_connected_receiver_zero_forwarding_delay,aa3d037d9e17c5175eca59851eb27f5659c4910f6d3f551301e6cd92597af20c,181,0,0.0,False,False
24/8/1,4,DISMOUNTED_MANPACK,COMBINED_DEGRADED,MT4_PERSISTENT_MONITORING,1,A2_QUICKLOOK_FIRST,independent_opportunities,pooled_connected_receiver_zero_forwarding_delay,aa3d037d9e17c5175eca59851eb27f5659c4910f6d3f551301e6cd92597af20c,181,0,0.0,False,False
24/8/1,4,DISMOUNTED_MANPACK,COMBINED_DEGRADED,MT4_PERSISTENT_MONITORING,1,A3_ROI_FIRST,independent_opportunities,pooled_connected_receiver_zero_forwarding_delay,aa3d037d9e17c5175eca59851eb27f5659c4910f6d3f551301e6cd92597af20c,181,0,0.0,False,False
24/8/1,4,DISMOUNTED_MANPACK,COMBINED_DEGRADED,MT4_PERSISTENT_MONITORING,1,A4_PROGRESSIVE,independent_opportunities,pooled_connected_receiver_zero_forwarding_delay,aa3d037d9e17c5175eca59851eb27f5659c4910f6d3f551301e6cd92597af20c,181,124,0.6850828729281768,False,False
24/8/1,4,DISMOUNTED_MANPACK,COMBINED_DEGRADED,MT4_PERSISTENT_MONITORING,1,A5_CONTACT_AWARE,independent_opportunities,pooled_connected_receiver_zero_forwarding_delay,aa3d037d9e17c5175eca59851eb27f5659c4910f6d3f551301e6cd92597af20c,181,0,0.0,False,False
24/8/1,4,DISMOUNTED_MANPACK,COMBINED_DEGRADED,MT4_PERSISTENT_MONITORING,1,A6_THREAD_AWARE_PRIORITY,independent_opportunities,pooled_connected_receiver_zero_forwarding_delay,aa3d037d9e17c5175eca59851eb27f5659c4910f6d3f551301e6cd92597af20c,181,124,0.6850828729281768,False,False
24/8/1,4,DISMOUNTED_MANPACK,COMBINED_DEGRADED,MT4_PERSISTENT_MONITORING,2,A0_GROUND_ONLY,independent_opportunities,pooled_connected_receiver_zero_forwarding_delay,e3d55379d2b95f1747b3c52d30222ae490efdcf43665d8c9fb0ba5c9a193e2fd,181,0,0.0,False,False
24/8/1,4,DISMOUNTED_MANPACK,COMBINED_DEGRADED,MT4_PERSISTENT_MONITORING,2,A1_COMPRESSED_FULL,independent_opportunities,pooled_connected_receiver_zero_forwarding_delay,e3d55379d2b95f1747b3c52d30222ae490efdcf43665d8c9fb0ba5c9a193e2fd,181,0,0.0,False,False
24/8/1,4,DISMOUNTED_MANPACK,COMBINED_DEGRADED,MT4_PERSISTENT_MONITORING,2,A2_QUICKLOOK_FIRST,independent_opportunities,pooled_connected_receiver_zero_forwarding_delay,e3d55379d2b95f1747b3c52d30222ae490efdcf43665d8c9fb0ba5c9a193e2fd,181,0,0.0,False,False
24/8/1,4,DISMOUNTED_MANPACK,COMBINED_DEGRADED,MT4_PERSISTENT_MONITORING,2,A3_ROI_FIRST,independent_opportunities,pooled_connected_receiver_zero_forwarding_delay,e3d55379d2b95f1747b3c52d30222ae490efdcf43665d8c9fb0ba5c9a193e2fd,181,0,0.0,False,False
24/8/1,4,DISMOUNTED_MANPACK,COMBINED_DEGRADED,MT4_PERSISTENT_MONITORING,2,A4_PROGRESSIVE,independent_opportunities,pooled_connected_receiver_zero_forwarding_delay,e3d55379d2b95f1747b3c52d30222ae490efdcf43665d8c9fb0ba5c9a193e2fd,181,112,0.6187845303867403,False,False
24/8/1,4,DISMOUNTED_MANPACK,COMBINED_DEGRADED,MT4_PERSISTENT_MONITORING,2,A5_CONTACT_AWARE,independent_opportunities,pooled_connected_receiver_zero_forwarding_delay,e3d55379d2b95f1747b3c52d30222ae490efdcf43665d8c9fb0ba5c9a193e2fd,181,0,0.0,False,False
24/8/1,4,DISMOUNTED_MANPACK,COMBINED_DEGRADED,MT4_PERSISTENT_MONITORING,2,A6_THREAD_AWARE_PRIORITY,independent_opportunities,pooled_connected_receiver_zero_forwarding_delay,e3d55379d2b95f1747b3c52d30222ae490efdcf43665d8c9fb0ba5c9a193e2fd,181,112,0.6187845303867403,False,False
24/8/1,4,DISMOUNTED_MANPACK,COMBINED_DEGRADED,MT4_PERSISTENT_MONITORING,3,A0_GROUND_ONLY,independent_opportunities,pooled_connected_receiver_zero_forwarding_delay,7ebf273749a435bb154638a02cb4562513a7de60e2503fa0c68580a5be505b77,181,0,0.0,False,False
24/8/1,4,DISMOUNTED_MANPACK,COMBINED_DEGRADED,MT4_PERSISTENT_MONITORING,3,A1_COMPRESSED_FULL,independent_opportunities,pooled_connected_receiver_zero_forwarding_delay,7ebf273749a435bb154638a02cb4562513a7de60e2503fa0c68580a5be505b77,181,0,0.0,False,False
24/8/1,4,DISMOUNTED_MANPACK,COMBINED_DEGRADED,MT4_PERSISTENT_MONITORING,3,A2_QUICKLOOK_FIRST,independent_opportunities,pooled_connected_receiver_zero_forwarding_delay,7ebf273749a435bb154638a02cb4562513a7de60e2503fa0c68580a5be505b77,181,0,0.0,False,False
24/8/1,4,DISMOUNTED_MANPACK,COMBINED_DEGRADED,MT4_PERSISTENT_MONITORING,3,A3_ROI_FIRST,independent_opportunities,pooled_connected_receiver_zero_forwarding_delay,7ebf273749a435bb154638a02cb4562513a7de60e2503fa0c68580a5be505b77,181,0,0.0,False,False
24/8/1,4,DISMOUNTED_MANPACK,COMBINED_DEGRADED,MT4_PERSISTENT_MONITORING,3,A4_PROGRESSIVE,independent_opportunities,pooled_connected_receiver_zero_forwarding_delay,7ebf273749a435bb154638a02cb4562513a7de60e2503fa0c68580a5be505b77,181,114,0.6298342541436464,False,False
24/8/1,4,DISMOUNTED_MANPACK,COMBINED_DEGRADED,MT4_PERSISTENT_MONITORING,3,A5_CONTACT_AWARE,independent_opportunities,pooled_connected_receiver_zero_forwarding_delay,7ebf273749a435bb154638a02cb4562513a7de60e2503fa0c68580a5be505b77,181,0,0.0,False,False
24/8/1,4,DISMOUNTED_MANPACK,COMBINED_DEGRADED,MT4_PERSISTENT_MONITORING,3,A6_THREAD_AWARE_PRIORITY,independent_opportunities,pooled_connected_receiver_zero_forwarding_delay,7ebf273749a435bb154638a02cb4562513a7de60e2503fa0c68580a5be505b77,181,114,0.6298342541436464,False,False
24/8/1,4,DISMOUNTED_MANPACK,COMBINED_DEGRADED,MT4_PERSISTENT_MONITORING,4,A0_GROUND_ONLY,independent_opportunities,pooled_connected_receiver_zero_forwarding_delay,5eb2ae29c5f8497ca766f1a028e1eb6ada41b738f2ffb5d98ddf260f141be6ca,181,0,0.0,False,False
24/8/1,4,DISMOUNTED_MANPACK,COMBINED_DEGRADED,MT4_PERSISTENT_MONITORING,4,A1_COMPRESSED_FULL,independent_opportunities,pooled_connected_receiver_zero_forwarding_delay,5eb2ae29c5f8497ca766f1a028e1eb6ada41b738f2ffb5d98ddf260f141be6ca,181,0,0.0,False,False
24/8/1,4,DISMOUNTED_MANPACK,COMBINED_DEGRADED,MT4_PERSISTENT_MONITORING,4,A2_QUICKLOOK_FIRST,independent_opportunities,pooled_connected_receiver_zero_forwarding_delay,5eb2ae29c5f8497ca766f1a028e1eb6ada41b738f2ffb5d98ddf260f141be6ca,181,0,0.0,False,False
24/8/1,4,DISMOUNTED_MANPACK,COMBINED_DEGRADED,MT4_PERSISTENT_MONITORING,4,A3_ROI_FIRST,independent_opportunities,pooled_connected_receiver_zero_forwarding_delay,5eb2ae29c5f8497ca766f1a028e1eb6ada41b738f2ffb5d98ddf260f141be6ca,181,0,0.0,False,False
24/8/1,4,DISMOUNTED_MANPACK,COMBINED_DEGRADED,MT4_PERSISTENT_MONITORING,4,A4_PROGRESSIVE,independent_opportunities,pooled_connected_receiver_zero_forwarding_delay,5eb2ae29c5f8497ca766f1a028e1eb6ada41b738f2ffb5d98ddf260f141be6ca,181,114,0.6298342541436464,False,False
24/8/1,4,DISMOUNTED_MANPACK,COMBINED_DEGRADED,MT4_PERSISTENT_MONITORING,4,A5_CONTACT_AWARE,independent_opportunities,pooled_connected_receiver_zero_forwarding_delay,5eb2ae29c5f8497ca766f1a028e1eb6ada41b738f2ffb5d98ddf260f141be6ca,181,0,0.0,False,False
24/8/1,4,DISMOUNTED_MANPACK,COMBINED_DEGRADED,MT4_PERSISTENT_MONITORING,4,A6_THREAD_AWARE_PRIORITY,independent_opportunities,pooled_connected_receiver_zero_forwarding_delay,5eb2ae29c5f8497ca766f1a028e1eb6ada41b738f2ffb5d98ddf260f141be6ca,181,114,0.6298342541436464,False,False
24/8/1,4,DISMOUNTED_MANPACK,COMBINED_DEGRADED,MT4_PERSISTENT_MONITORING,5,A0_GROUND_ONLY,independent_opportunities,pooled_connected_receiver_zero_forwarding_delay,39e94a0515f939ff51ad06d86d4a2da050bcb9373937eed643451fd222477796,181,0,0.0,False,False
24/8/1,4,DISMOUNTED_MANPACK,COMBINED_DEGRADED,MT4_PERSISTENT_MONITORING,5,A1_COMPRESSED_FULL,independent_opportunities,pooled_connected_receiver_zero_forwarding_delay,39e94a0515f939ff51ad06d86d4a2da050bcb9373937eed643451fd222477796,181,0,0.0,False,False
24/8/1,4,DISMOUNTED_MANPACK,COMBINED_DEGRADED,MT4_PERSISTENT_MONITORING,5,A2_QUICKLOOK_FIRST,independent_opportunities,pooled_connected_receiver_zero_forwarding_delay,39e94a0515f939ff51ad06d86d4a2da050bcb9373937eed643451fd222477796,181,0,0.0,False,False
24/8/1,4,DISMOUNTED_MANPACK,COMBINED_DEGRADED,MT4_PERSISTENT_MONITORING,5,A3_ROI_FIRST,independent_opportunities,pooled_connected_receiver_zero_forwarding_delay,39e94a0515f939ff51ad06d86d4a2da050bcb9373937eed643451fd222477796,181,0,0.0,False,False
24/8/1,4,DISMOUNTED_MANPACK,COMBINED_DEGRADED,MT4_PERSISTENT_MONITORING,5,A4_PROGRESSIVE,independent_opportunities,pooled_connected_receiver_zero_forwarding_delay,39e94a0515f939ff51ad06d86d4a2da050bcb9373937eed643451fd222477796,181,122,0.6740331491712708,False,False
24/8/1,4,DISMOUNTED_MANPACK,COMBINED_DEGRADED,MT4_PERSISTENT_MONITORING,5,A5_CONTACT_AWARE,independent_opportunities,pooled_connected_receiver_zero_forwarding_delay,39e94a0515f939ff51ad06d86d4a2da050bcb9373937eed643451fd222477796,181,0,0.0,False,False
24/8/1,4,DISMOUNTED_MANPACK,COMBINED_DEGRADED,MT4_PERSISTENT_MONITORING,5,A6_THREAD_AWARE_PRIORITY,independent_opportunities,pooled_connected_receiver_zero_forwarding_delay,39e94a0515f939ff51ad06d86d4a2da050bcb9373937eed643451fd222477796,181,122,0.6740331491712708,False,False
