case,architecture_id,trial,paired_context_sha256,request_time_s,sampling_step_s,propagation_offset_s,aoi_shift_deg,rate_bps,processing_time_s,tasking_delay_s,denial_fraction,success,latency_s,outcome,collection_delay_s,full_scene_latency_s
baseline,A0_GROUND_ONLY,0,ca4f577ad8e71e1e150861cee4e7d5f2bba1eb7a12539ebc18821b5360b1879c,71203.2493812608,30,0,0,5000000.0,20.0,60,0.0,False,nan,incomplete_transfer,106.75061873919913,
baseline,A1_COMPRESSED_FULL,0,ca4f577ad8e71e1e150861cee4e7d5f2bba1eb7a12539ebc18821b5360b1879c,71203.2493812608,30,0,0,5000000.0,20.0,60,0.0,False,47706.7506187392,late_availability,106.75061873919913,47676.7506187392
baseline,A2_QUICKLOOK_FIRST,0,ca4f577ad8e71e1e150861cee4e7d5f2bba1eb7a12539ebc18821b5360b1879c,71203.2493812608,30,0,0,5000000.0,20.0,60,0.0,False,nan,incomplete_transfer,106.75061873919913,
baseline,A3_ROI_FIRST,0,ca4f577ad8e71e1e150861cee4e7d5f2bba1eb7a12539ebc18821b5360b1879c,71203.2493812608,30,0,0,5000000.0,20.0,60,0.0,True,206.75061873919913,timely_sufficient,106.75061873919913,
baseline,A4_PROGRESSIVE,0,ca4f577ad8e71e1e150861cee4e7d5f2bba1eb7a12539ebc18821b5360b1879c,71203.2493812608,30,0,0,5000000.0,20.0,60,0.0,True,239.62224753919912,timely_sufficient,106.75061873919913,
baseline,A5_CONTACT_AWARE,0,ca4f577ad8e71e1e150861cee4e7d5f2bba1eb7a12539ebc18821b5360b1879c,71203.2493812608,30,0,0,5000000.0,20.0,60,0.0,False,nan,incomplete_transfer,106.75061873919913,
baseline,A6_THREAD_AWARE_PRIORITY,0,ca4f577ad8e71e1e150861cee4e7d5f2bba1eb7a12539ebc18821b5360b1879c,71203.2493812608,30,0,0,5000000.0,20.0,60,0.0,True,206.78338673919913,timely_sufficient,106.75061873919913,
baseline,A0_GROUND_ONLY,1,d9812535f85a2b8392b1489a47e186c9f417c5de2c266ef57e561237174de333,71424.58273047769,30,0,0,5000000.0,20.0,60,0.0,False,86775.41726952231,late_availability,365.41726952230965,86745.41726952231
baseline,A1_COMPRESSED_FULL,1,d9812535f85a2b8392b1489a47e186c9f417c5de2c266ef57e561237174de333,71424.58273047769,30,0,0,5000000.0,20.0,60,0.0,False,6205.41726952231,late_availability,365.41726952230965,6175.41726952231
baseline,A2_QUICKLOOK_FIRST,1,d9812535f85a2b8392b1489a47e186c9f417c5de2c266ef57e561237174de333,71424.58273047769,30,0,0,5000000.0,20.0,60,0.0,False,92149.41726952231,late_availability,365.41726952230965,92119.41726952231
baseline,A3_ROI_FIRST,1,d9812535f85a2b8392b1489a47e186c9f417c5de2c266ef57e561237174de333,71424.58273047769,30,0,0,5000000.0,20.0,60,0.0,True,465.41726952230965,timely_sufficient,365.41726952230965,92185.41726952231
baseline,A4_PROGRESSIVE,1,d9812535f85a2b8392b1489a47e186c9f417c5de2c266ef57e561237174de333,71424.58273047769,30,0,0,5000000.0,20.0,60,0.0,True,498.28889832230965,timely_sufficient,365.41726952230965,92218.28889832231
baseline,A5_CONTACT_AWARE,1,d9812535f85a2b8392b1489a47e186c9f417c5de2c266ef57e561237174de333,71424.58273047769,30,0,0,5000000.0,20.0,60,0.0,False,86775.41726952231,late_availability,365.41726952230965,86745.41726952231
baseline,A6_THREAD_AWARE_PRIORITY,1,d9812535f85a2b8392b1489a47e186c9f417c5de2c266ef57e561237174de333,71424.58273047769,30,0,0,5000000.0,20.0,60,0.0,True,465.4500375223097,timely_sufficient,365.41726952230965,92218.28889832231
baseline,A0_GROUND_ONLY,2,68e9c61c97eafe694a2fc4d222ca0b09ccfe0aceb6dd91af15fd1f0c0117ba68,58205.71618563066,30,0,0,5000000.0,20.0,60,0.0,False,nan,incomplete_transfer,444.28381436933705,
baseline,A1_COMPRESSED_FULL,2,68e9c61c97eafe694a2fc4d222ca0b09ccfe0aceb6dd91af15fd1f0c0117ba68,58205.71618563066,30,0,0,5000000.0,20.0,60,0.0,False,44694.28381436934,late_availability,444.28381436933705,44664.28381436934
baseline,A2_QUICKLOOK_FIRST,2,68e9c61c97eafe694a2fc4d222ca0b09ccfe0aceb6dd91af15fd1f0c0117ba68,58205.71618563066,30,0,0,5000000.0,20.0,60,0.0,False,nan,incomplete_transfer,444.28381436933705,
baseline,A3_ROI_FIRST,2,68e9c61c97eafe694a2fc4d222ca0b09ccfe0aceb6dd91af15fd1f0c0117ba68,58205.71618563066,30,0,0,5000000.0,20.0,60,0.0,False,6074.283814369337,late_availability,444.28381436933705,
baseline,A4_PROGRESSIVE,2,68e9c61c97eafe694a2fc4d222ca0b09ccfe0aceb6dd91af15fd1f0c0117ba68,58205.71618563066,30,0,0,5000000.0,20.0,60,0.0,False,6107.155443169337,late_availability,444.28381436933705,
baseline,A5_CONTACT_AWARE,2,68e9c61c97eafe694a2fc4d222ca0b09ccfe0aceb6dd91af15fd1f0c0117ba68,58205.71618563066,30,0,0,5000000.0,20.0,60,0.0,False,nan,incomplete_transfer,444.28381436933705,
baseline,A6_THREAD_AWARE_PRIORITY,2,68e9c61c97eafe694a2fc4d222ca0b09ccfe0aceb6dd91af15fd1f0c0117ba68,58205.71618563066,30,0,0,5000000.0,20.0,60,0.0,False,6074.316582369337,late_availability,444.28381436933705,
baseline,A0_GROUND_ONLY,3,033d43f5bc62296a7cd0a20c65809a0584574b07c48c5e293a8bbb3f74e38bab,158611.93508804622,30,0,0,5000000.0,20.0,60,0.0,False,nan,incomplete_transfer,718.0649119537848,
baseline,A1_COMPRESSED_FULL,3,033d43f5bc62296a7cd0a20c65809a0584574b07c48c5e293a8bbb3f74e38bab,158611.93508804622,30,0,0,5000000.0,20.0,60,0.0,False,nan,incomplete_transfer,718.0649119537848,
baseline,A2_QUICKLOOK_FIRST,3,033d43f5bc62296a7cd0a20c65809a0584574b07c48c5e293a8bbb3f74e38bab,158611.93508804622,30,0,0,5000000.0,20.0,60,0.0,False,nan,incomplete_transfer,718.0649119537848,
baseline,A3_ROI_FIRST,3,033d43f5bc62296a7cd0a20c65809a0584574b07c48c5e293a8bbb3f74e38bab,158611.93508804622,30,0,0,5000000.0,20.0,60,0.0,True,818.0649119537848,timely_sufficient,718.0649119537848,
baseline,A4_PROGRESSIVE,3,033d43f5bc62296a7cd0a20c65809a0584574b07c48c5e293a8bbb3f74e38bab,158611.93508804622,30,0,0,5000000.0,20.0,60,0.0,True,850.9365407537848,timely_sufficient,718.0649119537848,
baseline,A5_CONTACT_AWARE,3,033d43f5bc62296a7cd0a20c65809a0584574b07c48c5e293a8bbb3f74e38bab,158611.93508804622,30,0,0,5000000.0,20.0,60,0.0,False,nan,incomplete_transfer,718.0649119537848,
baseline,A6_THREAD_AWARE_PRIORITY,3,033d43f5bc62296a7cd0a20c65809a0584574b07c48c5e293a8bbb3f74e38bab,158611.93508804622,30,0,0,5000000.0,20.0,60,0.0,True,818.0976799537848,timely_sufficient,718.0649119537848,
baseline,A0_GROUND_ONLY,4,7547a57927740dec4f6195505c186e899b3ec4e944c0f60cc81cef6d3071cf75,132436.21328815687,30,0,0,5000000.0,20.0,60,0.0,False,nan,incomplete_transfer,643.7867118431313,
baseline,A1_COMPRESSED_FULL,4,7547a57927740dec4f6195505c186e899b3ec4e944c0f60cc81cef6d3071cf75,132436.21328815687,30,0,0,5000000.0,20.0,60,0.0,False,nan,incomplete_transfer,643.7867118431313,
baseline,A2_QUICKLOOK_FIRST,4,7547a57927740dec4f6195505c186e899b3ec4e944c0f60cc81cef6d3071cf75,132436.21328815687,30,0,0,5000000.0,20.0,60,0.0,False,nan,incomplete_transfer,643.7867118431313,
baseline,A3_ROI_FIRST,4,7547a57927740dec4f6195505c186e899b3ec4e944c0f60cc81cef6d3071cf75,132436.21328815687,30,0,0,5000000.0,20.0,60,0.0,False,6053.786711843131,late_availability,643.7867118431313,
baseline,A4_PROGRESSIVE,4,7547a57927740dec4f6195505c186e899b3ec4e944c0f60cc81cef6d3071cf75,132436.21328815687,30,0,0,5000000.0,20.0,60,0.0,False,6086.658340643131,late_availability,643.7867118431313,
baseline,A5_CONTACT_AWARE,4,7547a57927740dec4f6195505c186e899b3ec4e944c0f60cc81cef6d3071cf75,132436.21328815687,30,0,0,5000000.0,20.0,60,0.0,False,nan,incomplete_transfer,643.7867118431313,
baseline,A6_THREAD_AWARE_PRIORITY,4,7547a57927740dec4f6195505c186e899b3ec4e944c0f60cc81cef6d3071cf75,132436.21328815687,30,0,0,5000000.0,20.0,60,0.0,False,6053.819479843131,late_availability,643.7867118431313,
baseline,A0_GROUND_ONLY,5,e0b6eff36a194b98624299cfeaf4bd76367851b3e08dd6764afc7342dacffec6,47831.79843658002,30,0,0,5000000.0,20.0,60,0.0,False,nan,incomplete_transfer,978.2015634199779,
baseline,A1_COMPRESSED_FULL,5,e0b6eff36a194b98624299cfeaf4bd76367851b3e08dd6764afc7342dacffec6,47831.79843658002,30,0,0,5000000.0,20.0,60,0.0,False,48428.20156341998,late_availability,978.2015634199779,48398.20156341998
baseline,A2_QUICKLOOK_FIRST,5,e0b6eff36a194b98624299cfeaf4bd76367851b3e08dd6764afc7342dacffec6,47831.79843658002,30,0,0,5000000.0,20.0,60,0.0,False,nan,incomplete_transfer,978.2015634199779,
baseline,A3_ROI_FIRST,5,e0b6eff36a194b98624299cfeaf4bd76367851b3e08dd6764afc7342dacffec6,47831.79843658002,30,0,0,5000000.0,20.0,60,0.0,False,1078.201563419978,late_availability,978.2015634199779,
baseline,A4_PROGRESSIVE,5,e0b6eff36a194b98624299cfeaf4bd76367851b3e08dd6764afc7342dacffec6,47831.79843658002,30,0,0,5000000.0,20.0,60,0.0,False,1111.073192219978,late_availability,978.2015634199779,
baseline,A5_CONTACT_AWARE,5,e0b6eff36a194b98624299cfeaf4bd76367851b3e08dd6764afc7342dacffec6,47831.79843658002,30,0,0,5000000.0,20.0,60,0.0,False,nan,incomplete_transfer,978.2015634199779,
baseline,A6_THREAD_AWARE_PRIORITY,5,e0b6eff36a194b98624299cfeaf4bd76367851b3e08dd6764afc7342dacffec6,47831.79843658002,30,0,0,5000000.0,20.0,60,0.0,False,1078.234331419978,late_availability,978.2015634199779,
baseline,A0_GROUND_ONLY,6,fda9337482dc19d6aa0274ae04040c4163a736a677a7d029096f076ac8e218ee,162058.85659696194,30,0,0,5000000.0,20.0,60,0.0,False,nan,incomplete_transfer,961.1434030380624,
baseline,A1_COMPRESSED_FULL,6,fda9337482dc19d6aa0274ae04040c4163a736a677a7d029096f076ac8e218ee,162058.85659696194,30,0,0,5000000.0,20.0,60,0.0,False,nan,incomplete_transfer,961.1434030380624,
baseline,A2_QUICKLOOK_FIRST,6,fda9337482dc19d6aa0274ae04040c4163a736a677a7d029096f076ac8e218ee,162058.85659696194,30,0,0,5000000.0,20.0,60,0.0,False,nan,incomplete_transfer,961.1434030380624,
baseline,A3_ROI_FIRST,6,fda9337482dc19d6aa0274ae04040c4163a736a677a7d029096f076ac8e218ee,162058.85659696194,30,0,0,5000000.0,20.0,60,0.0,False,6411.143403038062,late_availability,961.1434030380624,
baseline,A4_PROGRESSIVE,6,fda9337482dc19d6aa0274ae04040c4163a736a677a7d029096f076ac8e218ee,162058.85659696194,30,0,0,5000000.0,20.0,60,0.0,False,6444.015031838062,late_availability,961.1434030380624,
baseline,A5_CONTACT_AWARE,6,fda9337482dc19d6aa0274ae04040c4163a736a677a7d029096f076ac8e218ee,162058.85659696194,30,0,0,5000000.0,20.0,60,0.0,False,nan,incomplete_transfer,961.1434030380624,
baseline,A6_THREAD_AWARE_PRIORITY,6,fda9337482dc19d6aa0274ae04040c4163a736a677a7d029096f076ac8e218ee,162058.85659696194,30,0,0,5000000.0,20.0,60,0.0,False,6411.176171038062,late_availability,961.1434030380624,
baseline,A0_GROUND_ONLY,7,1c872d30a5df33b5e5b37b5d07a13481b0fc243e9f87a5ca529540fe05a0a1b5,89694.63240020716,30,0,0,5000000.0,20.0,60,0.0,False,nan,incomplete_transfer,305.3675997928367,
baseline,A1_COMPRESSED_FULL,7,1c872d30a5df33b5e5b37b5d07a13481b0fc243e9f87a5ca529540fe05a0a1b5,89694.63240020716,30,0,0,5000000.0,20.0,60,0.0,False,47575.36759979284,late_availability,305.3675997928367,47545.36759979284
baseline,A2_QUICKLOOK_FIRST,7,1c872d30a5df33b5e5b37b5d07a13481b0fc243e9f87a5ca529540fe05a0a1b5,89694.63240020716,30,0,0,5000000.0,20.0,60,0.0,False,nan,incomplete_transfer,305.3675997928367,
baseline,A3_ROI_FIRST,7,1c872d30a5df33b5e5b37b5d07a13481b0fc243e9f87a5ca529540fe05a0a1b5,89694.63240020716,30,0,0,5000000.0,20.0,60,0.0,False,5745.367599792837,late_availability,305.3675997928367,
baseline,A4_PROGRESSIVE,7,1c872d30a5df33b5e5b37b5d07a13481b0fc243e9f87a5ca529540fe05a0a1b5,89694.63240020716,30,0,0,5000000.0,20.0,60,0.0,False,5778.239228592836,late_availability,305.3675997928367,
baseline,A5_CONTACT_AWARE,7,1c872d30a5df33b5e5b37b5d07a13481b0fc243e9f87a5ca529540fe05a0a1b5,89694.63240020716,30,0,0,5000000.0,20.0,60,0.0,False,nan,incomplete_transfer,305.3675997928367,
baseline,A6_THREAD_AWARE_PRIORITY,7,1c872d30a5df33b5e5b37b5d07a13481b0fc243e9f87a5ca529540fe05a0a1b5,89694.63240020716,30,0,0,5000000.0,20.0,60,0.0,False,5745.400367792837,late_availability,305.3675997928367,
baseline,A0_GROUND_ONLY,8,ca2787bcd7d733cd06bb406537315d8e17c205980b0319e168ddf43ad406d672,144902.43529740698,30,0,0,5000000.0,20.0,60,0.0,False,nan,incomplete_transfer,1287.564702593023,
baseline,A1_COMPRESSED_FULL,8,ca2787bcd7d733cd06bb406537315d8e17c205980b0319e168ddf43ad406d672,144902.43529740698,30,0,0,5000000.0,20.0,60,0.0,False,nan,incomplete_transfer,1287.564702593023,
baseline,A2_QUICKLOOK_FIRST,8,ca2787bcd7d733cd06bb406537315d8e17c205980b0319e168ddf43ad406d672,144902.43529740698,30,0,0,5000000.0,20.0,60,0.0,False,nan,incomplete_transfer,1287.564702593023,
baseline,A3_ROI_FIRST,8,ca2787bcd7d733cd06bb406537315d8e17c205980b0319e168ddf43ad406d672,144902.43529740698,30,0,0,5000000.0,20.0,60,0.0,False,1387.564702593023,late_availability,1287.564702593023,
baseline,A4_PROGRESSIVE,8,ca2787bcd7d733cd06bb406537315d8e17c205980b0319e168ddf43ad406d672,144902.43529740698,30,0,0,5000000.0,20.0,60,0.0,False,1420.436331393023,late_availability,1287.564702593023,
baseline,A5_CONTACT_AWARE,8,ca2787bcd7d733cd06bb406537315d8e17c205980b0319e168ddf43ad406d672,144902.43529740698,30,0,0,5000000.0,20.0,60,0.0,False,nan,incomplete_transfer,1287.564702593023,
baseline,A6_THREAD_AWARE_PRIORITY,8,ca2787bcd7d733cd06bb406537315d8e17c205980b0319e168ddf43ad406d672,144902.43529740698,30,0,0,5000000.0,20.0,60,0.0,False,1387.597470593023,late_availability,1287.564702593023,
baseline,A0_GROUND_ONLY,9,2e2af436f2a450b67f88e0f0830126c4b480280aff18c3146f01b4428476b0df,87958.18700346815,30,0,0,5000000.0,20.0,60,0.0,False,nan,incomplete_transfer,151.81299653185124,
baseline,A1_COMPRESSED_FULL,9,2e2af436f2a450b67f88e0f0830126c4b480280aff18c3146f01b4428476b0df,87958.18700346815,30,0,0,5000000.0,20.0,60,0.0,False,47551.81299653185,late_availability,151.81299653185124,47521.81299653185
baseline,A2_QUICKLOOK_FIRST,9,2e2af436f2a450b67f88e0f0830126c4b480280aff18c3146f01b4428476b0df,87958.18700346815,30,0,0,5000000.0,20.0,60,0.0,False,nan,incomplete_transfer,151.81299653185124,
baseline,A3_ROI_FIRST,9,2e2af436f2a450b67f88e0f0830126c4b480280aff18c3146f01b4428476b0df,87958.18700346815,30,0,0,5000000.0,20.0,60,0.0,False,5631.812996531851,late_availability,151.81299653185124,
baseline,A4_PROGRESSIVE,9,2e2af436f2a450b67f88e0f0830126c4b480280aff18c3146f01b4428476b0df,87958.18700346815,30,0,0,5000000.0,20.0,60,0.0,False,5664.684625331851,late_availability,151.81299653185124,
baseline,A5_CONTACT_AWARE,9,2e2af436f2a450b67f88e0f0830126c4b480280aff18c3146f01b4428476b0df,87958.18700346815,30,0,0,5000000.0,20.0,60,0.0,False,nan,incomplete_transfer,151.81299653185124,
baseline,A6_THREAD_AWARE_PRIORITY,9,2e2af436f2a450b67f88e0f0830126c4b480280aff18c3146f01b4428476b0df,87958.18700346815,30,0,0,5000000.0,20.0,60,0.0,False,5631.845764531851,late_availability,151.81299653185124,
baseline,A0_GROUND_ONLY,10,398d19042146f9466ae1827a1693cdcc8d3527f7f95dc8f61340c4f32d1e9a35,136841.14223680316,30,0,0,5000000.0,20.0,60,0.0,False,nan,incomplete_transfer,498.85776319683646,
baseline,A1_COMPRESSED_FULL,10,398d19042146f9466ae1827a1693cdcc8d3527f7f95dc8f61340c4f32d1e9a35,136841.14223680316,30,0,0,5000000.0,20.0,60,0.0,False,6338.8577631968365,late_availability,498.85776319683646,6308.8577631968365
baseline,A2_QUICKLOOK_FIRST,10,398d19042146f9466ae1827a1693cdcc8d3527f7f95dc8f61340c4f32d1e9a35,136841.14223680316,30,0,0,5000000.0,20.0,60,0.0,False,nan,incomplete_transfer,498.85776319683646,
baseline,A3_ROI_FIRST,10,398d19042146f9466ae1827a1693cdcc8d3527f7f95dc8f61340c4f32d1e9a35,136841.14223680316,30,0,0,5000000.0,20.0,60,0.0,True,598.8577631968365,timely_sufficient,498.85776319683646,
baseline,A4_PROGRESSIVE,10,398d19042146f9466ae1827a1693cdcc8d3527f7f95dc8f61340c4f32d1e9a35,136841.14223680316,30,0,0,5000000.0,20.0,60,0.0,True,631.7293919968365,timely_sufficient,498.85776319683646,
baseline,A5_CONTACT_AWARE,10,398d19042146f9466ae1827a1693cdcc8d3527f7f95dc8f61340c4f32d1e9a35,136841.14223680316,30,0,0,5000000.0,20.0,60,0.0,False,nan,incomplete_transfer,498.85776319683646,
baseline,A6_THREAD_AWARE_PRIORITY,10,398d19042146f9466ae1827a1693cdcc8d3527f7f95dc8f61340c4f32d1e9a35,136841.14223680316,30,0,0,5000000.0,20.0,60,0.0,True,598.8905311968365,timely_sufficient,498.85776319683646,
baseline,A0_GROUND_ONLY,11,5e71b36653c8a13bddf15fbb78aa2996d481721ff32a889fe7d160bba9b3273f,10757.589420950173,30,0,0,5000000.0,20.0,60,0.0,False,139882.4105790498,late_availability,582.410579049827,139852.4105790498
baseline,A1_COMPRESSED_FULL,11,5e71b36653c8a13bddf15fbb78aa2996d481721ff32a889fe7d160bba9b3273f,10757.589420950173,30,0,0,5000000.0,20.0,60,0.0,False,53532.41057904983,late_availability,582.410579049827,53502.41057904983
baseline,A2_QUICKLOOK_FIRST,11,5e71b36653c8a13bddf15fbb78aa2996d481721ff32a889fe7d160bba9b3273f,10757.589420950173,30,0,0,5000000.0,20.0,60,0.0,False,139914.4105790498,late_availability,582.410579049827,139884.4105790498
baseline,A3_ROI_FIRST,11,5e71b36653c8a13bddf15fbb78aa2996d481721ff32a889fe7d160bba9b3273f,10757.589420950173,30,0,0,5000000.0,20.0,60,0.0,False,6032.410579049827,late_availability,582.410579049827,139932.4105790498
baseline,A4_PROGRESSIVE,11,5e71b36653c8a13bddf15fbb78aa2996d481721ff32a889fe7d160bba9b3273f,10757.589420950173,30,0,0,5000000.0,20.0,60,0.0,False,6065.282207849827,late_availability,582.410579049827,139965.2822078498
baseline,A5_CONTACT_AWARE,11,5e71b36653c8a13bddf15fbb78aa2996d481721ff32a889fe7d160bba9b3273f,10757.589420950173,30,0,0,5000000.0,20.0,60,0.0,False,139882.4105790498,late_availability,582.410579049827,139852.4105790498
baseline,A6_THREAD_AWARE_PRIORITY,11,5e71b36653c8a13bddf15fbb78aa2996d481721ff32a889fe7d160bba9b3273f,10757.589420950173,30,0,0,5000000.0,20.0,60,0.0,False,6032.443347049827,late_availability,582.410579049827,139965.2822078498
baseline,A0_GROUND_ONLY,12,a203a9c8d5fac8926b60ddeecc09594befa7100e1508aec081732e10d387694d,88736.79289767242,30,0,0,5000000.0,20.0,60,0.0,False,nan,incomplete_transfer,1263.2071023275785,
baseline,A1_COMPRESSED_FULL,12,a203a9c8d5fac8926b60ddeecc09594befa7100e1508aec081732e10d387694d,88736.79289767242,30,0,0,5000000.0,20.0,60,0.0,False,48533.20710232758,late_availability,1263.2071023275785,48503.20710232758
baseline,A2_QUICKLOOK_FIRST,12,a203a9c8d5fac8926b60ddeecc09594befa7100e1508aec081732e10d387694d,88736.79289767242,30,0,0,5000000.0,20.0,60,0.0,False,nan,incomplete_transfer,1263.2071023275785,
baseline,A3_ROI_FIRST,12,a203a9c8d5fac8926b60ddeecc09594befa7100e1508aec081732e10d387694d,88736.79289767242,30,0,0,5000000.0,20.0,60,0.0,False,6703.2071023275785,late_availability,1263.2071023275785,
baseline,A4_PROGRESSIVE,12,a203a9c8d5fac8926b60ddeecc09594befa7100e1508aec081732e10d387694d,88736.79289767242,30,0,0,5000000.0,20.0,60,0.0,False,6736.078731127578,late_availability,1263.2071023275785,
baseline,A5_CONTACT_AWARE,12,a203a9c8d5fac8926b60ddeecc09594befa7100e1508aec081732e10d387694d,88736.79289767242,30,0,0,5000000.0,20.0,60,0.0,False,nan,incomplete_transfer,1263.2071023275785,
baseline,A6_THREAD_AWARE_PRIORITY,12,a203a9c8d5fac8926b60ddeecc09594befa7100e1508aec081732e10d387694d,88736.79289767242,30,0,0,5000000.0,20.0,60,0.0,False,6703.2398703275785,late_availability,1263.2071023275785,
baseline,A0_GROUND_ONLY,13,3f7f4f9948daaaa103214bb86008ff571d7010899e1d643f59ebcf8bb7d8d689,2223.421192988508,30,0,0,5000000.0,20.0,60,0.0,False,86736.5788070115,late_availability,326.5788070114918,86706.5788070115
baseline,A1_COMPRESSED_FULL,13,3f7f4f9948daaaa103214bb86008ff571d7010899e1d643f59ebcf8bb7d8d689,2223.421192988508,30,0,0,5000000.0,20.0,60,0.0,False,33556.578807011494,late_availability,326.5788070114918,33526.578807011494
baseline,A2_QUICKLOOK_FIRST,13,3f7f4f9948daaaa103214bb86008ff571d7010899e1d643f59ebcf8bb7d8d689,2223.421192988508,30,0,0,5000000.0,20.0,60,0.0,False,119470.5788070115,late_availability,326.5788070114918,119440.5788070115
baseline,A3_ROI_FIRST,13,3f7f4f9948daaaa103214bb86008ff571d7010899e1d643f59ebcf8bb7d8d689,2223.421192988508,30,0,0,5000000.0,20.0,60,0.0,True,426.5788070114918,timely_sufficient,326.5788070114918,119506.5788070115
baseline,A4_PROGRESSIVE,13,3f7f4f9948daaaa103214bb86008ff571d7010899e1d643f59ebcf8bb7d8d689,2223.421192988508,30,0,0,5000000.0,20.0,60,0.0,True,459.4504358114918,timely_sufficient,326.5788070114918,119539.4504358115
baseline,A5_CONTACT_AWARE,13,3f7f4f9948daaaa103214bb86008ff571d7010899e1d643f59ebcf8bb7d8d689,2223.421192988508,30,0,0,5000000.0,20.0,60,0.0,False,86736.5788070115,late_availability,326.5788070114918,86706.5788070115
baseline,A6_THREAD_AWARE_PRIORITY,13,3f7f4f9948daaaa103214bb86008ff571d7010899e1d643f59ebcf8bb7d8d689,2223.421192988508,30,0,0,5000000.0,20.0,60,0.0,True,426.6115750114918,timely_sufficient,326.5788070114918,119539.4504358115
baseline,A0_GROUND_ONLY,14,f3926b545e21f84bea6c9ecea65c8a2645a32f0f5819b1a414c68f18307ebb81,41795.95486579752,30,0,0,5000000.0,20.0,60,0.0,False,98884.04513420249,late_availability,1374.0451342024826,98854.04513420249
baseline,A1_COMPRESSED_FULL,14,f3926b545e21f84bea6c9ecea65c8a2645a32f0f5819b1a414c68f18307ebb81,41795.95486579752,30,0,0,5000000.0,20.0,60,0.0,False,12684.045134202483,late_availability,1374.0451342024826,12654.045134202483
baseline,A2_QUICKLOOK_FIRST,14,f3926b545e21f84bea6c9ecea65c8a2645a32f0f5819b1a414c68f18307ebb81,41795.95486579752,30,0,0,5000000.0,20.0,60,0.0,False,98916.04513420249,late_availability,1374.0451342024826,98886.04513420249
baseline,A3_ROI_FIRST,14,f3926b545e21f84bea6c9ecea65c8a2645a32f0f5819b1a414c68f18307ebb81,41795.95486579752,30,0,0,5000000.0,20.0,60,0.0,False,6824.045134202483,late_availability,1374.0451342024826,
baseline,A4_PROGRESSIVE,14,f3926b545e21f84bea6c9ecea65c8a2645a32f0f5819b1a414c68f18307ebb81,41795.95486579752,30,0,0,5000000.0,20.0,60,0.0,False,6856.916763002482,late_availability,1374.0451342024826,
baseline,A5_CONTACT_AWARE,14,f3926b545e21f84bea6c9ecea65c8a2645a32f0f5819b1a414c68f18307ebb81,41795.95486579752,30,0,0,5000000.0,20.0,60,0.0,False,98884.04513420249,late_availability,1374.0451342024826,98854.04513420249
baseline,A6_THREAD_AWARE_PRIORITY,14,f3926b545e21f84bea6c9ecea65c8a2645a32f0f5819b1a414c68f18307ebb81,41795.95486579752,30,0,0,5000000.0,20.0,60,0.0,False,6824.077902202483,late_availability,1374.0451342024826,
baseline,A0_GROUND_ONLY,15,f7d314bc7118e70e0527bb72132d140d6af4305dcc1248cc940e82b8baeb39c4,161247.47134785925,30,0,0,5000000.0,20.0,60,0.0,False,nan,incomplete_transfer,482.5286521407543,
baseline,A1_COMPRESSED_FULL,15,f7d314bc7118e70e0527bb72132d140d6af4305dcc1248cc940e82b8baeb39c4,161247.47134785925,30,0,0,5000000.0,20.0,60,0.0,False,nan,incomplete_transfer,482.5286521407543,
baseline,A2_QUICKLOOK_FIRST,15,f7d314bc7118e70e0527bb72132d140d6af4305dcc1248cc940e82b8baeb39c4,161247.47134785925,30,0,0,5000000.0,20.0,60,0.0,False,nan,incomplete_transfer,482.5286521407543,
baseline,A3_ROI_FIRST,15,f7d314bc7118e70e0527bb72132d140d6af4305dcc1248cc940e82b8baeb39c4,161247.47134785925,30,0,0,5000000.0,20.0,60,0.0,True,582.5286521407543,timely_sufficient,482.5286521407543,
baseline,A4_PROGRESSIVE,15,f7d314bc7118e70e0527bb72132d140d6af4305dcc1248cc940e82b8baeb39c4,161247.47134785925,30,0,0,5000000.0,20.0,60,0.0,True,615.4002809407543,timely_sufficient,482.5286521407543,
baseline,A5_CONTACT_AWARE,15,f7d314bc7118e70e0527bb72132d140d6af4305dcc1248cc940e82b8baeb39c4,161247.47134785925,30,0,0,5000000.0,20.0,60,0.0,False,nan,incomplete_transfer,482.5286521407543,
baseline,A6_THREAD_AWARE_PRIORITY,15,f7d314bc7118e70e0527bb72132d140d6af4305dcc1248cc940e82b8baeb39c4,161247.47134785925,30,0,0,5000000.0,20.0,60,0.0,True,582.5614201407543,timely_sufficient,482.5286521407543,
baseline,A0_GROUND_ONLY,16,ee99b89909f6a5e8ca3bac0920ca70e5cdd867266f9d3942f86132854bf4956d,78181.82051197265,30,0,0,5000000.0,20.0,60,0.0,False,92318.17948802735,late_availability,568.1794880273519,92288.17948802735
baseline,A1_COMPRESSED_FULL,16,ee99b89909f6a5e8ca3bac0920ca70e5cdd867266f9d3942f86132854bf4956d,78181.82051197265,30,0,0,5000000.0,20.0,60,0.0,False,47868.17948802735,late_availability,568.1794880273519,47838.17948802735
baseline,A2_QUICKLOOK_FIRST,16,ee99b89909f6a5e8ca3bac0920ca70e5cdd867266f9d3942f86132854bf4956d,78181.82051197265,30,0,0,5000000.0,20.0,60,0.0,False,92352.17948802735,late_availability,568.1794880273519,92322.17948802735
baseline,A3_ROI_FIRST,16,ee99b89909f6a5e8ca3bac0920ca70e5cdd867266f9d3942f86132854bf4956d,78181.82051197265,30,0,0,5000000.0,20.0,60,0.0,False,6008.179488027352,late_availability,568.1794880273519,92388.17948802735
baseline,A4_PROGRESSIVE,16,ee99b89909f6a5e8ca3bac0920ca70e5cdd867266f9d3942f86132854bf4956d,78181.82051197265,30,0,0,5000000.0,20.0,60,0.0,False,6041.0511168273515,late_availability,568.1794880273519,92421.05111682735
baseline,A5_CONTACT_AWARE,16,ee99b89909f6a5e8ca3bac0920ca70e5cdd867266f9d3942f86132854bf4956d,78181.82051197265,30,0,0,5000000.0,20.0,60,0.0,False,92318.17948802735,late_availability,568.1794880273519,92288.17948802735
baseline,A6_THREAD_AWARE_PRIORITY,16,ee99b89909f6a5e8ca3bac0920ca70e5cdd867266f9d3942f86132854bf4956d,78181.82051197265,30,0,0,5000000.0,20.0,60,0.0,False,6008.212256027352,late_availability,568.1794880273519,92421.05111682735
baseline,A0_GROUND_ONLY,17,62022495ba0a5237dc02b1367b8baddc0a3ce2bf8119e076aaeb9e950f5b1b68,135271.13657556393,30,0,0,5000000.0,20.0,60,0.0,False,nan,incomplete_transfer,178.86342443607282,
baseline,A1_COMPRESSED_FULL,17,62022495ba0a5237dc02b1367b8baddc0a3ce2bf8119e076aaeb9e950f5b1b68,135271.13657556393,30,0,0,5000000.0,20.0,60,0.0,False,6078.863424436073,late_availability,178.86342443607282,6048.863424436073
baseline,A2_QUICKLOOK_FIRST,17,62022495ba0a5237dc02b1367b8baddc0a3ce2bf8119e076aaeb9e950f5b1b68,135271.13657556393,30,0,0,5000000.0,20.0,60,0.0,False,nan,incomplete_transfer,178.86342443607282,
baseline,A3_ROI_FIRST,17,62022495ba0a5237dc02b1367b8baddc0a3ce2bf8119e076aaeb9e950f5b1b68,135271.13657556393,30,0,0,5000000.0,20.0,60,0.0,True,278.8634244360728,timely_sufficient,178.86342443607282,
baseline,A4_PROGRESSIVE,17,62022495ba0a5237dc02b1367b8baddc0a3ce2bf8119e076aaeb9e950f5b1b68,135271.13657556393,30,0,0,5000000.0,20.0,60,0.0,True,311.7350532360728,timely_sufficient,178.86342443607282,
baseline,A5_CONTACT_AWARE,17,62022495ba0a5237dc02b1367b8baddc0a3ce2bf8119e076aaeb9e950f5b1b68,135271.13657556393,30,0,0,5000000.0,20.0,60,0.0,False,nan,incomplete_transfer,178.86342443607282,
baseline,A6_THREAD_AWARE_PRIORITY,17,62022495ba0a5237dc02b1367b8baddc0a3ce2bf8119e076aaeb9e950f5b1b68,135271.13657556393,30,0,0,5000000.0,20.0,60,0.0,True,278.89619243607285,timely_sufficient,178.86342443607282,
baseline,A0_GROUND_ONLY,18,9893c2ea9017e5ee5f0371b50485b4b9a7f99e82205cf1f8a49c5ca3a947b20c,165135.03257907528,30,0,0,5000000.0,20.0,60,0.0,False,nan,incomplete_transfer,344.96742092471686,
baseline,A1_COMPRESSED_FULL,18,9893c2ea9017e5ee5f0371b50485b4b9a7f99e82205cf1f8a49c5ca3a947b20c,165135.03257907528,30,0,0,5000000.0,20.0,60,0.0,False,nan,incomplete_transfer,344.96742092471686,
baseline,A2_QUICKLOOK_FIRST,18,9893c2ea9017e5ee5f0371b50485b4b9a7f99e82205cf1f8a49c5ca3a947b20c,165135.03257907528,30,0,0,5000000.0,20.0,60,0.0,False,nan,incomplete_transfer,344.96742092471686,
baseline,A3_ROI_FIRST,18,9893c2ea9017e5ee5f0371b50485b4b9a7f99e82205cf1f8a49c5ca3a947b20c,165135.03257907528,30,0,0,5000000.0,20.0,60,0.0,True,454.96742092471686,timely_sufficient,344.96742092471686,
baseline,A4_PROGRESSIVE,18,9893c2ea9017e5ee5f0371b50485b4b9a7f99e82205cf1f8a49c5ca3a947b20c,165135.03257907528,30,0,0,5000000.0,20.0,60,0.0,True,487.83904972471686,timely_sufficient,344.96742092471686,
baseline,A5_CONTACT_AWARE,18,9893c2ea9017e5ee5f0371b50485b4b9a7f99e82205cf1f8a49c5ca3a947b20c,165135.03257907528,30,0,0,5000000.0,20.0,60,0.0,False,nan,incomplete_transfer,344.96742092471686,
baseline,A6_THREAD_AWARE_PRIORITY,18,9893c2ea9017e5ee5f0371b50485b4b9a7f99e82205cf1f8a49c5ca3a947b20c,165135.03257907528,30,0,0,5000000.0,20.0,60,0.0,True,455.0001889247169,timely_sufficient,344.96742092471686,
baseline,A0_GROUND_ONLY,19,cb92a9e50b241b0ba93c648d1c7734eb4a247f3e8ac31f62122a058b6487e939,130327.40996119597,30,0,0,5000000.0,20.0,60,0.0,False,nan,incomplete_transfer,862.5900388040318,
baseline,A1_COMPRESSED_FULL,19,cb92a9e50b241b0ba93c648d1c7734eb4a247f3e8ac31f62122a058b6487e939,130327.40996119597,30,0,0,5000000.0,20.0,60,0.0,False,nan,incomplete_transfer,862.5900388040318,
baseline,A2_QUICKLOOK_FIRST,19,cb92a9e50b241b0ba93c648d1c7734eb4a247f3e8ac31f62122a058b6487e939,130327.40996119597,30,0,0,5000000.0,20.0,60,0.0,False,nan,incomplete_transfer,862.5900388040318,
baseline,A3_ROI_FIRST,19,cb92a9e50b241b0ba93c648d1c7734eb4a247f3e8ac31f62122a058b6487e939,130327.40996119597,30,0,0,5000000.0,20.0,60,0.0,False,6312.590038804032,late_availability,862.5900388040318,
baseline,A4_PROGRESSIVE,19,cb92a9e50b241b0ba93c648d1c7734eb4a247f3e8ac31f62122a058b6487e939,130327.40996119597,30,0,0,5000000.0,20.0,60,0.0,False,6345.461667604031,late_availability,862.5900388040318,
baseline,A5_CONTACT_AWARE,19,cb92a9e50b241b0ba93c648d1c7734eb4a247f3e8ac31f62122a058b6487e939,130327.40996119597,30,0,0,5000000.0,20.0,60,0.0,False,nan,incomplete_transfer,862.5900388040318,
baseline,A6_THREAD_AWARE_PRIORITY,19,cb92a9e50b241b0ba93c648d1c7734eb4a247f3e8ac31f62122a058b6487e939,130327.40996119597,30,0,0,5000000.0,20.0,60,0.0,False,6312.622806804032,late_availability,862.5900388040318,
baseline,A0_GROUND_ONLY,20,ea68eae2d5eef2a49e9386e2da3d80e17aa0c9dd01a8f21459dc0e1bb3577285,79271.02272901162,30,0,0,5000000.0,20.0,60,0.0,False,nan,incomplete_transfer,1368.9772709883837,
baseline,A1_COMPRESSED_FULL,20,ea68eae2d5eef2a49e9386e2da3d80e17aa0c9dd01a8f21459dc0e1bb3577285,79271.02272901162,30,0,0,5000000.0,20.0,60,0.0,False,48728.977270988384,late_availability,1368.9772709883837,48698.977270988384
baseline,A2_QUICKLOOK_FIRST,20,ea68eae2d5eef2a49e9386e2da3d80e17aa0c9dd01a8f21459dc0e1bb3577285,79271.02272901162,30,0,0,5000000.0,20.0,60,0.0,False,nan,incomplete_transfer,1368.9772709883837,
baseline,A3_ROI_FIRST,20,ea68eae2d5eef2a49e9386e2da3d80e17aa0c9dd01a8f21459dc0e1bb3577285,79271.02272901162,30,0,0,5000000.0,20.0,60,0.0,False,1468.9772709883837,late_availability,1368.9772709883837,
baseline,A4_PROGRESSIVE,20,ea68eae2d5eef2a49e9386e2da3d80e17aa0c9dd01a8f21459dc0e1bb3577285,79271.02272901162,30,0,0,5000000.0,20.0,60,0.0,False,1501.8488997883837,late_availability,1368.9772709883837,
baseline,A5_CONTACT_AWARE,20,ea68eae2d5eef2a49e9386e2da3d80e17aa0c9dd01a8f21459dc0e1bb3577285,79271.02272901162,30,0,0,5000000.0,20.0,60,0.0,False,nan,incomplete_transfer,1368.9772709883837,
baseline,A6_THREAD_AWARE_PRIORITY,20,ea68eae2d5eef2a49e9386e2da3d80e17aa0c9dd01a8f21459dc0e1bb3577285,79271.02272901162,30,0,0,5000000.0,20.0,60,0.0,False,1469.0100389883837,late_availability,1368.9772709883837,
baseline,A0_GROUND_ONLY,21,79b6be373ae23f9e67d0a8b93e626bdf10f163d9c1b6292cd31773b8b4291056,88104.08775749971,30,0,0,5000000.0,20.0,60,0.0,False,nan,incomplete_transfer,605.9122425002861,
baseline,A1_COMPRESSED_FULL,21,79b6be373ae23f9e67d0a8b93e626bdf10f163d9c1b6292cd31773b8b4291056,88104.08775749971,30,0,0,5000000.0,20.0,60,0.0,False,33835.912242500286,late_availability,605.9122425002861,33805.912242500286
baseline,A2_QUICKLOOK_FIRST,21,79b6be373ae23f9e67d0a8b93e626bdf10f163d9c1b6292cd31773b8b4291056,88104.08775749971,30,0,0,5000000.0,20.0,60,0.0,False,nan,incomplete_transfer,605.9122425002861,
baseline,A3_ROI_FIRST,21,79b6be373ae23f9e67d0a8b93e626bdf10f163d9c1b6292cd31773b8b4291056,88104.08775749971,30,0,0,5000000.0,20.0,60,0.0,True,705.9122425002861,timely_sufficient,605.9122425002861,
baseline,A4_PROGRESSIVE,21,79b6be373ae23f9e67d0a8b93e626bdf10f163d9c1b6292cd31773b8b4291056,88104.08775749971,30,0,0,5000000.0,20.0,60,0.0,True,738.7838713002861,timely_sufficient,605.9122425002861,
baseline,A5_CONTACT_AWARE,21,79b6be373ae23f9e67d0a8b93e626bdf10f163d9c1b6292cd31773b8b4291056,88104.08775749971,30,0,0,5000000.0,20.0,60,0.0,False,nan,incomplete_transfer,605.9122425002861,
baseline,A6_THREAD_AWARE_PRIORITY,21,79b6be373ae23f9e67d0a8b93e626bdf10f163d9c1b6292cd31773b8b4291056,88104.08775749971,30,0,0,5000000.0,20.0,60,0.0,True,705.9450105002861,timely_sufficient,605.9122425002861,
baseline,A0_GROUND_ONLY,22,d90a46d6de35483a0de4323e7135de3769cabfefc1f863d76df9a10ff72ef25f,125915.27799004433,30,0,0,5000000.0,20.0,60,0.0,False,nan,incomplete_transfer,204.72200995567255,
baseline,A1_COMPRESSED_FULL,22,d90a46d6de35483a0de4323e7135de3769cabfefc1f863d76df9a10ff72ef25f,125915.27799004433,30,0,0,5000000.0,20.0,60,0.0,False,6044.722009955673,late_availability,204.72200995567255,6014.722009955673
baseline,A2_QUICKLOOK_FIRST,22,d90a46d6de35483a0de4323e7135de3769cabfefc1f863d76df9a10ff72ef25f,125915.27799004433,30,0,0,5000000.0,20.0,60,0.0,False,nan,incomplete_transfer,204.72200995567255,
baseline,A3_ROI_FIRST,22,d90a46d6de35483a0de4323e7135de3769cabfefc1f863d76df9a10ff72ef25f,125915.27799004433,30,0,0,5000000.0,20.0,60,0.0,True,304.72200995567255,timely_sufficient,204.72200995567255,
baseline,A4_PROGRESSIVE,22,d90a46d6de35483a0de4323e7135de3769cabfefc1f863d76df9a10ff72ef25f,125915.27799004433,30,0,0,5000000.0,20.0,60,0.0,True,337.59363875567254,timely_sufficient,204.72200995567255,
baseline,A5_CONTACT_AWARE,22,d90a46d6de35483a0de4323e7135de3769cabfefc1f863d76df9a10ff72ef25f,125915.27799004433,30,0,0,5000000.0,20.0,60,0.0,False,nan,incomplete_transfer,204.72200995567255,
baseline,A6_THREAD_AWARE_PRIORITY,22,d90a46d6de35483a0de4323e7135de3769cabfefc1f863d76df9a10ff72ef25f,125915.27799004433,30,0,0,5000000.0,20.0,60,0.0,True,304.7547779556726,timely_sufficient,204.72200995567255,
baseline,A0_GROUND_ONLY,23,81bf8deb9db6f9f278f9f9f654b8741481674a4e6ea0de4dd5cbb220a71d481d,91925.60430622347,30,0,0,5000000.0,20.0,60,0.0,False,nan,incomplete_transfer,444.3956937765324,
baseline,A1_COMPRESSED_FULL,23,81bf8deb9db6f9f278f9f9f654b8741481674a4e6ea0de4dd5cbb220a71d481d,91925.60430622347,30,0,0,5000000.0,20.0,60,0.0,False,6344.395693776532,late_availability,444.3956937765324,6314.395693776532
baseline,A2_QUICKLOOK_FIRST,23,81bf8deb9db6f9f278f9f9f654b8741481674a4e6ea0de4dd5cbb220a71d481d,91925.60430622347,30,0,0,5000000.0,20.0,60,0.0,False,nan,incomplete_transfer,444.3956937765324,
baseline,A3_ROI_FIRST,23,81bf8deb9db6f9f278f9f9f654b8741481674a4e6ea0de4dd5cbb220a71d481d,91925.60430622347,30,0,0,5000000.0,20.0,60,0.0,True,544.3956937765324,timely_sufficient,444.3956937765324,
baseline,A4_PROGRESSIVE,23,81bf8deb9db6f9f278f9f9f654b8741481674a4e6ea0de4dd5cbb220a71d481d,91925.60430622347,30,0,0,5000000.0,20.0,60,0.0,True,577.2673225765325,timely_sufficient,444.3956937765324,
baseline,A5_CONTACT_AWARE,23,81bf8deb9db6f9f278f9f9f654b8741481674a4e6ea0de4dd5cbb220a71d481d,91925.60430622347,30,0,0,5000000.0,20.0,60,0.0,False,nan,incomplete_transfer,444.3956937765324,
baseline,A6_THREAD_AWARE_PRIORITY,23,81bf8deb9db6f9f278f9f9f654b8741481674a4e6ea0de4dd5cbb220a71d481d,91925.60430622347,30,0,0,5000000.0,20.0,60,0.0,True,544.4284617765325,timely_sufficient,444.3956937765324,
tasking_delay_s,A0_GROUND_ONLY,0,802c707f4cfe56d1ae839be12e1207a87f6ce98caacfa7b3c6eb7a8bd2371c06,71203.2493812608,30,0,0,5000000.0,20.0,180,0.0,False,86996.7506187392,late_availability,586.7506187391991,86966.7506187392
tasking_delay_s,A1_COMPRESSED_FULL,0,802c707f4cfe56d1ae839be12e1207a87f6ce98caacfa7b3c6eb7a8bd2371c06,71203.2493812608,30,0,0,5000000.0,20.0,180,0.0,False,6426.750618739199,late_availability,586.7506187391991,6396.750618739199
tasking_delay_s,A2_QUICKLOOK_FIRST,0,802c707f4cfe56d1ae839be12e1207a87f6ce98caacfa7b3c6eb7a8bd2371c06,71203.2493812608,30,0,0,5000000.0,20.0,180,0.0,False,92370.7506187392,late_availability,586.7506187391991,92340.7506187392
tasking_delay_s,A3_ROI_FIRST,0,802c707f4cfe56d1ae839be12e1207a87f6ce98caacfa7b3c6eb7a8bd2371c06,71203.2493812608,30,0,0,5000000.0,20.0,180,0.0,True,686.7506187391991,timely_sufficient,586.7506187391991,92406.7506187392
tasking_delay_s,A4_PROGRESSIVE,0,802c707f4cfe56d1ae839be12e1207a87f6ce98caacfa7b3c6eb7a8bd2371c06,71203.2493812608,30,0,0,5000000.0,20.0,180,0.0,True,719.6222475391992,timely_sufficient,586.7506187391991,92439.6222475392
tasking_delay_s,A5_CONTACT_AWARE,0,802c707f4cfe56d1ae839be12e1207a87f6ce98caacfa7b3c6eb7a8bd2371c06,71203.2493812608,30,0,0,5000000.0,20.0,180,0.0,False,86996.7506187392,late_availability,586.7506187391991,86966.7506187392
tasking_delay_s,A6_THREAD_AWARE_PRIORITY,0,802c707f4cfe56d1ae839be12e1207a87f6ce98caacfa7b3c6eb7a8bd2371c06,71203.2493812608,30,0,0,5000000.0,20.0,180,0.0,True,686.7833867391992,timely_sufficient,586.7506187391991,92439.6222475392
tasking_delay_s,A0_GROUND_ONLY,1,d9812535f85a2b8392b1489a47e186c9f417c5de2c266ef57e561237174de333,71424.58273047769,30,0,0,5000000.0,20.0,180,0.0,False,86775.41726952231,late_availability,365.41726952230965,86745.41726952231
tasking_delay_s,A1_COMPRESSED_FULL,1,d9812535f85a2b8392b1489a47e186c9f417c5de2c266ef57e561237174de333,71424.58273047769,30,0,0,5000000.0,20.0,180,0.0,False,6205.41726952231,late_availability,365.41726952230965,6175.41726952231
tasking_delay_s,A2_QUICKLOOK_FIRST,1,d9812535f85a2b8392b1489a47e186c9f417c5de2c266ef57e561237174de333,71424.58273047769,30,0,0,5000000.0,20.0,180,0.0,False,92149.41726952231,late_availability,365.41726952230965,92119.41726952231
tasking_delay_s,A3_ROI_FIRST,1,d9812535f85a2b8392b1489a47e186c9f417c5de2c266ef57e561237174de333,71424.58273047769,30,0,0,5000000.0,20.0,180,0.0,True,465.41726952230965,timely_sufficient,365.41726952230965,92185.41726952231
tasking_delay_s,A4_PROGRESSIVE,1,d9812535f85a2b8392b1489a47e186c9f417c5de2c266ef57e561237174de333,71424.58273047769,30,0,0,5000000.0,20.0,180,0.0,True,498.28889832230965,timely_sufficient,365.41726952230965,92218.28889832231
tasking_delay_s,A5_CONTACT_AWARE,1,d9812535f85a2b8392b1489a47e186c9f417c5de2c266ef57e561237174de333,71424.58273047769,30,0,0,5000000.0,20.0,180,0.0,False,86775.41726952231,late_availability,365.41726952230965,86745.41726952231
tasking_delay_s,A6_THREAD_AWARE_PRIORITY,1,d9812535f85a2b8392b1489a47e186c9f417c5de2c266ef57e561237174de333,71424.58273047769,30,0,0,5000000.0,20.0,180,0.0,True,465.4500375223097,timely_sufficient,365.41726952230965,92218.28889832231
tasking_delay_s,A0_GROUND_ONLY,2,68e9c61c97eafe694a2fc4d222ca0b09ccfe0aceb6dd91af15fd1f0c0117ba68,58205.71618563066,30,0,0,5000000.0,20.0,180,0.0,False,nan,incomplete_transfer,444.28381436933705,
tasking_delay_s,A1_COMPRESSED_FULL,2,68e9c61c97eafe694a2fc4d222ca0b09ccfe0aceb6dd91af15fd1f0c0117ba68,58205.71618563066,30,0,0,5000000.0,20.0,180,0.0,False,44694.28381436934,late_availability,444.28381436933705,44664.28381436934
tasking_delay_s,A2_QUICKLOOK_FIRST,2,68e9c61c97eafe694a2fc4d222ca0b09ccfe0aceb6dd91af15fd1f0c0117ba68,58205.71618563066,30,0,0,5000000.0,20.0,180,0.0,False,nan,incomplete_transfer,444.28381436933705,
tasking_delay_s,A3_ROI_FIRST,2,68e9c61c97eafe694a2fc4d222ca0b09ccfe0aceb6dd91af15fd1f0c0117ba68,58205.71618563066,30,0,0,5000000.0,20.0,180,0.0,False,6074.283814369337,late_availability,444.28381436933705,
tasking_delay_s,A4_PROGRESSIVE,2,68e9c61c97eafe694a2fc4d222ca0b09ccfe0aceb6dd91af15fd1f0c0117ba68,58205.71618563066,30,0,0,5000000.0,20.0,180,0.0,False,6107.155443169337,late_availability,444.28381436933705,
tasking_delay_s,A5_CONTACT_AWARE,2,68e9c61c97eafe694a2fc4d222ca0b09ccfe0aceb6dd91af15fd1f0c0117ba68,58205.71618563066,30,0,0,5000000.0,20.0,180,0.0,False,nan,incomplete_transfer,444.28381436933705,
tasking_delay_s,A6_THREAD_AWARE_PRIORITY,2,68e9c61c97eafe694a2fc4d222ca0b09ccfe0aceb6dd91af15fd1f0c0117ba68,58205.71618563066,30,0,0,5000000.0,20.0,180,0.0,False,6074.316582369337,late_availability,444.28381436933705,
tasking_delay_s,A0_GROUND_ONLY,3,033d43f5bc62296a7cd0a20c65809a0584574b07c48c5e293a8bbb3f74e38bab,158611.93508804622,30,0,0,5000000.0,20.0,180,0.0,False,nan,incomplete_transfer,718.0649119537848,
tasking_delay_s,A1_COMPRESSED_FULL,3,033d43f5bc62296a7cd0a20c65809a0584574b07c48c5e293a8bbb3f74e38bab,158611.93508804622,30,0,0,5000000.0,20.0,180,0.0,False,nan,incomplete_transfer,718.0649119537848,
tasking_delay_s,A2_QUICKLOOK_FIRST,3,033d43f5bc62296a7cd0a20c65809a0584574b07c48c5e293a8bbb3f74e38bab,158611.93508804622,30,0,0,5000000.0,20.0,180,0.0,False,nan,incomplete_transfer,718.0649119537848,
tasking_delay_s,A3_ROI_FIRST,3,033d43f5bc62296a7cd0a20c65809a0584574b07c48c5e293a8bbb3f74e38bab,158611.93508804622,30,0,0,5000000.0,20.0,180,0.0,True,818.0649119537848,timely_sufficient,718.0649119537848,
tasking_delay_s,A4_PROGRESSIVE,3,033d43f5bc62296a7cd0a20c65809a0584574b07c48c5e293a8bbb3f74e38bab,158611.93508804622,30,0,0,5000000.0,20.0,180,0.0,True,850.9365407537848,timely_sufficient,718.0649119537848,
tasking_delay_s,A5_CONTACT_AWARE,3,033d43f5bc62296a7cd0a20c65809a0584574b07c48c5e293a8bbb3f74e38bab,158611.93508804622,30,0,0,5000000.0,20.0,180,0.0,False,nan,incomplete_transfer,718.0649119537848,
tasking_delay_s,A6_THREAD_AWARE_PRIORITY,3,033d43f5bc62296a7cd0a20c65809a0584574b07c48c5e293a8bbb3f74e38bab,158611.93508804622,30,0,0,5000000.0,20.0,180,0.0,True,818.0976799537848,timely_sufficient,718.0649119537848,
tasking_delay_s,A0_GROUND_ONLY,4,7547a57927740dec4f6195505c186e899b3ec4e944c0f60cc81cef6d3071cf75,132436.21328815687,30,0,0,5000000.0,20.0,180,0.0,False,nan,incomplete_transfer,643.7867118431313,
tasking_delay_s,A1_COMPRESSED_FULL,4,7547a57927740dec4f6195505c186e899b3ec4e944c0f60cc81cef6d3071cf75,132436.21328815687,30,0,0,5000000.0,20.0,180,0.0,False,nan,incomplete_transfer,643.7867118431313,
tasking_delay_s,A2_QUICKLOOK_FIRST,4,7547a57927740dec4f6195505c186e899b3ec4e944c0f60cc81cef6d3071cf75,132436.21328815687,30,0,0,5000000.0,20.0,180,0.0,False,nan,incomplete_transfer,643.7867118431313,
tasking_delay_s,A3_ROI_FIRST,4,7547a57927740dec4f6195505c186e899b3ec4e944c0f60cc81cef6d3071cf75,132436.21328815687,30,0,0,5000000.0,20.0,180,0.0,False,6053.786711843131,late_availability,643.7867118431313,
tasking_delay_s,A4_PROGRESSIVE,4,7547a57927740dec4f6195505c186e899b3ec4e944c0f60cc81cef6d3071cf75,132436.21328815687,30,0,0,5000000.0,20.0,180,0.0,False,6086.658340643131,late_availability,643.7867118431313,
tasking_delay_s,A5_CONTACT_AWARE,4,7547a57927740dec4f6195505c186e899b3ec4e944c0f60cc81cef6d3071cf75,132436.21328815687,30,0,0,5000000.0,20.0,180,0.0,False,nan,incomplete_transfer,643.7867118431313,
tasking_delay_s,A6_THREAD_AWARE_PRIORITY,4,7547a57927740dec4f6195505c186e899b3ec4e944c0f60cc81cef6d3071cf75,132436.21328815687,30,0,0,5000000.0,20.0,180,0.0,False,6053.819479843131,late_availability,643.7867118431313,
tasking_delay_s,A0_GROUND_ONLY,5,e0b6eff36a194b98624299cfeaf4bd76367851b3e08dd6764afc7342dacffec6,47831.79843658002,30,0,0,5000000.0,20.0,180,0.0,False,nan,incomplete_transfer,978.2015634199779,
tasking_delay_s,A1_COMPRESSED_FULL,5,e0b6eff36a194b98624299cfeaf4bd76367851b3e08dd6764afc7342dacffec6,47831.79843658002,30,0,0,5000000.0,20.0,180,0.0,False,48428.20156341998,late_availability,978.2015634199779,48398.20156341998
tasking_delay_s,A2_QUICKLOOK_FIRST,5,e0b6eff36a194b98624299cfeaf4bd76367851b3e08dd6764afc7342dacffec6,47831.79843658002,30,0,0,5000000.0,20.0,180,0.0,False,nan,incomplete_transfer,978.2015634199779,
tasking_delay_s,A3_ROI_FIRST,5,e0b6eff36a194b98624299cfeaf4bd76367851b3e08dd6764afc7342dacffec6,47831.79843658002,30,0,0,5000000.0,20.0,180,0.0,False,1078.201563419978,late_availability,978.2015634199779,
tasking_delay_s,A4_PROGRESSIVE,5,e0b6eff36a194b98624299cfeaf4bd76367851b3e08dd6764afc7342dacffec6,47831.79843658002,30,0,0,5000000.0,20.0,180,0.0,False,1111.073192219978,late_availability,978.2015634199779,
tasking_delay_s,A5_CONTACT_AWARE,5,e0b6eff36a194b98624299cfeaf4bd76367851b3e08dd6764afc7342dacffec6,47831.79843658002,30,0,0,5000000.0,20.0,180,0.0,False,nan,incomplete_transfer,978.2015634199779,
tasking_delay_s,A6_THREAD_AWARE_PRIORITY,5,e0b6eff36a194b98624299cfeaf4bd76367851b3e08dd6764afc7342dacffec6,47831.79843658002,30,0,0,5000000.0,20.0,180,0.0,False,1078.234331419978,late_availability,978.2015634199779,
tasking_delay_s,A0_GROUND_ONLY,6,fda9337482dc19d6aa0274ae04040c4163a736a677a7d029096f076ac8e218ee,162058.85659696194,30,0,0,5000000.0,20.0,180,0.0,False,nan,incomplete_transfer,961.1434030380624,
tasking_delay_s,A1_COMPRESSED_FULL,6,fda9337482dc19d6aa0274ae04040c4163a736a677a7d029096f076ac8e218ee,162058.85659696194,30,0,0,5000000.0,20.0,180,0.0,False,nan,incomplete_transfer,961.1434030380624,
tasking_delay_s,A2_QUICKLOOK_FIRST,6,fda9337482dc19d6aa0274ae04040c4163a736a677a7d029096f076ac8e218ee,162058.85659696194,30,0,0,5000000.0,20.0,180,0.0,False,nan,incomplete_transfer,961.1434030380624,
tasking_delay_s,A3_ROI_FIRST,6,fda9337482dc19d6aa0274ae04040c4163a736a677a7d029096f076ac8e218ee,162058.85659696194,30,0,0,5000000.0,20.0,180,0.0,False,6411.143403038062,late_availability,961.1434030380624,
tasking_delay_s,A4_PROGRESSIVE,6,fda9337482dc19d6aa0274ae04040c4163a736a677a7d029096f076ac8e218ee,162058.85659696194,30,0,0,5000000.0,20.0,180,0.0,False,6444.015031838062,late_availability,961.1434030380624,
tasking_delay_s,A5_CONTACT_AWARE,6,fda9337482dc19d6aa0274ae04040c4163a736a677a7d029096f076ac8e218ee,162058.85659696194,30,0,0,5000000.0,20.0,180,0.0,False,nan,incomplete_transfer,961.1434030380624,
tasking_delay_s,A6_THREAD_AWARE_PRIORITY,6,fda9337482dc19d6aa0274ae04040c4163a736a677a7d029096f076ac8e218ee,162058.85659696194,30,0,0,5000000.0,20.0,180,0.0,False,6411.176171038062,late_availability,961.1434030380624,
tasking_delay_s,A0_GROUND_ONLY,7,1c872d30a5df33b5e5b37b5d07a13481b0fc243e9f87a5ca529540fe05a0a1b5,89694.63240020716,30,0,0,5000000.0,20.0,180,0.0,False,nan,incomplete_transfer,305.3675997928367,
tasking_delay_s,A1_COMPRESSED_FULL,7,1c872d30a5df33b5e5b37b5d07a13481b0fc243e9f87a5ca529540fe05a0a1b5,89694.63240020716,30,0,0,5000000.0,20.0,180,0.0,False,47575.36759979284,late_availability,305.3675997928367,47545.36759979284
tasking_delay_s,A2_QUICKLOOK_FIRST,7,1c872d30a5df33b5e5b37b5d07a13481b0fc243e9f87a5ca529540fe05a0a1b5,89694.63240020716,30,0,0,5000000.0,20.0,180,0.0,False,nan,incomplete_transfer,305.3675997928367,
tasking_delay_s,A3_ROI_FIRST,7,1c872d30a5df33b5e5b37b5d07a13481b0fc243e9f87a5ca529540fe05a0a1b5,89694.63240020716,30,0,0,5000000.0,20.0,180,0.0,False,5745.367599792837,late_availability,305.3675997928367,
tasking_delay_s,A4_PROGRESSIVE,7,1c872d30a5df33b5e5b37b5d07a13481b0fc243e9f87a5ca529540fe05a0a1b5,89694.63240020716,30,0,0,5000000.0,20.0,180,0.0,False,5778.239228592836,late_availability,305.3675997928367,
tasking_delay_s,A5_CONTACT_AWARE,7,1c872d30a5df33b5e5b37b5d07a13481b0fc243e9f87a5ca529540fe05a0a1b5,89694.63240020716,30,0,0,5000000.0,20.0,180,0.0,False,nan,incomplete_transfer,305.3675997928367,
tasking_delay_s,A6_THREAD_AWARE_PRIORITY,7,1c872d30a5df33b5e5b37b5d07a13481b0fc243e9f87a5ca529540fe05a0a1b5,89694.63240020716,30,0,0,5000000.0,20.0,180,0.0,False,5745.400367792837,late_availability,305.3675997928367,
tasking_delay_s,A0_GROUND_ONLY,8,ca2787bcd7d733cd06bb406537315d8e17c205980b0319e168ddf43ad406d672,144902.43529740698,30,0,0,5000000.0,20.0,180,0.0,False,nan,incomplete_transfer,1287.564702593023,
tasking_delay_s,A1_COMPRESSED_FULL,8,ca2787bcd7d733cd06bb406537315d8e17c205980b0319e168ddf43ad406d672,144902.43529740698,30,0,0,5000000.0,20.0,180,0.0,False,nan,incomplete_transfer,1287.564702593023,
tasking_delay_s,A2_QUICKLOOK_FIRST,8,ca2787bcd7d733cd06bb406537315d8e17c205980b0319e168ddf43ad406d672,144902.43529740698,30,0,0,5000000.0,20.0,180,0.0,False,nan,incomplete_transfer,1287.564702593023,
tasking_delay_s,A3_ROI_FIRST,8,ca2787bcd7d733cd06bb406537315d8e17c205980b0319e168ddf43ad406d672,144902.43529740698,30,0,0,5000000.0,20.0,180,0.0,False,1387.564702593023,late_availability,1287.564702593023,
tasking_delay_s,A4_PROGRESSIVE,8,ca2787bcd7d733cd06bb406537315d8e17c205980b0319e168ddf43ad406d672,144902.43529740698,30,0,0,5000000.0,20.0,180,0.0,False,1420.436331393023,late_availability,1287.564702593023,
tasking_delay_s,A5_CONTACT_AWARE,8,ca2787bcd7d733cd06bb406537315d8e17c205980b0319e168ddf43ad406d672,144902.43529740698,30,0,0,5000000.0,20.0,180,0.0,False,nan,incomplete_transfer,1287.564702593023,
tasking_delay_s,A6_THREAD_AWARE_PRIORITY,8,ca2787bcd7d733cd06bb406537315d8e17c205980b0319e168ddf43ad406d672,144902.43529740698,30,0,0,5000000.0,20.0,180,0.0,False,1387.597470593023,late_availability,1287.564702593023,
tasking_delay_s,A0_GROUND_ONLY,9,3820a7596dd976ca22f6ca07eb367d7d7773a78fa9bc38e9de4626d17419b41d,87958.18700346815,30,0,0,5000000.0,20.0,180,0.0,False,nan,incomplete_transfer,751.8129965318512,
tasking_delay_s,A1_COMPRESSED_FULL,9,3820a7596dd976ca22f6ca07eb367d7d7773a78fa9bc38e9de4626d17419b41d,87958.18700346815,30,0,0,5000000.0,20.0,180,0.0,False,33981.81299653185,late_availability,751.8129965318512,33951.81299653185
tasking_delay_s,A2_QUICKLOOK_FIRST,9,3820a7596dd976ca22f6ca07eb367d7d7773a78fa9bc38e9de4626d17419b41d,87958.18700346815,30,0,0,5000000.0,20.0,180,0.0,False,nan,incomplete_transfer,751.8129965318512,
tasking_delay_s,A3_ROI_FIRST,9,3820a7596dd976ca22f6ca07eb367d7d7773a78fa9bc38e9de4626d17419b41d,87958.18700346815,30,0,0,5000000.0,20.0,180,0.0,True,851.8129965318512,timely_sufficient,751.8129965318512,
tasking_delay_s,A4_PROGRESSIVE,9,3820a7596dd976ca22f6ca07eb367d7d7773a78fa9bc38e9de4626d17419b41d,87958.18700346815,30,0,0,5000000.0,20.0,180,0.0,True,884.6846253318513,timely_sufficient,751.8129965318512,
tasking_delay_s,A5_CONTACT_AWARE,9,3820a7596dd976ca22f6ca07eb367d7d7773a78fa9bc38e9de4626d17419b41d,87958.18700346815,30,0,0,5000000.0,20.0,180,0.0,False,nan,incomplete_transfer,751.8129965318512,
tasking_delay_s,A6_THREAD_AWARE_PRIORITY,9,3820a7596dd976ca22f6ca07eb367d7d7773a78fa9bc38e9de4626d17419b41d,87958.18700346815,30,0,0,5000000.0,20.0,180,0.0,True,851.8457645318513,timely_sufficient,751.8129965318512,
tasking_delay_s,A0_GROUND_ONLY,10,398d19042146f9466ae1827a1693cdcc8d3527f7f95dc8f61340c4f32d1e9a35,136841.14223680316,30,0,0,5000000.0,20.0,180,0.0,False,nan,incomplete_transfer,498.85776319683646,
tasking_delay_s,A1_COMPRESSED_FULL,10,398d19042146f9466ae1827a1693cdcc8d3527f7f95dc8f61340c4f32d1e9a35,136841.14223680316,30,0,0,5000000.0,20.0,180,0.0,False,6338.8577631968365,late_availability,498.85776319683646,6308.8577631968365
tasking_delay_s,A2_QUICKLOOK_FIRST,10,398d19042146f9466ae1827a1693cdcc8d3527f7f95dc8f61340c4f32d1e9a35,136841.14223680316,30,0,0,5000000.0,20.0,180,0.0,False,nan,incomplete_transfer,498.85776319683646,
tasking_delay_s,A3_ROI_FIRST,10,398d19042146f9466ae1827a1693cdcc8d3527f7f95dc8f61340c4f32d1e9a35,136841.14223680316,30,0,0,5000000.0,20.0,180,0.0,True,598.8577631968365,timely_sufficient,498.85776319683646,
tasking_delay_s,A4_PROGRESSIVE,10,398d19042146f9466ae1827a1693cdcc8d3527f7f95dc8f61340c4f32d1e9a35,136841.14223680316,30,0,0,5000000.0,20.0,180,0.0,True,631.7293919968365,timely_sufficient,498.85776319683646,
tasking_delay_s,A5_CONTACT_AWARE,10,398d19042146f9466ae1827a1693cdcc8d3527f7f95dc8f61340c4f32d1e9a35,136841.14223680316,30,0,0,5000000.0,20.0,180,0.0,False,nan,incomplete_transfer,498.85776319683646,
tasking_delay_s,A6_THREAD_AWARE_PRIORITY,10,398d19042146f9466ae1827a1693cdcc8d3527f7f95dc8f61340c4f32d1e9a35,136841.14223680316,30,0,0,5000000.0,20.0,180,0.0,True,598.8905311968365,timely_sufficient,498.85776319683646,
tasking_delay_s,A0_GROUND_ONLY,11,5e71b36653c8a13bddf15fbb78aa2996d481721ff32a889fe7d160bba9b3273f,10757.589420950173,30,0,0,5000000.0,20.0,180,0.0,False,139882.4105790498,late_availability,582.410579049827,139852.4105790498
tasking_delay_s,A1_COMPRESSED_FULL,11,5e71b36653c8a13bddf15fbb78aa2996d481721ff32a889fe7d160bba9b3273f,10757.589420950173,30,0,0,5000000.0,20.0,180,0.0,False,53532.41057904983,late_availability,582.410579049827,53502.41057904983
tasking_delay_s,A2_QUICKLOOK_FIRST,11,5e71b36653c8a13bddf15fbb78aa2996d481721ff32a889fe7d160bba9b3273f,10757.589420950173,30,0,0,5000000.0,20.0,180,0.0,False,139914.4105790498,late_availability,582.410579049827,139884.4105790498
tasking_delay_s,A3_ROI_FIRST,11,5e71b36653c8a13bddf15fbb78aa2996d481721ff32a889fe7d160bba9b3273f,10757.589420950173,30,0,0,5000000.0,20.0,180,0.0,False,6032.410579049827,late_availability,582.410579049827,139932.4105790498
tasking_delay_s,A4_PROGRESSIVE,11,5e71b36653c8a13bddf15fbb78aa2996d481721ff32a889fe7d160bba9b3273f,10757.589420950173,30,0,0,5000000.0,20.0,180,0.0,False,6065.282207849827,late_availability,582.410579049827,139965.2822078498
tasking_delay_s,A5_CONTACT_AWARE,11,5e71b36653c8a13bddf15fbb78aa2996d481721ff32a889fe7d160bba9b3273f,10757.589420950173,30,0,0,5000000.0,20.0,180,0.0,False,139882.4105790498,late_availability,582.410579049827,139852.4105790498
tasking_delay_s,A6_THREAD_AWARE_PRIORITY,11,5e71b36653c8a13bddf15fbb78aa2996d481721ff32a889fe7d160bba9b3273f,10757.589420950173,30,0,0,5000000.0,20.0,180,0.0,False,6032.443347049827,late_availability,582.410579049827,139965.2822078498
tasking_delay_s,A0_GROUND_ONLY,12,a203a9c8d5fac8926b60ddeecc09594befa7100e1508aec081732e10d387694d,88736.79289767242,30,0,0,5000000.0,20.0,180,0.0,False,nan,incomplete_transfer,1263.2071023275785,
tasking_delay_s,A1_COMPRESSED_FULL,12,a203a9c8d5fac8926b60ddeecc09594befa7100e1508aec081732e10d387694d,88736.79289767242,30,0,0,5000000.0,20.0,180,0.0,False,48533.20710232758,late_availability,1263.2071023275785,48503.20710232758
tasking_delay_s,A2_QUICKLOOK_FIRST,12,a203a9c8d5fac8926b60ddeecc09594befa7100e1508aec081732e10d387694d,88736.79289767242,30,0,0,5000000.0,20.0,180,0.0,False,nan,incomplete_transfer,1263.2071023275785,
tasking_delay_s,A3_ROI_FIRST,12,a203a9c8d5fac8926b60ddeecc09594befa7100e1508aec081732e10d387694d,88736.79289767242,30,0,0,5000000.0,20.0,180,0.0,False,6703.2071023275785,late_availability,1263.2071023275785,
tasking_delay_s,A4_PROGRESSIVE,12,a203a9c8d5fac8926b60ddeecc09594befa7100e1508aec081732e10d387694d,88736.79289767242,30,0,0,5000000.0,20.0,180,0.0,False,6736.078731127578,late_availability,1263.2071023275785,
tasking_delay_s,A5_CONTACT_AWARE,12,a203a9c8d5fac8926b60ddeecc09594befa7100e1508aec081732e10d387694d,88736.79289767242,30,0,0,5000000.0,20.0,180,0.0,False,nan,incomplete_transfer,1263.2071023275785,
tasking_delay_s,A6_THREAD_AWARE_PRIORITY,12,a203a9c8d5fac8926b60ddeecc09594befa7100e1508aec081732e10d387694d,88736.79289767242,30,0,0,5000000.0,20.0,180,0.0,False,6703.2398703275785,late_availability,1263.2071023275785,
tasking_delay_s,A0_GROUND_ONLY,13,3f7f4f9948daaaa103214bb86008ff571d7010899e1d643f59ebcf8bb7d8d689,2223.421192988508,30,0,0,5000000.0,20.0,180,0.0,False,86736.5788070115,late_availability,326.5788070114918,86706.5788070115
tasking_delay_s,A1_COMPRESSED_FULL,13,3f7f4f9948daaaa103214bb86008ff571d7010899e1d643f59ebcf8bb7d8d689,2223.421192988508,30,0,0,5000000.0,20.0,180,0.0,False,33556.578807011494,late_availability,326.5788070114918,33526.578807011494
tasking_delay_s,A2_QUICKLOOK_FIRST,13,3f7f4f9948daaaa103214bb86008ff571d7010899e1d643f59ebcf8bb7d8d689,2223.421192988508,30,0,0,5000000.0,20.0,180,0.0,False,119470.5788070115,late_availability,326.5788070114918,119440.5788070115
tasking_delay_s,A3_ROI_FIRST,13,3f7f4f9948daaaa103214bb86008ff571d7010899e1d643f59ebcf8bb7d8d689,2223.421192988508,30,0,0,5000000.0,20.0,180,0.0,True,426.5788070114918,timely_sufficient,326.5788070114918,119506.5788070115
tasking_delay_s,A4_PROGRESSIVE,13,3f7f4f9948daaaa103214bb86008ff571d7010899e1d643f59ebcf8bb7d8d689,2223.421192988508,30,0,0,5000000.0,20.0,180,0.0,True,459.4504358114918,timely_sufficient,326.5788070114918,119539.4504358115
tasking_delay_s,A5_CONTACT_AWARE,13,3f7f4f9948daaaa103214bb86008ff571d7010899e1d643f59ebcf8bb7d8d689,2223.421192988508,30,0,0,5000000.0,20.0,180,0.0,False,86736.5788070115,late_availability,326.5788070114918,86706.5788070115
tasking_delay_s,A6_THREAD_AWARE_PRIORITY,13,3f7f4f9948daaaa103214bb86008ff571d7010899e1d643f59ebcf8bb7d8d689,2223.421192988508,30,0,0,5000000.0,20.0,180,0.0,True,426.6115750114918,timely_sufficient,326.5788070114918,119539.4504358115
tasking_delay_s,A0_GROUND_ONLY,14,f3926b545e21f84bea6c9ecea65c8a2645a32f0f5819b1a414c68f18307ebb81,41795.95486579752,30,0,0,5000000.0,20.0,180,0.0,False,98884.04513420249,late_availability,1374.0451342024826,98854.04513420249
tasking_delay_s,A1_COMPRESSED_FULL,14,f3926b545e21f84bea6c9ecea65c8a2645a32f0f5819b1a414c68f18307ebb81,41795.95486579752,30,0,0,5000000.0,20.0,180,0.0,False,12684.045134202483,late_availability,1374.0451342024826,12654.045134202483
tasking_delay_s,A2_QUICKLOOK_FIRST,14,f3926b545e21f84bea6c9ecea65c8a2645a32f0f5819b1a414c68f18307ebb81,41795.95486579752,30,0,0,5000000.0,20.0,180,0.0,False,98916.04513420249,late_availability,1374.0451342024826,98886.04513420249
tasking_delay_s,A3_ROI_FIRST,14,f3926b545e21f84bea6c9ecea65c8a2645a32f0f5819b1a414c68f18307ebb81,41795.95486579752,30,0,0,5000000.0,20.0,180,0.0,False,6824.045134202483,late_availability,1374.0451342024826,
tasking_delay_s,A4_PROGRESSIVE,14,f3926b545e21f84bea6c9ecea65c8a2645a32f0f5819b1a414c68f18307ebb81,41795.95486579752,30,0,0,5000000.0,20.0,180,0.0,False,6856.916763002482,late_availability,1374.0451342024826,
tasking_delay_s,A5_CONTACT_AWARE,14,f3926b545e21f84bea6c9ecea65c8a2645a32f0f5819b1a414c68f18307ebb81,41795.95486579752,30,0,0,5000000.0,20.0,180,0.0,False,98884.04513420249,late_availability,1374.0451342024826,98854.04513420249
tasking_delay_s,A6_THREAD_AWARE_PRIORITY,14,f3926b545e21f84bea6c9ecea65c8a2645a32f0f5819b1a414c68f18307ebb81,41795.95486579752,30,0,0,5000000.0,20.0,180,0.0,False,6824.077902202483,late_availability,1374.0451342024826,
tasking_delay_s,A0_GROUND_ONLY,15,f7d314bc7118e70e0527bb72132d140d6af4305dcc1248cc940e82b8baeb39c4,161247.47134785925,30,0,0,5000000.0,20.0,180,0.0,False,nan,incomplete_transfer,482.5286521407543,
tasking_delay_s,A1_COMPRESSED_FULL,15,f7d314bc7118e70e0527bb72132d140d6af4305dcc1248cc940e82b8baeb39c4,161247.47134785925,30,0,0,5000000.0,20.0,180,0.0,False,nan,incomplete_transfer,482.5286521407543,
tasking_delay_s,A2_QUICKLOOK_FIRST,15,f7d314bc7118e70e0527bb72132d140d6af4305dcc1248cc940e82b8baeb39c4,161247.47134785925,30,0,0,5000000.0,20.0,180,0.0,False,nan,incomplete_transfer,482.5286521407543,
tasking_delay_s,A3_ROI_FIRST,15,f7d314bc7118e70e0527bb72132d140d6af4305dcc1248cc940e82b8baeb39c4,161247.47134785925,30,0,0,5000000.0,20.0,180,0.0,True,582.5286521407543,timely_sufficient,482.5286521407543,
tasking_delay_s,A4_PROGRESSIVE,15,f7d314bc7118e70e0527bb72132d140d6af4305dcc1248cc940e82b8baeb39c4,161247.47134785925,30,0,0,5000000.0,20.0,180,0.0,True,615.4002809407543,timely_sufficient,482.5286521407543,
tasking_delay_s,A5_CONTACT_AWARE,15,f7d314bc7118e70e0527bb72132d140d6af4305dcc1248cc940e82b8baeb39c4,161247.47134785925,30,0,0,5000000.0,20.0,180,0.0,False,nan,incomplete_transfer,482.5286521407543,
tasking_delay_s,A6_THREAD_AWARE_PRIORITY,15,f7d314bc7118e70e0527bb72132d140d6af4305dcc1248cc940e82b8baeb39c4,161247.47134785925,30,0,0,5000000.0,20.0,180,0.0,True,582.5614201407543,timely_sufficient,482.5286521407543,
tasking_delay_s,A0_GROUND_ONLY,16,ee99b89909f6a5e8ca3bac0920ca70e5cdd867266f9d3942f86132854bf4956d,78181.82051197265,30,0,0,5000000.0,20.0,180,0.0,False,92318.17948802735,late_availability,568.1794880273519,92288.17948802735
tasking_delay_s,A1_COMPRESSED_FULL,16,ee99b89909f6a5e8ca3bac0920ca70e5cdd867266f9d3942f86132854bf4956d,78181.82051197265,30,0,0,5000000.0,20.0,180,0.0,False,47868.17948802735,late_availability,568.1794880273519,47838.17948802735
tasking_delay_s,A2_QUICKLOOK_FIRST,16,ee99b89909f6a5e8ca3bac0920ca70e5cdd867266f9d3942f86132854bf4956d,78181.82051197265,30,0,0,5000000.0,20.0,180,0.0,False,92352.17948802735,late_availability,568.1794880273519,92322.17948802735
tasking_delay_s,A3_ROI_FIRST,16,ee99b89909f6a5e8ca3bac0920ca70e5cdd867266f9d3942f86132854bf4956d,78181.82051197265,30,0,0,5000000.0,20.0,180,0.0,False,6008.179488027352,late_availability,568.1794880273519,92388.17948802735
tasking_delay_s,A4_PROGRESSIVE,16,ee99b89909f6a5e8ca3bac0920ca70e5cdd867266f9d3942f86132854bf4956d,78181.82051197265,30,0,0,5000000.0,20.0,180,0.0,False,6041.0511168273515,late_availability,568.1794880273519,92421.05111682735
tasking_delay_s,A5_CONTACT_AWARE,16,ee99b89909f6a5e8ca3bac0920ca70e5cdd867266f9d3942f86132854bf4956d,78181.82051197265,30,0,0,5000000.0,20.0,180,0.0,False,92318.17948802735,late_availability,568.1794880273519,92288.17948802735
tasking_delay_s,A6_THREAD_AWARE_PRIORITY,16,ee99b89909f6a5e8ca3bac0920ca70e5cdd867266f9d3942f86132854bf4956d,78181.82051197265,30,0,0,5000000.0,20.0,180,0.0,False,6008.212256027352,late_availability,568.1794880273519,92421.05111682735
tasking_delay_s,A0_GROUND_ONLY,17,24c9e3f8a903582cebb2377603b5fc8259de1ee58d43fd4fea440d8bece0b72e,135271.13657556393,30,0,0,5000000.0,20.0,180,0.0,False,nan,incomplete_transfer,1588.8634244360728,
tasking_delay_s,A1_COMPRESSED_FULL,17,24c9e3f8a903582cebb2377603b5fc8259de1ee58d43fd4fea440d8bece0b72e,135271.13657556393,30,0,0,5000000.0,20.0,180,0.0,False,nan,incomplete_transfer,1588.8634244360728,
tasking_delay_s,A2_QUICKLOOK_FIRST,17,24c9e3f8a903582cebb2377603b5fc8259de1ee58d43fd4fea440d8bece0b72e,135271.13657556393,30,0,0,5000000.0,20.0,180,0.0,False,nan,incomplete_transfer,1588.8634244360728,
tasking_delay_s,A3_ROI_FIRST,17,24c9e3f8a903582cebb2377603b5fc8259de1ee58d43fd4fea440d8bece0b72e,135271.13657556393,30,0,0,5000000.0,20.0,180,0.0,False,1688.8634244360728,late_availability,1588.8634244360728,
tasking_delay_s,A4_PROGRESSIVE,17,24c9e3f8a903582cebb2377603b5fc8259de1ee58d43fd4fea440d8bece0b72e,135271.13657556393,30,0,0,5000000.0,20.0,180,0.0,False,1721.7350532360729,late_availability,1588.8634244360728,
tasking_delay_s,A5_CONTACT_AWARE,17,24c9e3f8a903582cebb2377603b5fc8259de1ee58d43fd4fea440d8bece0b72e,135271.13657556393,30,0,0,5000000.0,20.0,180,0.0,False,nan,incomplete_transfer,1588.8634244360728,
tasking_delay_s,A6_THREAD_AWARE_PRIORITY,17,24c9e3f8a903582cebb2377603b5fc8259de1ee58d43fd4fea440d8bece0b72e,135271.13657556393,30,0,0,5000000.0,20.0,180,0.0,False,1688.8961924360729,late_availability,1588.8634244360728,
tasking_delay_s,A0_GROUND_ONLY,18,9893c2ea9017e5ee5f0371b50485b4b9a7f99e82205cf1f8a49c5ca3a947b20c,165135.03257907528,30,0,0,5000000.0,20.0,180,0.0,False,nan,incomplete_transfer,344.96742092471686,
tasking_delay_s,A1_COMPRESSED_FULL,18,9893c2ea9017e5ee5f0371b50485b4b9a7f99e82205cf1f8a49c5ca3a947b20c,165135.03257907528,30,0,0,5000000.0,20.0,180,0.0,False,nan,incomplete_transfer,344.96742092471686,
tasking_delay_s,A2_QUICKLOOK_FIRST,18,9893c2ea9017e5ee5f0371b50485b4b9a7f99e82205cf1f8a49c5ca3a947b20c,165135.03257907528,30,0,0,5000000.0,20.0,180,0.0,False,nan,incomplete_transfer,344.96742092471686,
tasking_delay_s,A3_ROI_FIRST,18,9893c2ea9017e5ee5f0371b50485b4b9a7f99e82205cf1f8a49c5ca3a947b20c,165135.03257907528,30,0,0,5000000.0,20.0,180,0.0,True,454.96742092471686,timely_sufficient,344.96742092471686,
tasking_delay_s,A4_PROGRESSIVE,18,9893c2ea9017e5ee5f0371b50485b4b9a7f99e82205cf1f8a49c5ca3a947b20c,165135.03257907528,30,0,0,5000000.0,20.0,180,0.0,True,487.83904972471686,timely_sufficient,344.96742092471686,
tasking_delay_s,A5_CONTACT_AWARE,18,9893c2ea9017e5ee5f0371b50485b4b9a7f99e82205cf1f8a49c5ca3a947b20c,165135.03257907528,30,0,0,5000000.0,20.0,180,0.0,False,nan,incomplete_transfer,344.96742092471686,
tasking_delay_s,A6_THREAD_AWARE_PRIORITY,18,9893c2ea9017e5ee5f0371b50485b4b9a7f99e82205cf1f8a49c5ca3a947b20c,165135.03257907528,30,0,0,5000000.0,20.0,180,0.0,True,455.0001889247169,timely_sufficient,344.96742092471686,
tasking_delay_s,A0_GROUND_ONLY,19,cb92a9e50b241b0ba93c648d1c7734eb4a247f3e8ac31f62122a058b6487e939,130327.40996119597,30,0,0,5000000.0,20.0,180,0.0,False,nan,incomplete_transfer,862.5900388040318,
tasking_delay_s,A1_COMPRESSED_FULL,19,cb92a9e50b241b0ba93c648d1c7734eb4a247f3e8ac31f62122a058b6487e939,130327.40996119597,30,0,0,5000000.0,20.0,180,0.0,False,nan,incomplete_transfer,862.5900388040318,
tasking_delay_s,A2_QUICKLOOK_FIRST,19,cb92a9e50b241b0ba93c648d1c7734eb4a247f3e8ac31f62122a058b6487e939,130327.40996119597,30,0,0,5000000.0,20.0,180,0.0,False,nan,incomplete_transfer,862.5900388040318,
tasking_delay_s,A3_ROI_FIRST,19,cb92a9e50b241b0ba93c648d1c7734eb4a247f3e8ac31f62122a058b6487e939,130327.40996119597,30,0,0,5000000.0,20.0,180,0.0,False,6312.590038804032,late_availability,862.5900388040318,
tasking_delay_s,A4_PROGRESSIVE,19,cb92a9e50b241b0ba93c648d1c7734eb4a247f3e8ac31f62122a058b6487e939,130327.40996119597,30,0,0,5000000.0,20.0,180,0.0,False,6345.461667604031,late_availability,862.5900388040318,
tasking_delay_s,A5_CONTACT_AWARE,19,cb92a9e50b241b0ba93c648d1c7734eb4a247f3e8ac31f62122a058b6487e939,130327.40996119597,30,0,0,5000000.0,20.0,180,0.0,False,nan,incomplete_transfer,862.5900388040318,
tasking_delay_s,A6_THREAD_AWARE_PRIORITY,19,cb92a9e50b241b0ba93c648d1c7734eb4a247f3e8ac31f62122a058b6487e939,130327.40996119597,30,0,0,5000000.0,20.0,180,0.0,False,6312.622806804032,late_availability,862.5900388040318,
tasking_delay_s,A0_GROUND_ONLY,20,ea68eae2d5eef2a49e9386e2da3d80e17aa0c9dd01a8f21459dc0e1bb3577285,79271.02272901162,30,0,0,5000000.0,20.0,180,0.0,False,nan,incomplete_transfer,1368.9772709883837,
tasking_delay_s,A1_COMPRESSED_FULL,20,ea68eae2d5eef2a49e9386e2da3d80e17aa0c9dd01a8f21459dc0e1bb3577285,79271.02272901162,30,0,0,5000000.0,20.0,180,0.0,False,48728.977270988384,late_availability,1368.9772709883837,48698.977270988384
tasking_delay_s,A2_QUICKLOOK_FIRST,20,ea68eae2d5eef2a49e9386e2da3d80e17aa0c9dd01a8f21459dc0e1bb3577285,79271.02272901162,30,0,0,5000000.0,20.0,180,0.0,False,nan,incomplete_transfer,1368.9772709883837,
tasking_delay_s,A3_ROI_FIRST,20,ea68eae2d5eef2a49e9386e2da3d80e17aa0c9dd01a8f21459dc0e1bb3577285,79271.02272901162,30,0,0,5000000.0,20.0,180,0.0,False,1468.9772709883837,late_availability,1368.9772709883837,
tasking_delay_s,A4_PROGRESSIVE,20,ea68eae2d5eef2a49e9386e2da3d80e17aa0c9dd01a8f21459dc0e1bb3577285,79271.02272901162,30,0,0,5000000.0,20.0,180,0.0,False,1501.8488997883837,late_availability,1368.9772709883837,
tasking_delay_s,A5_CONTACT_AWARE,20,ea68eae2d5eef2a49e9386e2da3d80e17aa0c9dd01a8f21459dc0e1bb3577285,79271.02272901162,30,0,0,5000000.0,20.0,180,0.0,False,nan,incomplete_transfer,1368.9772709883837,
tasking_delay_s,A6_THREAD_AWARE_PRIORITY,20,ea68eae2d5eef2a49e9386e2da3d80e17aa0c9dd01a8f21459dc0e1bb3577285,79271.02272901162,30,0,0,5000000.0,20.0,180,0.0,False,1469.0100389883837,late_availability,1368.9772709883837,
tasking_delay_s,A0_GROUND_ONLY,21,79b6be373ae23f9e67d0a8b93e626bdf10f163d9c1b6292cd31773b8b4291056,88104.08775749971,30,0,0,5000000.0,20.0,180,0.0,False,nan,incomplete_transfer,605.9122425002861,
tasking_delay_s,A1_COMPRESSED_FULL,21,79b6be373ae23f9e67d0a8b93e626bdf10f163d9c1b6292cd31773b8b4291056,88104.08775749971,30,0,0,5000000.0,20.0,180,0.0,False,33835.912242500286,late_availability,605.9122425002861,33805.912242500286
tasking_delay_s,A2_QUICKLOOK_FIRST,21,79b6be373ae23f9e67d0a8b93e626bdf10f163d9c1b6292cd31773b8b4291056,88104.08775749971,30,0,0,5000000.0,20.0,180,0.0,False,nan,incomplete_transfer,605.9122425002861,
tasking_delay_s,A3_ROI_FIRST,21,79b6be373ae23f9e67d0a8b93e626bdf10f163d9c1b6292cd31773b8b4291056,88104.08775749971,30,0,0,5000000.0,20.0,180,0.0,True,705.9122425002861,timely_sufficient,605.9122425002861,
tasking_delay_s,A4_PROGRESSIVE,21,79b6be373ae23f9e67d0a8b93e626bdf10f163d9c1b6292cd31773b8b4291056,88104.08775749971,30,0,0,5000000.0,20.0,180,0.0,True,738.7838713002861,timely_sufficient,605.9122425002861,
tasking_delay_s,A5_CONTACT_AWARE,21,79b6be373ae23f9e67d0a8b93e626bdf10f163d9c1b6292cd31773b8b4291056,88104.08775749971,30,0,0,5000000.0,20.0,180,0.0,False,nan,incomplete_transfer,605.9122425002861,
tasking_delay_s,A6_THREAD_AWARE_PRIORITY,21,79b6be373ae23f9e67d0a8b93e626bdf10f163d9c1b6292cd31773b8b4291056,88104.08775749971,30,0,0,5000000.0,20.0,180,0.0,True,705.9450105002861,timely_sufficient,605.9122425002861,
tasking_delay_s,A0_GROUND_ONLY,22,d90a46d6de35483a0de4323e7135de3769cabfefc1f863d76df9a10ff72ef25f,125915.27799004433,30,0,0,5000000.0,20.0,180,0.0,False,nan,incomplete_transfer,204.72200995567255,
tasking_delay_s,A1_COMPRESSED_FULL,22,d90a46d6de35483a0de4323e7135de3769cabfefc1f863d76df9a10ff72ef25f,125915.27799004433,30,0,0,5000000.0,20.0,180,0.0,False,6044.722009955673,late_availability,204.72200995567255,6014.722009955673
tasking_delay_s,A2_QUICKLOOK_FIRST,22,d90a46d6de35483a0de4323e7135de3769cabfefc1f863d76df9a10ff72ef25f,125915.27799004433,30,0,0,5000000.0,20.0,180,0.0,False,nan,incomplete_transfer,204.72200995567255,
tasking_delay_s,A3_ROI_FIRST,22,d90a46d6de35483a0de4323e7135de3769cabfefc1f863d76df9a10ff72ef25f,125915.27799004433,30,0,0,5000000.0,20.0,180,0.0,True,304.72200995567255,timely_sufficient,204.72200995567255,
tasking_delay_s,A4_PROGRESSIVE,22,d90a46d6de35483a0de4323e7135de3769cabfefc1f863d76df9a10ff72ef25f,125915.27799004433,30,0,0,5000000.0,20.0,180,0.0,True,337.59363875567254,timely_sufficient,204.72200995567255,
tasking_delay_s,A5_CONTACT_AWARE,22,d90a46d6de35483a0de4323e7135de3769cabfefc1f863d76df9a10ff72ef25f,125915.27799004433,30,0,0,5000000.0,20.0,180,0.0,False,nan,incomplete_transfer,204.72200995567255,
tasking_delay_s,A6_THREAD_AWARE_PRIORITY,22,d90a46d6de35483a0de4323e7135de3769cabfefc1f863d76df9a10ff72ef25f,125915.27799004433,30,0,0,5000000.0,20.0,180,0.0,True,304.7547779556726,timely_sufficient,204.72200995567255,
tasking_delay_s,A0_GROUND_ONLY,23,81bf8deb9db6f9f278f9f9f654b8741481674a4e6ea0de4dd5cbb220a71d481d,91925.60430622347,30,0,0,5000000.0,20.0,180,0.0,False,nan,incomplete_transfer,444.3956937765324,
tasking_delay_s,A1_COMPRESSED_FULL,23,81bf8deb9db6f9f278f9f9f654b8741481674a4e6ea0de4dd5cbb220a71d481d,91925.60430622347,30,0,0,5000000.0,20.0,180,0.0,False,6344.395693776532,late_availability,444.3956937765324,6314.395693776532
tasking_delay_s,A2_QUICKLOOK_FIRST,23,81bf8deb9db6f9f278f9f9f654b8741481674a4e6ea0de4dd5cbb220a71d481d,91925.60430622347,30,0,0,5000000.0,20.0,180,0.0,False,nan,incomplete_transfer,444.3956937765324,
tasking_delay_s,A3_ROI_FIRST,23,81bf8deb9db6f9f278f9f9f654b8741481674a4e6ea0de4dd5cbb220a71d481d,91925.60430622347,30,0,0,5000000.0,20.0,180,0.0,True,544.3956937765324,timely_sufficient,444.3956937765324,
tasking_delay_s,A4_PROGRESSIVE,23,81bf8deb9db6f9f278f9f9f654b8741481674a4e6ea0de4dd5cbb220a71d481d,91925.60430622347,30,0,0,5000000.0,20.0,180,0.0,True,577.2673225765325,timely_sufficient,444.3956937765324,
tasking_delay_s,A5_CONTACT_AWARE,23,81bf8deb9db6f9f278f9f9f654b8741481674a4e6ea0de4dd5cbb220a71d481d,91925.60430622347,30,0,0,5000000.0,20.0,180,0.0,False,nan,incomplete_transfer,444.3956937765324,
tasking_delay_s,A6_THREAD_AWARE_PRIORITY,23,81bf8deb9db6f9f278f9f9f654b8741481674a4e6ea0de4dd5cbb220a71d481d,91925.60430622347,30,0,0,5000000.0,20.0,180,0.0,True,544.4284617765325,timely_sufficient,444.3956937765324,
interference_derate,A0_GROUND_ONLY,0,ca4f577ad8e71e1e150861cee4e7d5f2bba1eb7a12539ebc18821b5360b1879c,71203.2493812608,30,0,0,2500000.0,20.0,60,0.0,False,nan,incomplete_transfer,106.75061873919913,
interference_derate,A1_COMPRESSED_FULL,0,ca4f577ad8e71e1e150861cee4e7d5f2bba1eb7a12539ebc18821b5360b1879c,71203.2493812608,30,0,0,2500000.0,20.0,60,0.0,False,86406.7506187392,late_availability,106.75061873919913,86376.7506187392
interference_derate,A2_QUICKLOOK_FIRST,0,ca4f577ad8e71e1e150861cee4e7d5f2bba1eb7a12539ebc18821b5360b1879c,71203.2493812608,30,0,0,2500000.0,20.0,60,0.0,False,nan,incomplete_transfer,106.75061873919913,
interference_derate,A3_ROI_FIRST,0,ca4f577ad8e71e1e150861cee4e7d5f2bba1eb7a12539ebc18821b5360b1879c,71203.2493812608,30,0,0,2500000.0,20.0,60,0.0,False,47356.7506187392,late_availability,106.75061873919913,
interference_derate,A4_PROGRESSIVE,0,ca4f577ad8e71e1e150861cee4e7d5f2bba1eb7a12539ebc18821b5360b1879c,71203.2493812608,30,0,0,2500000.0,20.0,60,0.0,False,47422.4938763392,late_availability,106.75061873919913,
interference_derate,A5_CONTACT_AWARE,0,ca4f577ad8e71e1e150861cee4e7d5f2bba1eb7a12539ebc18821b5360b1879c,71203.2493812608,30,0,0,2500000.0,20.0,60,0.0,False,nan,incomplete_transfer,106.75061873919913,
interference_derate,A6_THREAD_AWARE_PRIORITY,0,ca4f577ad8e71e1e150861cee4e7d5f2bba1eb7a12539ebc18821b5360b1879c,71203.2493812608,30,0,0,2500000.0,20.0,60,0.0,False,47356.8161547392,late_availability,106.75061873919913,
interference_derate,A0_GROUND_ONLY,1,d9812535f85a2b8392b1489a47e186c9f417c5de2c266ef57e561237174de333,71424.58273047769,30,0,0,2500000.0,20.0,60,0.0,False,nan,incomplete_transfer,365.41726952230965,
interference_derate,A1_COMPRESSED_FULL,1,d9812535f85a2b8392b1489a47e186c9f417c5de2c266ef57e561237174de333,71424.58273047769,30,0,0,2500000.0,20.0,60,0.0,False,44725.41726952231,late_availability,365.41726952230965,44695.41726952231
interference_derate,A2_QUICKLOOK_FIRST,1,d9812535f85a2b8392b1489a47e186c9f417c5de2c266ef57e561237174de333,71424.58273047769,30,0,0,2500000.0,20.0,60,0.0,False,nan,incomplete_transfer,365.41726952230965,
interference_derate,A3_ROI_FIRST,1,d9812535f85a2b8392b1489a47e186c9f417c5de2c266ef57e561237174de333,71424.58273047769,30,0,0,2500000.0,20.0,60,0.0,True,545.4172695223097,timely_sufficient,365.41726952230965,
interference_derate,A4_PROGRESSIVE,1,d9812535f85a2b8392b1489a47e186c9f417c5de2c266ef57e561237174de333,71424.58273047769,30,0,0,2500000.0,20.0,60,0.0,True,611.1605271223096,timely_sufficient,365.41726952230965,
interference_derate,A5_CONTACT_AWARE,1,d9812535f85a2b8392b1489a47e186c9f417c5de2c266ef57e561237174de333,71424.58273047769,30,0,0,2500000.0,20.0,60,0.0,False,nan,incomplete_transfer,365.41726952230965,
interference_derate,A6_THREAD_AWARE_PRIORITY,1,d9812535f85a2b8392b1489a47e186c9f417c5de2c266ef57e561237174de333,71424.58273047769,30,0,0,2500000.0,20.0,60,0.0,True,545.4828055223097,timely_sufficient,365.41726952230965,
interference_derate,A0_GROUND_ONLY,2,68e9c61c97eafe694a2fc4d222ca0b09ccfe0aceb6dd91af15fd1f0c0117ba68,58205.71618563066,30,0,0,2500000.0,20.0,60,0.0,False,nan,incomplete_transfer,444.28381436933705,
interference_derate,A1_COMPRESSED_FULL,2,68e9c61c97eafe694a2fc4d222ca0b09ccfe0aceb6dd91af15fd1f0c0117ba68,58205.71618563066,30,0,0,2500000.0,20.0,60,0.0,False,92214.28381436934,late_availability,444.28381436933705,92184.28381436934
interference_derate,A2_QUICKLOOK_FIRST,2,68e9c61c97eafe694a2fc4d222ca0b09ccfe0aceb6dd91af15fd1f0c0117ba68,58205.71618563066,30,0,0,2500000.0,20.0,60,0.0,False,nan,incomplete_transfer,444.28381436933705,
interference_derate,A3_ROI_FIRST,2,68e9c61c97eafe694a2fc4d222ca0b09ccfe0aceb6dd91af15fd1f0c0117ba68,58205.71618563066,30,0,0,2500000.0,20.0,60,0.0,False,6154.283814369337,late_availability,444.28381436933705,
interference_derate,A4_PROGRESSIVE,2,68e9c61c97eafe694a2fc4d222ca0b09ccfe0aceb6dd91af15fd1f0c0117ba68,58205.71618563066,30,0,0,2500000.0,20.0,60,0.0,False,6220.027071969337,late_availability,444.28381436933705,
interference_derate,A5_CONTACT_AWARE,2,68e9c61c97eafe694a2fc4d222ca0b09ccfe0aceb6dd91af15fd1f0c0117ba68,58205.71618563066,30,0,0,2500000.0,20.0,60,0.0,False,nan,incomplete_transfer,444.28381436933705,
interference_derate,A6_THREAD_AWARE_PRIORITY,2,68e9c61c97eafe694a2fc4d222ca0b09ccfe0aceb6dd91af15fd1f0c0117ba68,58205.71618563066,30,0,0,2500000.0,20.0,60,0.0,False,6154.349350369337,late_availability,444.28381436933705,
interference_derate,A0_GROUND_ONLY,3,033d43f5bc62296a7cd0a20c65809a0584574b07c48c5e293a8bbb3f74e38bab,158611.93508804622,30,0,0,2500000.0,20.0,60,0.0,False,nan,incomplete_transfer,718.0649119537848,
interference_derate,A1_COMPRESSED_FULL,3,033d43f5bc62296a7cd0a20c65809a0584574b07c48c5e293a8bbb3f74e38bab,158611.93508804622,30,0,0,2500000.0,20.0,60,0.0,False,nan,incomplete_transfer,718.0649119537848,
interference_derate,A2_QUICKLOOK_FIRST,3,033d43f5bc62296a7cd0a20c65809a0584574b07c48c5e293a8bbb3f74e38bab,158611.93508804622,30,0,0,2500000.0,20.0,60,0.0,False,nan,incomplete_transfer,718.0649119537848,
interference_derate,A3_ROI_FIRST,3,033d43f5bc62296a7cd0a20c65809a0584574b07c48c5e293a8bbb3f74e38bab,158611.93508804622,30,0,0,2500000.0,20.0,60,0.0,False,nan,incomplete_transfer,718.0649119537848,
interference_derate,A4_PROGRESSIVE,3,033d43f5bc62296a7cd0a20c65809a0584574b07c48c5e293a8bbb3f74e38bab,158611.93508804622,30,0,0,2500000.0,20.0,60,0.0,False,nan,incomplete_transfer,718.0649119537848,
interference_derate,A5_CONTACT_AWARE,3,033d43f5bc62296a7cd0a20c65809a0584574b07c48c5e293a8bbb3f74e38bab,158611.93508804622,30,0,0,2500000.0,20.0,60,0.0,False,nan,incomplete_transfer,718.0649119537848,
interference_derate,A6_THREAD_AWARE_PRIORITY,3,033d43f5bc62296a7cd0a20c65809a0584574b07c48c5e293a8bbb3f74e38bab,158611.93508804622,30,0,0,2500000.0,20.0,60,0.0,False,nan,incomplete_transfer,718.0649119537848,
interference_derate,A0_GROUND_ONLY,4,7547a57927740dec4f6195505c186e899b3ec4e944c0f60cc81cef6d3071cf75,132436.21328815687,30,0,0,2500000.0,20.0,60,0.0,False,nan,incomplete_transfer,643.7867118431313,
interference_derate,A1_COMPRESSED_FULL,4,7547a57927740dec4f6195505c186e899b3ec4e944c0f60cc81cef6d3071cf75,132436.21328815687,30,0,0,2500000.0,20.0,60,0.0,False,nan,incomplete_transfer,643.7867118431313,
interference_derate,A2_QUICKLOOK_FIRST,4,7547a57927740dec4f6195505c186e899b3ec4e944c0f60cc81cef6d3071cf75,132436.21328815687,30,0,0,2500000.0,20.0,60,0.0,False,nan,incomplete_transfer,643.7867118431313,
interference_derate,A3_ROI_FIRST,4,7547a57927740dec4f6195505c186e899b3ec4e944c0f60cc81cef6d3071cf75,132436.21328815687,30,0,0,2500000.0,20.0,60,0.0,False,6133.786711843131,late_availability,643.7867118431313,
interference_derate,A4_PROGRESSIVE,4,7547a57927740dec4f6195505c186e899b3ec4e944c0f60cc81cef6d3071cf75,132436.21328815687,30,0,0,2500000.0,20.0,60,0.0,False,6199.529969443131,late_availability,643.7867118431313,
interference_derate,A5_CONTACT_AWARE,4,7547a57927740dec4f6195505c186e899b3ec4e944c0f60cc81cef6d3071cf75,132436.21328815687,30,0,0,2500000.0,20.0,60,0.0,False,nan,incomplete_transfer,643.7867118431313,
interference_derate,A6_THREAD_AWARE_PRIORITY,4,7547a57927740dec4f6195505c186e899b3ec4e944c0f60cc81cef6d3071cf75,132436.21328815687,30,0,0,2500000.0,20.0,60,0.0,False,6133.852247843131,late_availability,643.7867118431313,
interference_derate,A0_GROUND_ONLY,5,e0b6eff36a194b98624299cfeaf4bd76367851b3e08dd6764afc7342dacffec6,47831.79843658002,30,0,0,2500000.0,20.0,60,0.0,False,nan,incomplete_transfer,978.2015634199779,
interference_derate,A1_COMPRESSED_FULL,5,e0b6eff36a194b98624299cfeaf4bd76367851b3e08dd6764afc7342dacffec6,47831.79843658002,30,0,0,2500000.0,20.0,60,0.0,False,87128.20156341998,late_availability,978.2015634199779,87098.20156341998
interference_derate,A2_QUICKLOOK_FIRST,5,e0b6eff36a194b98624299cfeaf4bd76367851b3e08dd6764afc7342dacffec6,47831.79843658002,30,0,0,2500000.0,20.0,60,0.0,False,nan,incomplete_transfer,978.2015634199779,
interference_derate,A3_ROI_FIRST,5,e0b6eff36a194b98624299cfeaf4bd76367851b3e08dd6764afc7342dacffec6,47831.79843658002,30,0,0,2500000.0,20.0,60,0.0,False,6588.201563419978,late_availability,978.2015634199779,
interference_derate,A4_PROGRESSIVE,5,e0b6eff36a194b98624299cfeaf4bd76367851b3e08dd6764afc7342dacffec6,47831.79843658002,30,0,0,2500000.0,20.0,60,0.0,False,6653.944821019978,late_availability,978.2015634199779,
interference_derate,A5_CONTACT_AWARE,5,e0b6eff36a194b98624299cfeaf4bd76367851b3e08dd6764afc7342dacffec6,47831.79843658002,30,0,0,2500000.0,20.0,60,0.0,False,nan,incomplete_transfer,978.2015634199779,
interference_derate,A6_THREAD_AWARE_PRIORITY,5,e0b6eff36a194b98624299cfeaf4bd76367851b3e08dd6764afc7342dacffec6,47831.79843658002,30,0,0,2500000.0,20.0,60,0.0,False,6588.267099419978,late_availability,978.2015634199779,
interference_derate,A0_GROUND_ONLY,6,fda9337482dc19d6aa0274ae04040c4163a736a677a7d029096f076ac8e218ee,162058.85659696194,30,0,0,2500000.0,20.0,60,0.0,False,nan,incomplete_transfer,961.1434030380624,
interference_derate,A1_COMPRESSED_FULL,6,fda9337482dc19d6aa0274ae04040c4163a736a677a7d029096f076ac8e218ee,162058.85659696194,30,0,0,2500000.0,20.0,60,0.0,False,nan,incomplete_transfer,961.1434030380624,
interference_derate,A2_QUICKLOOK_FIRST,6,fda9337482dc19d6aa0274ae04040c4163a736a677a7d029096f076ac8e218ee,162058.85659696194,30,0,0,2500000.0,20.0,60,0.0,False,nan,incomplete_transfer,961.1434030380624,
interference_derate,A3_ROI_FIRST,6,fda9337482dc19d6aa0274ae04040c4163a736a677a7d029096f076ac8e218ee,162058.85659696194,30,0,0,2500000.0,20.0,60,0.0,False,6491.143403038062,late_availability,961.1434030380624,
interference_derate,A4_PROGRESSIVE,6,fda9337482dc19d6aa0274ae04040c4163a736a677a7d029096f076ac8e218ee,162058.85659696194,30,0,0,2500000.0,20.0,60,0.0,False,6556.8866606380625,late_availability,961.1434030380624,
interference_derate,A5_CONTACT_AWARE,6,fda9337482dc19d6aa0274ae04040c4163a736a677a7d029096f076ac8e218ee,162058.85659696194,30,0,0,2500000.0,20.0,60,0.0,False,nan,incomplete_transfer,961.1434030380624,
interference_derate,A6_THREAD_AWARE_PRIORITY,6,fda9337482dc19d6aa0274ae04040c4163a736a677a7d029096f076ac8e218ee,162058.85659696194,30,0,0,2500000.0,20.0,60,0.0,False,6491.208939038062,late_availability,961.1434030380624,
interference_derate,A0_GROUND_ONLY,7,1c872d30a5df33b5e5b37b5d07a13481b0fc243e9f87a5ca529540fe05a0a1b5,89694.63240020716,30,0,0,2500000.0,20.0,60,0.0,False,nan,incomplete_transfer,305.3675997928367,
interference_derate,A1_COMPRESSED_FULL,7,1c872d30a5df33b5e5b37b5d07a13481b0fc243e9f87a5ca529540fe05a0a1b5,89694.63240020716,30,0,0,2500000.0,20.0,60,0.0,False,53365.36759979284,late_availability,305.3675997928367,53335.36759979284
interference_derate,A2_QUICKLOOK_FIRST,7,1c872d30a5df33b5e5b37b5d07a13481b0fc243e9f87a5ca529540fe05a0a1b5,89694.63240020716,30,0,0,2500000.0,20.0,60,0.0,False,nan,incomplete_transfer,305.3675997928367,
interference_derate,A3_ROI_FIRST,7,1c872d30a5df33b5e5b37b5d07a13481b0fc243e9f87a5ca529540fe05a0a1b5,89694.63240020716,30,0,0,2500000.0,20.0,60,0.0,False,5825.367599792837,late_availability,305.3675997928367,
interference_derate,A4_PROGRESSIVE,7,1c872d30a5df33b5e5b37b5d07a13481b0fc243e9f87a5ca529540fe05a0a1b5,89694.63240020716,30,0,0,2500000.0,20.0,60,0.0,False,5891.110857392837,late_availability,305.3675997928367,
interference_derate,A5_CONTACT_AWARE,7,1c872d30a5df33b5e5b37b5d07a13481b0fc243e9f87a5ca529540fe05a0a1b5,89694.63240020716,30,0,0,2500000.0,20.0,60,0.0,False,nan,incomplete_transfer,305.3675997928367,
interference_derate,A6_THREAD_AWARE_PRIORITY,7,1c872d30a5df33b5e5b37b5d07a13481b0fc243e9f87a5ca529540fe05a0a1b5,89694.63240020716,30,0,0,2500000.0,20.0,60,0.0,False,5825.433135792837,late_availability,305.3675997928367,
interference_derate,A0_GROUND_ONLY,8,ca2787bcd7d733cd06bb406537315d8e17c205980b0319e168ddf43ad406d672,144902.43529740698,30,0,0,2500000.0,20.0,60,0.0,False,nan,incomplete_transfer,1287.564702593023,
interference_derate,A1_COMPRESSED_FULL,8,ca2787bcd7d733cd06bb406537315d8e17c205980b0319e168ddf43ad406d672,144902.43529740698,30,0,0,2500000.0,20.0,60,0.0,False,nan,incomplete_transfer,1287.564702593023,
interference_derate,A2_QUICKLOOK_FIRST,8,ca2787bcd7d733cd06bb406537315d8e17c205980b0319e168ddf43ad406d672,144902.43529740698,30,0,0,2500000.0,20.0,60,0.0,False,nan,incomplete_transfer,1287.564702593023,
interference_derate,A3_ROI_FIRST,8,ca2787bcd7d733cd06bb406537315d8e17c205980b0319e168ddf43ad406d672,144902.43529740698,30,0,0,2500000.0,20.0,60,0.0,False,6927.564702593023,late_availability,1287.564702593023,
interference_derate,A4_PROGRESSIVE,8,ca2787bcd7d733cd06bb406537315d8e17c205980b0319e168ddf43ad406d672,144902.43529740698,30,0,0,2500000.0,20.0,60,0.0,False,nan,incomplete_transfer,1287.564702593023,
interference_derate,A5_CONTACT_AWARE,8,ca2787bcd7d733cd06bb406537315d8e17c205980b0319e168ddf43ad406d672,144902.43529740698,30,0,0,2500000.0,20.0,60,0.0,False,nan,incomplete_transfer,1287.564702593023,
interference_derate,A6_THREAD_AWARE_PRIORITY,8,ca2787bcd7d733cd06bb406537315d8e17c205980b0319e168ddf43ad406d672,144902.43529740698,30,0,0,2500000.0,20.0,60,0.0,False,6927.630238593023,late_availability,1287.564702593023,
interference_derate,A0_GROUND_ONLY,9,2e2af436f2a450b67f88e0f0830126c4b480280aff18c3146f01b4428476b0df,87958.18700346815,30,0,0,2500000.0,20.0,60,0.0,False,nan,incomplete_transfer,151.81299653185124,
interference_derate,A1_COMPRESSED_FULL,9,2e2af436f2a450b67f88e0f0830126c4b480280aff18c3146f01b4428476b0df,87958.18700346815,30,0,0,2500000.0,20.0,60,0.0,False,53401.81299653185,late_availability,151.81299653185124,53371.81299653185
interference_derate,A2_QUICKLOOK_FIRST,9,2e2af436f2a450b67f88e0f0830126c4b480280aff18c3146f01b4428476b0df,87958.18700346815,30,0,0,2500000.0,20.0,60,0.0,False,nan,incomplete_transfer,151.81299653185124,
interference_derate,A3_ROI_FIRST,9,2e2af436f2a450b67f88e0f0830126c4b480280aff18c3146f01b4428476b0df,87958.18700346815,30,0,0,2500000.0,20.0,60,0.0,False,5711.812996531851,late_availability,151.81299653185124,
interference_derate,A4_PROGRESSIVE,9,2e2af436f2a450b67f88e0f0830126c4b480280aff18c3146f01b4428476b0df,87958.18700346815,30,0,0,2500000.0,20.0,60,0.0,False,5777.556254131851,late_availability,151.81299653185124,
interference_derate,A5_CONTACT_AWARE,9,2e2af436f2a450b67f88e0f0830126c4b480280aff18c3146f01b4428476b0df,87958.18700346815,30,0,0,2500000.0,20.0,60,0.0,False,nan,incomplete_transfer,151.81299653185124,
interference_derate,A6_THREAD_AWARE_PRIORITY,9,2e2af436f2a450b67f88e0f0830126c4b480280aff18c3146f01b4428476b0df,87958.18700346815,30,0,0,2500000.0,20.0,60,0.0,False,5711.878532531851,late_availability,151.81299653185124,
interference_derate,A0_GROUND_ONLY,10,398d19042146f9466ae1827a1693cdcc8d3527f7f95dc8f61340c4f32d1e9a35,136841.14223680316,30,0,0,2500000.0,20.0,60,0.0,False,nan,incomplete_transfer,498.85776319683646,
interference_derate,A1_COMPRESSED_FULL,10,398d19042146f9466ae1827a1693cdcc8d3527f7f95dc8f61340c4f32d1e9a35,136841.14223680316,30,0,0,2500000.0,20.0,60,0.0,False,nan,incomplete_transfer,498.85776319683646,
interference_derate,A2_QUICKLOOK_FIRST,10,398d19042146f9466ae1827a1693cdcc8d3527f7f95dc8f61340c4f32d1e9a35,136841.14223680316,30,0,0,2500000.0,20.0,60,0.0,False,nan,incomplete_transfer,498.85776319683646,
interference_derate,A3_ROI_FIRST,10,398d19042146f9466ae1827a1693cdcc8d3527f7f95dc8f61340c4f32d1e9a35,136841.14223680316,30,0,0,2500000.0,20.0,60,0.0,True,678.8577631968365,timely_sufficient,498.85776319683646,
interference_derate,A4_PROGRESSIVE,10,398d19042146f9466ae1827a1693cdcc8d3527f7f95dc8f61340c4f32d1e9a35,136841.14223680316,30,0,0,2500000.0,20.0,60,0.0,True,744.6010207968365,timely_sufficient,498.85776319683646,
interference_derate,A5_CONTACT_AWARE,10,398d19042146f9466ae1827a1693cdcc8d3527f7f95dc8f61340c4f32d1e9a35,136841.14223680316,30,0,0,2500000.0,20.0,60,0.0,False,nan,incomplete_transfer,498.85776319683646,
interference_derate,A6_THREAD_AWARE_PRIORITY,10,398d19042146f9466ae1827a1693cdcc8d3527f7f95dc8f61340c4f32d1e9a35,136841.14223680316,30,0,0,2500000.0,20.0,60,0.0,True,678.9232991968365,timely_sufficient,498.85776319683646,
interference_derate,A0_GROUND_ONLY,11,5e71b36653c8a13bddf15fbb78aa2996d481721ff32a889fe7d160bba9b3273f,10757.589420950173,30,0,0,2500000.0,20.0,60,0.0,False,nan,incomplete_transfer,582.410579049827,
interference_derate,A1_COMPRESSED_FULL,11,5e71b36653c8a13bddf15fbb78aa2996d481721ff32a889fe7d160bba9b3273f,10757.589420950173,30,0,0,2500000.0,20.0,60,0.0,False,92202.41057904983,late_availability,582.410579049827,92172.41057904983
interference_derate,A2_QUICKLOOK_FIRST,11,5e71b36653c8a13bddf15fbb78aa2996d481721ff32a889fe7d160bba9b3273f,10757.589420950173,30,0,0,2500000.0,20.0,60,0.0,False,nan,incomplete_transfer,582.410579049827,
interference_derate,A3_ROI_FIRST,11,5e71b36653c8a13bddf15fbb78aa2996d481721ff32a889fe7d160bba9b3273f,10757.589420950173,30,0,0,2500000.0,20.0,60,0.0,False,6112.410579049827,late_availability,582.410579049827,
interference_derate,A4_PROGRESSIVE,11,5e71b36653c8a13bddf15fbb78aa2996d481721ff32a889fe7d160bba9b3273f,10757.589420950173,30,0,0,2500000.0,20.0,60,0.0,False,6178.153836649827,late_availability,582.410579049827,
interference_derate,A5_CONTACT_AWARE,11,5e71b36653c8a13bddf15fbb78aa2996d481721ff32a889fe7d160bba9b3273f,10757.589420950173,30,0,0,2500000.0,20.0,60,0.0,False,nan,incomplete_transfer,582.410579049827,
interference_derate,A6_THREAD_AWARE_PRIORITY,11,5e71b36653c8a13bddf15fbb78aa2996d481721ff32a889fe7d160bba9b3273f,10757.589420950173,30,0,0,2500000.0,20.0,60,0.0,False,6112.476115049827,late_availability,582.410579049827,
interference_derate,A0_GROUND_ONLY,12,a203a9c8d5fac8926b60ddeecc09594befa7100e1508aec081732e10d387694d,88736.79289767242,30,0,0,2500000.0,20.0,60,0.0,False,nan,incomplete_transfer,1263.2071023275785,
interference_derate,A1_COMPRESSED_FULL,12,a203a9c8d5fac8926b60ddeecc09594befa7100e1508aec081732e10d387694d,88736.79289767242,30,0,0,2500000.0,20.0,60,0.0,False,54323.20710232758,late_availability,1263.2071023275785,54293.20710232758
interference_derate,A2_QUICKLOOK_FIRST,12,a203a9c8d5fac8926b60ddeecc09594befa7100e1508aec081732e10d387694d,88736.79289767242,30,0,0,2500000.0,20.0,60,0.0,False,nan,incomplete_transfer,1263.2071023275785,
interference_derate,A3_ROI_FIRST,12,a203a9c8d5fac8926b60ddeecc09594befa7100e1508aec081732e10d387694d,88736.79289767242,30,0,0,2500000.0,20.0,60,0.0,False,6783.2071023275785,late_availability,1263.2071023275785,
interference_derate,A4_PROGRESSIVE,12,a203a9c8d5fac8926b60ddeecc09594befa7100e1508aec081732e10d387694d,88736.79289767242,30,0,0,2500000.0,20.0,60,0.0,False,6848.950359927579,late_availability,1263.2071023275785,
interference_derate,A5_CONTACT_AWARE,12,a203a9c8d5fac8926b60ddeecc09594befa7100e1508aec081732e10d387694d,88736.79289767242,30,0,0,2500000.0,20.0,60,0.0,False,nan,incomplete_transfer,1263.2071023275785,
interference_derate,A6_THREAD_AWARE_PRIORITY,12,a203a9c8d5fac8926b60ddeecc09594befa7100e1508aec081732e10d387694d,88736.79289767242,30,0,0,2500000.0,20.0,60,0.0,False,6783.2726383275785,late_availability,1263.2071023275785,
interference_derate,A0_GROUND_ONLY,13,3f7f4f9948daaaa103214bb86008ff571d7010899e1d643f59ebcf8bb7d8d689,2223.421192988508,30,0,0,2500000.0,20.0,60,0.0,False,nan,incomplete_transfer,326.5788070114918,
interference_derate,A1_COMPRESSED_FULL,13,3f7f4f9948daaaa103214bb86008ff571d7010899e1d643f59ebcf8bb7d8d689,2223.421192988508,30,0,0,2500000.0,20.0,60,0.0,False,80776.5788070115,late_availability,326.5788070114918,80746.5788070115
interference_derate,A2_QUICKLOOK_FIRST,13,3f7f4f9948daaaa103214bb86008ff571d7010899e1d643f59ebcf8bb7d8d689,2223.421192988508,30,0,0,2500000.0,20.0,60,0.0,False,nan,incomplete_transfer,326.5788070114918,
interference_derate,A3_ROI_FIRST,13,3f7f4f9948daaaa103214bb86008ff571d7010899e1d643f59ebcf8bb7d8d689,2223.421192988508,30,0,0,2500000.0,20.0,60,0.0,True,506.5788070114918,timely_sufficient,326.5788070114918,
interference_derate,A4_PROGRESSIVE,13,3f7f4f9948daaaa103214bb86008ff571d7010899e1d643f59ebcf8bb7d8d689,2223.421192988508,30,0,0,2500000.0,20.0,60,0.0,False,33272.32206461149,late_availability,326.5788070114918,
interference_derate,A5_CONTACT_AWARE,13,3f7f4f9948daaaa103214bb86008ff571d7010899e1d643f59ebcf8bb7d8d689,2223.421192988508,30,0,0,2500000.0,20.0,60,0.0,False,nan,incomplete_transfer,326.5788070114918,
interference_derate,A6_THREAD_AWARE_PRIORITY,13,3f7f4f9948daaaa103214bb86008ff571d7010899e1d643f59ebcf8bb7d8d689,2223.421192988508,30,0,0,2500000.0,20.0,60,0.0,True,506.6443430114918,timely_sufficient,326.5788070114918,
interference_derate,A0_GROUND_ONLY,14,f3926b545e21f84bea6c9ecea65c8a2645a32f0f5819b1a414c68f18307ebb81,41795.95486579752,30,0,0,2500000.0,20.0,60,0.0,False,nan,incomplete_transfer,1374.0451342024826,
interference_derate,A1_COMPRESSED_FULL,14,f3926b545e21f84bea6c9ecea65c8a2645a32f0f5819b1a414c68f18307ebb81,41795.95486579752,30,0,0,2500000.0,20.0,60,0.0,False,54654.04513420248,late_availability,1374.0451342024826,54624.04513420248
interference_derate,A2_QUICKLOOK_FIRST,14,f3926b545e21f84bea6c9ecea65c8a2645a32f0f5819b1a414c68f18307ebb81,41795.95486579752,30,0,0,2500000.0,20.0,60,0.0,False,nan,incomplete_transfer,1374.0451342024826,
interference_derate,A3_ROI_FIRST,14,f3926b545e21f84bea6c9ecea65c8a2645a32f0f5819b1a414c68f18307ebb81,41795.95486579752,30,0,0,2500000.0,20.0,60,0.0,False,6904.045134202483,late_availability,1374.0451342024826,
interference_derate,A4_PROGRESSIVE,14,f3926b545e21f84bea6c9ecea65c8a2645a32f0f5819b1a414c68f18307ebb81,41795.95486579752,30,0,0,2500000.0,20.0,60,0.0,False,6969.788391802483,late_availability,1374.0451342024826,
interference_derate,A5_CONTACT_AWARE,14,f3926b545e21f84bea6c9ecea65c8a2645a32f0f5819b1a414c68f18307ebb81,41795.95486579752,30,0,0,2500000.0,20.0,60,0.0,False,nan,incomplete_transfer,1374.0451342024826,
interference_derate,A6_THREAD_AWARE_PRIORITY,14,f3926b545e21f84bea6c9ecea65c8a2645a32f0f5819b1a414c68f18307ebb81,41795.95486579752,30,0,0,2500000.0,20.0,60,0.0,False,6904.110670202483,late_availability,1374.0451342024826,
interference_derate,A0_GROUND_ONLY,15,f7d314bc7118e70e0527bb72132d140d6af4305dcc1248cc940e82b8baeb39c4,161247.47134785925,30,0,0,2500000.0,20.0,60,0.0,False,nan,incomplete_transfer,482.5286521407543,
interference_derate,A1_COMPRESSED_FULL,15,f7d314bc7118e70e0527bb72132d140d6af4305dcc1248cc940e82b8baeb39c4,161247.47134785925,30,0,0,2500000.0,20.0,60,0.0,False,nan,incomplete_transfer,482.5286521407543,
interference_derate,A2_QUICKLOOK_FIRST,15,f7d314bc7118e70e0527bb72132d140d6af4305dcc1248cc940e82b8baeb39c4,161247.47134785925,30,0,0,2500000.0,20.0,60,0.0,False,nan,incomplete_transfer,482.5286521407543,
interference_derate,A3_ROI_FIRST,15,f7d314bc7118e70e0527bb72132d140d6af4305dcc1248cc940e82b8baeb39c4,161247.47134785925,30,0,0,2500000.0,20.0,60,0.0,True,662.5286521407543,timely_sufficient,482.5286521407543,
interference_derate,A4_PROGRESSIVE,15,f7d314bc7118e70e0527bb72132d140d6af4305dcc1248cc940e82b8baeb39c4,161247.47134785925,30,0,0,2500000.0,20.0,60,0.0,True,728.2719097407543,timely_sufficient,482.5286521407543,
interference_derate,A5_CONTACT_AWARE,15,f7d314bc7118e70e0527bb72132d140d6af4305dcc1248cc940e82b8baeb39c4,161247.47134785925,30,0,0,2500000.0,20.0,60,0.0,False,nan,incomplete_transfer,482.5286521407543,
interference_derate,A6_THREAD_AWARE_PRIORITY,15,f7d314bc7118e70e0527bb72132d140d6af4305dcc1248cc940e82b8baeb39c4,161247.47134785925,30,0,0,2500000.0,20.0,60,0.0,True,662.5941881407543,timely_sufficient,482.5286521407543,
interference_derate,A0_GROUND_ONLY,16,ee99b89909f6a5e8ca3bac0920ca70e5cdd867266f9d3942f86132854bf4956d,78181.82051197265,30,0,0,2500000.0,20.0,60,0.0,False,nan,incomplete_transfer,568.1794880273519,
interference_derate,A1_COMPRESSED_FULL,16,ee99b89909f6a5e8ca3bac0920ca70e5cdd867266f9d3942f86132854bf4956d,78181.82051197265,30,0,0,2500000.0,20.0,60,0.0,False,53658.17948802735,late_availability,568.1794880273519,53628.17948802735
interference_derate,A2_QUICKLOOK_FIRST,16,ee99b89909f6a5e8ca3bac0920ca70e5cdd867266f9d3942f86132854bf4956d,78181.82051197265,30,0,0,2500000.0,20.0,60,0.0,False,nan,incomplete_transfer,568.1794880273519,
interference_derate,A3_ROI_FIRST,16,ee99b89909f6a5e8ca3bac0920ca70e5cdd867266f9d3942f86132854bf4956d,78181.82051197265,30,0,0,2500000.0,20.0,60,0.0,False,6088.179488027352,late_availability,568.1794880273519,
interference_derate,A4_PROGRESSIVE,16,ee99b89909f6a5e8ca3bac0920ca70e5cdd867266f9d3942f86132854bf4956d,78181.82051197265,30,0,0,2500000.0,20.0,60,0.0,False,6153.922745627352,late_availability,568.1794880273519,
interference_derate,A5_CONTACT_AWARE,16,ee99b89909f6a5e8ca3bac0920ca70e5cdd867266f9d3942f86132854bf4956d,78181.82051197265,30,0,0,2500000.0,20.0,60,0.0,False,nan,incomplete_transfer,568.1794880273519,
interference_derate,A6_THREAD_AWARE_PRIORITY,16,ee99b89909f6a5e8ca3bac0920ca70e5cdd867266f9d3942f86132854bf4956d,78181.82051197265,30,0,0,2500000.0,20.0,60,0.0,False,6088.245024027352,late_availability,568.1794880273519,
interference_derate,A0_GROUND_ONLY,17,62022495ba0a5237dc02b1367b8baddc0a3ce2bf8119e076aaeb9e950f5b1b68,135271.13657556393,30,0,0,2500000.0,20.0,60,0.0,False,nan,incomplete_transfer,178.86342443607282,
interference_derate,A1_COMPRESSED_FULL,17,62022495ba0a5237dc02b1367b8baddc0a3ce2bf8119e076aaeb9e950f5b1b68,135271.13657556393,30,0,0,2500000.0,20.0,60,0.0,False,nan,incomplete_transfer,178.86342443607282,
interference_derate,A2_QUICKLOOK_FIRST,17,62022495ba0a5237dc02b1367b8baddc0a3ce2bf8119e076aaeb9e950f5b1b68,135271.13657556393,30,0,0,2500000.0,20.0,60,0.0,False,nan,incomplete_transfer,178.86342443607282,
interference_derate,A3_ROI_FIRST,17,62022495ba0a5237dc02b1367b8baddc0a3ce2bf8119e076aaeb9e950f5b1b68,135271.13657556393,30,0,0,2500000.0,20.0,60,0.0,True,358.8634244360728,timely_sufficient,178.86342443607282,
interference_derate,A4_PROGRESSIVE,17,62022495ba0a5237dc02b1367b8baddc0a3ce2bf8119e076aaeb9e950f5b1b68,135271.13657556393,30,0,0,2500000.0,20.0,60,0.0,False,5794.606682036073,late_availability,178.86342443607282,
interference_derate,A5_CONTACT_AWARE,17,62022495ba0a5237dc02b1367b8baddc0a3ce2bf8119e076aaeb9e950f5b1b68,135271.13657556393,30,0,0,2500000.0,20.0,60,0.0,False,nan,incomplete_transfer,178.86342443607282,
interference_derate,A6_THREAD_AWARE_PRIORITY,17,62022495ba0a5237dc02b1367b8baddc0a3ce2bf8119e076aaeb9e950f5b1b68,135271.13657556393,30,0,0,2500000.0,20.0,60,0.0,True,358.9289604360728,timely_sufficient,178.86342443607282,
interference_derate,A0_GROUND_ONLY,18,9893c2ea9017e5ee5f0371b50485b4b9a7f99e82205cf1f8a49c5ca3a947b20c,165135.03257907528,30,0,0,2500000.0,20.0,60,0.0,False,nan,incomplete_transfer,344.96742092471686,
interference_derate,A1_COMPRESSED_FULL,18,9893c2ea9017e5ee5f0371b50485b4b9a7f99e82205cf1f8a49c5ca3a947b20c,165135.03257907528,30,0,0,2500000.0,20.0,60,0.0,False,nan,incomplete_transfer,344.96742092471686,
interference_derate,A2_QUICKLOOK_FIRST,18,9893c2ea9017e5ee5f0371b50485b4b9a7f99e82205cf1f8a49c5ca3a947b20c,165135.03257907528,30,0,0,2500000.0,20.0,60,0.0,False,nan,incomplete_transfer,344.96742092471686,
interference_derate,A3_ROI_FIRST,18,9893c2ea9017e5ee5f0371b50485b4b9a7f99e82205cf1f8a49c5ca3a947b20c,165135.03257907528,30,0,0,2500000.0,20.0,60,0.0,False,nan,incomplete_transfer,344.96742092471686,
interference_derate,A4_PROGRESSIVE,18,9893c2ea9017e5ee5f0371b50485b4b9a7f99e82205cf1f8a49c5ca3a947b20c,165135.03257907528,30,0,0,2500000.0,20.0,60,0.0,False,nan,incomplete_transfer,344.96742092471686,
interference_derate,A5_CONTACT_AWARE,18,9893c2ea9017e5ee5f0371b50485b4b9a7f99e82205cf1f8a49c5ca3a947b20c,165135.03257907528,30,0,0,2500000.0,20.0,60,0.0,False,nan,incomplete_transfer,344.96742092471686,
interference_derate,A6_THREAD_AWARE_PRIORITY,18,9893c2ea9017e5ee5f0371b50485b4b9a7f99e82205cf1f8a49c5ca3a947b20c,165135.03257907528,30,0,0,2500000.0,20.0,60,0.0,False,nan,incomplete_transfer,344.96742092471686,
interference_derate,A0_GROUND_ONLY,19,cb92a9e50b241b0ba93c648d1c7734eb4a247f3e8ac31f62122a058b6487e939,130327.40996119597,30,0,0,2500000.0,20.0,60,0.0,False,nan,incomplete_transfer,862.5900388040318,
interference_derate,A1_COMPRESSED_FULL,19,cb92a9e50b241b0ba93c648d1c7734eb4a247f3e8ac31f62122a058b6487e939,130327.40996119597,30,0,0,2500000.0,20.0,60,0.0,False,nan,incomplete_transfer,862.5900388040318,
interference_derate,A2_QUICKLOOK_FIRST,19,cb92a9e50b241b0ba93c648d1c7734eb4a247f3e8ac31f62122a058b6487e939,130327.40996119597,30,0,0,2500000.0,20.0,60,0.0,False,nan,incomplete_transfer,862.5900388040318,
interference_derate,A3_ROI_FIRST,19,cb92a9e50b241b0ba93c648d1c7734eb4a247f3e8ac31f62122a058b6487e939,130327.40996119597,30,0,0,2500000.0,20.0,60,0.0,False,6392.590038804032,late_availability,862.5900388040318,
interference_derate,A4_PROGRESSIVE,19,cb92a9e50b241b0ba93c648d1c7734eb4a247f3e8ac31f62122a058b6487e939,130327.40996119597,30,0,0,2500000.0,20.0,60,0.0,False,6458.333296404032,late_availability,862.5900388040318,
interference_derate,A5_CONTACT_AWARE,19,cb92a9e50b241b0ba93c648d1c7734eb4a247f3e8ac31f62122a058b6487e939,130327.40996119597,30,0,0,2500000.0,20.0,60,0.0,False,nan,incomplete_transfer,862.5900388040318,
interference_derate,A6_THREAD_AWARE_PRIORITY,19,cb92a9e50b241b0ba93c648d1c7734eb4a247f3e8ac31f62122a058b6487e939,130327.40996119597,30,0,0,2500000.0,20.0,60,0.0,False,6392.655574804032,late_availability,862.5900388040318,
interference_derate,A0_GROUND_ONLY,20,ea68eae2d5eef2a49e9386e2da3d80e17aa0c9dd01a8f21459dc0e1bb3577285,79271.02272901162,30,0,0,2500000.0,20.0,60,0.0,False,nan,incomplete_transfer,1368.9772709883837,
interference_derate,A1_COMPRESSED_FULL,20,ea68eae2d5eef2a49e9386e2da3d80e17aa0c9dd01a8f21459dc0e1bb3577285,79271.02272901162,30,0,0,2500000.0,20.0,60,0.0,False,87428.97727098838,late_availability,1368.9772709883837,87398.97727098838
interference_derate,A2_QUICKLOOK_FIRST,20,ea68eae2d5eef2a49e9386e2da3d80e17aa0c9dd01a8f21459dc0e1bb3577285,79271.02272901162,30,0,0,2500000.0,20.0,60,0.0,False,nan,incomplete_transfer,1368.9772709883837,
interference_derate,A3_ROI_FIRST,20,ea68eae2d5eef2a49e9386e2da3d80e17aa0c9dd01a8f21459dc0e1bb3577285,79271.02272901162,30,0,0,2500000.0,20.0,60,0.0,False,6918.977270988384,late_availability,1368.9772709883837,
interference_derate,A4_PROGRESSIVE,20,ea68eae2d5eef2a49e9386e2da3d80e17aa0c9dd01a8f21459dc0e1bb3577285,79271.02272901162,30,0,0,2500000.0,20.0,60,0.0,False,6984.720528588384,late_availability,1368.9772709883837,
interference_derate,A5_CONTACT_AWARE,20,ea68eae2d5eef2a49e9386e2da3d80e17aa0c9dd01a8f21459dc0e1bb3577285,79271.02272901162,30,0,0,2500000.0,20.0,60,0.0,False,nan,incomplete_transfer,1368.9772709883837,
interference_derate,A6_THREAD_AWARE_PRIORITY,20,ea68eae2d5eef2a49e9386e2da3d80e17aa0c9dd01a8f21459dc0e1bb3577285,79271.02272901162,30,0,0,2500000.0,20.0,60,0.0,False,6919.042806988384,late_availability,1368.9772709883837,
interference_derate,A0_GROUND_ONLY,21,79b6be373ae23f9e67d0a8b93e626bdf10f163d9c1b6292cd31773b8b4291056,88104.08775749971,30,0,0,2500000.0,20.0,60,0.0,False,nan,incomplete_transfer,605.9122425002861,
interference_derate,A1_COMPRESSED_FULL,21,79b6be373ae23f9e67d0a8b93e626bdf10f163d9c1b6292cd31773b8b4291056,88104.08775749971,30,0,0,2500000.0,20.0,60,0.0,False,81055.91224250029,late_availability,605.9122425002861,81025.91224250029
interference_derate,A2_QUICKLOOK_FIRST,21,79b6be373ae23f9e67d0a8b93e626bdf10f163d9c1b6292cd31773b8b4291056,88104.08775749971,30,0,0,2500000.0,20.0,60,0.0,False,nan,incomplete_transfer,605.9122425002861,
interference_derate,A3_ROI_FIRST,21,79b6be373ae23f9e67d0a8b93e626bdf10f163d9c1b6292cd31773b8b4291056,88104.08775749971,30,0,0,2500000.0,20.0,60,0.0,True,785.9122425002861,timely_sufficient,605.9122425002861,
interference_derate,A4_PROGRESSIVE,21,79b6be373ae23f9e67d0a8b93e626bdf10f163d9c1b6292cd31773b8b4291056,88104.08775749971,30,0,0,2500000.0,20.0,60,0.0,False,33551.655500100285,late_availability,605.9122425002861,
interference_derate,A5_CONTACT_AWARE,21,79b6be373ae23f9e67d0a8b93e626bdf10f163d9c1b6292cd31773b8b4291056,88104.08775749971,30,0,0,2500000.0,20.0,60,0.0,False,nan,incomplete_transfer,605.9122425002861,
interference_derate,A6_THREAD_AWARE_PRIORITY,21,79b6be373ae23f9e67d0a8b93e626bdf10f163d9c1b6292cd31773b8b4291056,88104.08775749971,30,0,0,2500000.0,20.0,60,0.0,True,785.9777785002861,timely_sufficient,605.9122425002861,
interference_derate,A0_GROUND_ONLY,22,d90a46d6de35483a0de4323e7135de3769cabfefc1f863d76df9a10ff72ef25f,125915.27799004433,30,0,0,2500000.0,20.0,60,0.0,False,nan,incomplete_transfer,204.72200995567255,
interference_derate,A1_COMPRESSED_FULL,22,d90a46d6de35483a0de4323e7135de3769cabfefc1f863d76df9a10ff72ef25f,125915.27799004433,30,0,0,2500000.0,20.0,60,0.0,False,44564.72200995567,late_availability,204.72200995567255,44534.72200995567
interference_derate,A2_QUICKLOOK_FIRST,22,d90a46d6de35483a0de4323e7135de3769cabfefc1f863d76df9a10ff72ef25f,125915.27799004433,30,0,0,2500000.0,20.0,60,0.0,False,nan,incomplete_transfer,204.72200995567255,
interference_derate,A3_ROI_FIRST,22,d90a46d6de35483a0de4323e7135de3769cabfefc1f863d76df9a10ff72ef25f,125915.27799004433,30,0,0,2500000.0,20.0,60,0.0,True,384.72200995567255,timely_sufficient,204.72200995567255,
interference_derate,A4_PROGRESSIVE,22,d90a46d6de35483a0de4323e7135de3769cabfefc1f863d76df9a10ff72ef25f,125915.27799004433,30,0,0,2500000.0,20.0,60,0.0,True,450.46526755567254,timely_sufficient,204.72200995567255,
interference_derate,A5_CONTACT_AWARE,22,d90a46d6de35483a0de4323e7135de3769cabfefc1f863d76df9a10ff72ef25f,125915.27799004433,30,0,0,2500000.0,20.0,60,0.0,False,nan,incomplete_transfer,204.72200995567255,
interference_derate,A6_THREAD_AWARE_PRIORITY,22,d90a46d6de35483a0de4323e7135de3769cabfefc1f863d76df9a10ff72ef25f,125915.27799004433,30,0,0,2500000.0,20.0,60,0.0,True,384.78754595567256,timely_sufficient,204.72200995567255,
interference_derate,A0_GROUND_ONLY,23,81bf8deb9db6f9f278f9f9f654b8741481674a4e6ea0de4dd5cbb220a71d481d,91925.60430622347,30,0,0,2500000.0,20.0,60,0.0,False,nan,incomplete_transfer,444.3956937765324,
interference_derate,A1_COMPRESSED_FULL,23,81bf8deb9db6f9f278f9f9f654b8741481674a4e6ea0de4dd5cbb220a71d481d,91925.60430622347,30,0,0,2500000.0,20.0,60,0.0,False,45044.39569377653,late_availability,444.3956937765324,45014.39569377653
interference_derate,A2_QUICKLOOK_FIRST,23,81bf8deb9db6f9f278f9f9f654b8741481674a4e6ea0de4dd5cbb220a71d481d,91925.60430622347,30,0,0,2500000.0,20.0,60,0.0,False,nan,incomplete_transfer,444.3956937765324,
interference_derate,A3_ROI_FIRST,23,81bf8deb9db6f9f278f9f9f654b8741481674a4e6ea0de4dd5cbb220a71d481d,91925.60430622347,30,0,0,2500000.0,20.0,60,0.0,True,624.3956937765324,timely_sufficient,444.3956937765324,
interference_derate,A4_PROGRESSIVE,23,81bf8deb9db6f9f278f9f9f654b8741481674a4e6ea0de4dd5cbb220a71d481d,91925.60430622347,30,0,0,2500000.0,20.0,60,0.0,False,6060.1389513765325,late_availability,444.3956937765324,
interference_derate,A5_CONTACT_AWARE,23,81bf8deb9db6f9f278f9f9f654b8741481674a4e6ea0de4dd5cbb220a71d481d,91925.60430622347,30,0,0,2500000.0,20.0,60,0.0,False,nan,incomplete_transfer,444.3956937765324,
interference_derate,A6_THREAD_AWARE_PRIORITY,23,81bf8deb9db6f9f278f9f9f654b8741481674a4e6ea0de4dd5cbb220a71d481d,91925.60430622347,30,0,0,2500000.0,20.0,60,0.0,True,624.4612297765325,timely_sufficient,444.3956937765324,
contact_denial_frac,A0_GROUND_ONLY,0,ca4f577ad8e71e1e150861cee4e7d5f2bba1eb7a12539ebc18821b5360b1879c,71203.2493812608,30,0,0,5000000.0,20.0,60,0.3,False,nan,incomplete_transfer,106.75061873919913,
contact_denial_frac,A1_COMPRESSED_FULL,0,ca4f577ad8e71e1e150861cee4e7d5f2bba1eb7a12539ebc18821b5360b1879c,71203.2493812608,30,0,0,5000000.0,20.0,60,0.3,False,86346.7506187392,late_availability,106.75061873919913,86316.7506187392
contact_denial_frac,A2_QUICKLOOK_FIRST,0,ca4f577ad8e71e1e150861cee4e7d5f2bba1eb7a12539ebc18821b5360b1879c,71203.2493812608,30,0,0,5000000.0,20.0,60,0.3,False,nan,incomplete_transfer,106.75061873919913,
contact_denial_frac,A3_ROI_FIRST,0,ca4f577ad8e71e1e150861cee4e7d5f2bba1eb7a12539ebc18821b5360b1879c,71203.2493812608,30,0,0,5000000.0,20.0,60,0.3,True,206.75061873919913,timely_sufficient,106.75061873919913,
contact_denial_frac,A4_PROGRESSIVE,0,ca4f577ad8e71e1e150861cee4e7d5f2bba1eb7a12539ebc18821b5360b1879c,71203.2493812608,30,0,0,5000000.0,20.0,60,0.3,True,239.62224753919912,timely_sufficient,106.75061873919913,
contact_denial_frac,A5_CONTACT_AWARE,0,ca4f577ad8e71e1e150861cee4e7d5f2bba1eb7a12539ebc18821b5360b1879c,71203.2493812608,30,0,0,5000000.0,20.0,60,0.3,False,nan,incomplete_transfer,106.75061873919913,
contact_denial_frac,A6_THREAD_AWARE_PRIORITY,0,ca4f577ad8e71e1e150861cee4e7d5f2bba1eb7a12539ebc18821b5360b1879c,71203.2493812608,30,0,0,5000000.0,20.0,60,0.3,True,206.78338673919913,timely_sufficient,106.75061873919913,
contact_denial_frac,A0_GROUND_ONLY,1,d9812535f85a2b8392b1489a47e186c9f417c5de2c266ef57e561237174de333,71424.58273047769,30,0,0,5000000.0,20.0,60,0.3,False,nan,incomplete_transfer,365.41726952230965,
contact_denial_frac,A1_COMPRESSED_FULL,1,d9812535f85a2b8392b1489a47e186c9f417c5de2c266ef57e561237174de333,71424.58273047769,30,0,0,5000000.0,20.0,60,0.3,False,44605.41726952231,late_availability,365.41726952230965,44575.41726952231
contact_denial_frac,A2_QUICKLOOK_FIRST,1,d9812535f85a2b8392b1489a47e186c9f417c5de2c266ef57e561237174de333,71424.58273047769,30,0,0,5000000.0,20.0,60,0.3,False,nan,incomplete_transfer,365.41726952230965,
contact_denial_frac,A3_ROI_FIRST,1,d9812535f85a2b8392b1489a47e186c9f417c5de2c266ef57e561237174de333,71424.58273047769,30,0,0,5000000.0,20.0,60,0.3,True,465.41726952230965,timely_sufficient,365.41726952230965,
contact_denial_frac,A4_PROGRESSIVE,1,d9812535f85a2b8392b1489a47e186c9f417c5de2c266ef57e561237174de333,71424.58273047769,30,0,0,5000000.0,20.0,60,0.3,True,498.28889832230965,timely_sufficient,365.41726952230965,
contact_denial_frac,A5_CONTACT_AWARE,1,d9812535f85a2b8392b1489a47e186c9f417c5de2c266ef57e561237174de333,71424.58273047769,30,0,0,5000000.0,20.0,60,0.3,False,nan,incomplete_transfer,365.41726952230965,
contact_denial_frac,A6_THREAD_AWARE_PRIORITY,1,d9812535f85a2b8392b1489a47e186c9f417c5de2c266ef57e561237174de333,71424.58273047769,30,0,0,5000000.0,20.0,60,0.3,True,465.4500375223097,timely_sufficient,365.41726952230965,
contact_denial_frac,A0_GROUND_ONLY,2,68e9c61c97eafe694a2fc4d222ca0b09ccfe0aceb6dd91af15fd1f0c0117ba68,58205.71618563066,30,0,0,5000000.0,20.0,60,0.3,False,nan,incomplete_transfer,444.28381436933705,
contact_denial_frac,A1_COMPRESSED_FULL,2,68e9c61c97eafe694a2fc4d222ca0b09ccfe0aceb6dd91af15fd1f0c0117ba68,58205.71618563066,30,0,0,5000000.0,20.0,60,0.3,False,92634.28381436934,late_availability,444.28381436933705,92604.28381436934
contact_denial_frac,A2_QUICKLOOK_FIRST,2,68e9c61c97eafe694a2fc4d222ca0b09ccfe0aceb6dd91af15fd1f0c0117ba68,58205.71618563066,30,0,0,5000000.0,20.0,60,0.3,False,nan,incomplete_transfer,444.28381436933705,
contact_denial_frac,A3_ROI_FIRST,2,68e9c61c97eafe694a2fc4d222ca0b09ccfe0aceb6dd91af15fd1f0c0117ba68,58205.71618563066,30,0,0,5000000.0,20.0,60,0.3,False,92204.28381436934,late_availability,444.28381436933705,
contact_denial_frac,A4_PROGRESSIVE,2,68e9c61c97eafe694a2fc4d222ca0b09ccfe0aceb6dd91af15fd1f0c0117ba68,58205.71618563066,30,0,0,5000000.0,20.0,60,0.3,False,92237.15544316934,late_availability,444.28381436933705,
contact_denial_frac,A5_CONTACT_AWARE,2,68e9c61c97eafe694a2fc4d222ca0b09ccfe0aceb6dd91af15fd1f0c0117ba68,58205.71618563066,30,0,0,5000000.0,20.0,60,0.3,False,nan,incomplete_transfer,444.28381436933705,
contact_denial_frac,A6_THREAD_AWARE_PRIORITY,2,68e9c61c97eafe694a2fc4d222ca0b09ccfe0aceb6dd91af15fd1f0c0117ba68,58205.71618563066,30,0,0,5000000.0,20.0,60,0.3,False,92204.31658236934,late_availability,444.28381436933705,
contact_denial_frac,A0_GROUND_ONLY,3,033d43f5bc62296a7cd0a20c65809a0584574b07c48c5e293a8bbb3f74e38bab,158611.93508804622,30,0,0,5000000.0,20.0,60,0.3,False,nan,incomplete_transfer,718.0649119537848,
contact_denial_frac,A1_COMPRESSED_FULL,3,033d43f5bc62296a7cd0a20c65809a0584574b07c48c5e293a8bbb3f74e38bab,158611.93508804622,30,0,0,5000000.0,20.0,60,0.3,False,nan,incomplete_transfer,718.0649119537848,
contact_denial_frac,A2_QUICKLOOK_FIRST,3,033d43f5bc62296a7cd0a20c65809a0584574b07c48c5e293a8bbb3f74e38bab,158611.93508804622,30,0,0,5000000.0,20.0,60,0.3,False,nan,incomplete_transfer,718.0649119537848,
contact_denial_frac,A3_ROI_FIRST,3,033d43f5bc62296a7cd0a20c65809a0584574b07c48c5e293a8bbb3f74e38bab,158611.93508804622,30,0,0,5000000.0,20.0,60,0.3,False,nan,incomplete_transfer,718.0649119537848,
contact_denial_frac,A4_PROGRESSIVE,3,033d43f5bc62296a7cd0a20c65809a0584574b07c48c5e293a8bbb3f74e38bab,158611.93508804622,30,0,0,5000000.0,20.0,60,0.3,False,nan,incomplete_transfer,718.0649119537848,
contact_denial_frac,A5_CONTACT_AWARE,3,033d43f5bc62296a7cd0a20c65809a0584574b07c48c5e293a8bbb3f74e38bab,158611.93508804622,30,0,0,5000000.0,20.0,60,0.3,False,nan,incomplete_transfer,718.0649119537848,
contact_denial_frac,A6_THREAD_AWARE_PRIORITY,3,033d43f5bc62296a7cd0a20c65809a0584574b07c48c5e293a8bbb3f74e38bab,158611.93508804622,30,0,0,5000000.0,20.0,60,0.3,False,nan,incomplete_transfer,718.0649119537848,
contact_denial_frac,A0_GROUND_ONLY,4,7547a57927740dec4f6195505c186e899b3ec4e944c0f60cc81cef6d3071cf75,132436.21328815687,30,0,0,5000000.0,20.0,60,0.3,False,nan,incomplete_transfer,643.7867118431313,
contact_denial_frac,A1_COMPRESSED_FULL,4,7547a57927740dec4f6195505c186e899b3ec4e944c0f60cc81cef6d3071cf75,132436.21328815687,30,0,0,5000000.0,20.0,60,0.3,False,nan,incomplete_transfer,643.7867118431313,
contact_denial_frac,A2_QUICKLOOK_FIRST,4,7547a57927740dec4f6195505c186e899b3ec4e944c0f60cc81cef6d3071cf75,132436.21328815687,30,0,0,5000000.0,20.0,60,0.3,False,nan,incomplete_transfer,643.7867118431313,
contact_denial_frac,A3_ROI_FIRST,4,7547a57927740dec4f6195505c186e899b3ec4e944c0f60cc81cef6d3071cf75,132436.21328815687,30,0,0,5000000.0,20.0,60,0.3,False,6053.786711843131,late_availability,643.7867118431313,
contact_denial_frac,A4_PROGRESSIVE,4,7547a57927740dec4f6195505c186e899b3ec4e944c0f60cc81cef6d3071cf75,132436.21328815687,30,0,0,5000000.0,20.0,60,0.3,False,6086.658340643131,late_availability,643.7867118431313,
contact_denial_frac,A5_CONTACT_AWARE,4,7547a57927740dec4f6195505c186e899b3ec4e944c0f60cc81cef6d3071cf75,132436.21328815687,30,0,0,5000000.0,20.0,60,0.3,False,nan,incomplete_transfer,643.7867118431313,
contact_denial_frac,A6_THREAD_AWARE_PRIORITY,4,7547a57927740dec4f6195505c186e899b3ec4e944c0f60cc81cef6d3071cf75,132436.21328815687,30,0,0,5000000.0,20.0,60,0.3,False,6053.819479843131,late_availability,643.7867118431313,
contact_denial_frac,A0_GROUND_ONLY,5,e0b6eff36a194b98624299cfeaf4bd76367851b3e08dd6764afc7342dacffec6,47831.79843658002,30,0,0,5000000.0,20.0,60,0.3,False,nan,incomplete_transfer,978.2015634199779,
contact_denial_frac,A1_COMPRESSED_FULL,5,e0b6eff36a194b98624299cfeaf4bd76367851b3e08dd6764afc7342dacffec6,47831.79843658002,30,0,0,5000000.0,20.0,60,0.3,False,nan,incomplete_transfer,978.2015634199779,
contact_denial_frac,A2_QUICKLOOK_FIRST,5,e0b6eff36a194b98624299cfeaf4bd76367851b3e08dd6764afc7342dacffec6,47831.79843658002,30,0,0,5000000.0,20.0,60,0.3,False,nan,incomplete_transfer,978.2015634199779,
contact_denial_frac,A3_ROI_FIRST,5,e0b6eff36a194b98624299cfeaf4bd76367851b3e08dd6764afc7342dacffec6,47831.79843658002,30,0,0,5000000.0,20.0,60,0.3,False,1078.201563419978,late_availability,978.2015634199779,
contact_denial_frac,A4_PROGRESSIVE,5,e0b6eff36a194b98624299cfeaf4bd76367851b3e08dd6764afc7342dacffec6,47831.79843658002,30,0,0,5000000.0,20.0,60,0.3,False,1111.073192219978,late_availability,978.2015634199779,
contact_denial_frac,A5_CONTACT_AWARE,5,e0b6eff36a194b98624299cfeaf4bd76367851b3e08dd6764afc7342dacffec6,47831.79843658002,30,0,0,5000000.0,20.0,60,0.3,False,nan,incomplete_transfer,978.2015634199779,
contact_denial_frac,A6_THREAD_AWARE_PRIORITY,5,e0b6eff36a194b98624299cfeaf4bd76367851b3e08dd6764afc7342dacffec6,47831.79843658002,30,0,0,5000000.0,20.0,60,0.3,False,1078.234331419978,late_availability,978.2015634199779,
contact_denial_frac,A0_GROUND_ONLY,6,fda9337482dc19d6aa0274ae04040c4163a736a677a7d029096f076ac8e218ee,162058.85659696194,30,0,0,5000000.0,20.0,60,0.3,False,nan,incomplete_transfer,961.1434030380624,
contact_denial_frac,A1_COMPRESSED_FULL,6,fda9337482dc19d6aa0274ae04040c4163a736a677a7d029096f076ac8e218ee,162058.85659696194,30,0,0,5000000.0,20.0,60,0.3,False,nan,incomplete_transfer,961.1434030380624,
contact_denial_frac,A2_QUICKLOOK_FIRST,6,fda9337482dc19d6aa0274ae04040c4163a736a677a7d029096f076ac8e218ee,162058.85659696194,30,0,0,5000000.0,20.0,60,0.3,False,nan,incomplete_transfer,961.1434030380624,
contact_denial_frac,A3_ROI_FIRST,6,fda9337482dc19d6aa0274ae04040c4163a736a677a7d029096f076ac8e218ee,162058.85659696194,30,0,0,5000000.0,20.0,60,0.3,False,nan,incomplete_transfer,961.1434030380624,
contact_denial_frac,A4_PROGRESSIVE,6,fda9337482dc19d6aa0274ae04040c4163a736a677a7d029096f076ac8e218ee,162058.85659696194,30,0,0,5000000.0,20.0,60,0.3,False,nan,incomplete_transfer,961.1434030380624,
contact_denial_frac,A5_CONTACT_AWARE,6,fda9337482dc19d6aa0274ae04040c4163a736a677a7d029096f076ac8e218ee,162058.85659696194,30,0,0,5000000.0,20.0,60,0.3,False,nan,incomplete_transfer,961.1434030380624,
contact_denial_frac,A6_THREAD_AWARE_PRIORITY,6,fda9337482dc19d6aa0274ae04040c4163a736a677a7d029096f076ac8e218ee,162058.85659696194,30,0,0,5000000.0,20.0,60,0.3,False,nan,incomplete_transfer,961.1434030380624,
contact_denial_frac,A0_GROUND_ONLY,7,1c872d30a5df33b5e5b37b5d07a13481b0fc243e9f87a5ca529540fe05a0a1b5,89694.63240020716,30,0,0,5000000.0,20.0,60,0.3,False,nan,incomplete_transfer,305.3675997928367,
contact_denial_frac,A1_COMPRESSED_FULL,7,1c872d30a5df33b5e5b37b5d07a13481b0fc243e9f87a5ca529540fe05a0a1b5,89694.63240020716,30,0,0,5000000.0,20.0,60,0.3,False,47965.36759979284,late_availability,305.3675997928367,47935.36759979284
contact_denial_frac,A2_QUICKLOOK_FIRST,7,1c872d30a5df33b5e5b37b5d07a13481b0fc243e9f87a5ca529540fe05a0a1b5,89694.63240020716,30,0,0,5000000.0,20.0,60,0.3,False,nan,incomplete_transfer,305.3675997928367,
contact_denial_frac,A3_ROI_FIRST,7,1c872d30a5df33b5e5b37b5d07a13481b0fc243e9f87a5ca529540fe05a0a1b5,89694.63240020716,30,0,0,5000000.0,20.0,60,0.3,False,47535.36759979284,late_availability,305.3675997928367,
contact_denial_frac,A4_PROGRESSIVE,7,1c872d30a5df33b5e5b37b5d07a13481b0fc243e9f87a5ca529540fe05a0a1b5,89694.63240020716,30,0,0,5000000.0,20.0,60,0.3,False,47568.239228592836,late_availability,305.3675997928367,
contact_denial_frac,A5_CONTACT_AWARE,7,1c872d30a5df33b5e5b37b5d07a13481b0fc243e9f87a5ca529540fe05a0a1b5,89694.63240020716,30,0,0,5000000.0,20.0,60,0.3,False,nan,incomplete_transfer,305.3675997928367,
contact_denial_frac,A6_THREAD_AWARE_PRIORITY,7,1c872d30a5df33b5e5b37b5d07a13481b0fc243e9f87a5ca529540fe05a0a1b5,89694.63240020716,30,0,0,5000000.0,20.0,60,0.3,False,47535.400367792834,late_availability,305.3675997928367,
contact_denial_frac,A0_GROUND_ONLY,8,ca2787bcd7d733cd06bb406537315d8e17c205980b0319e168ddf43ad406d672,144902.43529740698,30,0,0,5000000.0,20.0,60,0.3,False,nan,incomplete_transfer,1287.564702593023,
contact_denial_frac,A1_COMPRESSED_FULL,8,ca2787bcd7d733cd06bb406537315d8e17c205980b0319e168ddf43ad406d672,144902.43529740698,30,0,0,5000000.0,20.0,60,0.3,False,nan,incomplete_transfer,1287.564702593023,
contact_denial_frac,A2_QUICKLOOK_FIRST,8,ca2787bcd7d733cd06bb406537315d8e17c205980b0319e168ddf43ad406d672,144902.43529740698,30,0,0,5000000.0,20.0,60,0.3,False,nan,incomplete_transfer,1287.564702593023,
contact_denial_frac,A3_ROI_FIRST,8,ca2787bcd7d733cd06bb406537315d8e17c205980b0319e168ddf43ad406d672,144902.43529740698,30,0,0,5000000.0,20.0,60,0.3,False,1387.564702593023,late_availability,1287.564702593023,
contact_denial_frac,A4_PROGRESSIVE,8,ca2787bcd7d733cd06bb406537315d8e17c205980b0319e168ddf43ad406d672,144902.43529740698,30,0,0,5000000.0,20.0,60,0.3,False,1420.436331393023,late_availability,1287.564702593023,
contact_denial_frac,A5_CONTACT_AWARE,8,ca2787bcd7d733cd06bb406537315d8e17c205980b0319e168ddf43ad406d672,144902.43529740698,30,0,0,5000000.0,20.0,60,0.3,False,nan,incomplete_transfer,1287.564702593023,
contact_denial_frac,A6_THREAD_AWARE_PRIORITY,8,ca2787bcd7d733cd06bb406537315d8e17c205980b0319e168ddf43ad406d672,144902.43529740698,30,0,0,5000000.0,20.0,60,0.3,False,1387.597470593023,late_availability,1287.564702593023,
contact_denial_frac,A0_GROUND_ONLY,9,2e2af436f2a450b67f88e0f0830126c4b480280aff18c3146f01b4428476b0df,87958.18700346815,30,0,0,5000000.0,20.0,60,0.3,False,nan,incomplete_transfer,151.81299653185124,
contact_denial_frac,A1_COMPRESSED_FULL,9,2e2af436f2a450b67f88e0f0830126c4b480280aff18c3146f01b4428476b0df,87958.18700346815,30,0,0,5000000.0,20.0,60,0.3,False,53161.81299653185,late_availability,151.81299653185124,53131.81299653185
contact_denial_frac,A2_QUICKLOOK_FIRST,9,2e2af436f2a450b67f88e0f0830126c4b480280aff18c3146f01b4428476b0df,87958.18700346815,30,0,0,5000000.0,20.0,60,0.3,False,nan,incomplete_transfer,151.81299653185124,
contact_denial_frac,A3_ROI_FIRST,9,2e2af436f2a450b67f88e0f0830126c4b480280aff18c3146f01b4428476b0df,87958.18700346815,30,0,0,5000000.0,20.0,60,0.3,False,5631.812996531851,late_availability,151.81299653185124,
contact_denial_frac,A4_PROGRESSIVE,9,2e2af436f2a450b67f88e0f0830126c4b480280aff18c3146f01b4428476b0df,87958.18700346815,30,0,0,5000000.0,20.0,60,0.3,False,5664.684625331851,late_availability,151.81299653185124,
contact_denial_frac,A5_CONTACT_AWARE,9,2e2af436f2a450b67f88e0f0830126c4b480280aff18c3146f01b4428476b0df,87958.18700346815,30,0,0,5000000.0,20.0,60,0.3,False,nan,incomplete_transfer,151.81299653185124,
contact_denial_frac,A6_THREAD_AWARE_PRIORITY,9,2e2af436f2a450b67f88e0f0830126c4b480280aff18c3146f01b4428476b0df,87958.18700346815,30,0,0,5000000.0,20.0,60,0.3,False,5631.845764531851,late_availability,151.81299653185124,
contact_denial_frac,A0_GROUND_ONLY,10,398d19042146f9466ae1827a1693cdcc8d3527f7f95dc8f61340c4f32d1e9a35,136841.14223680316,30,0,0,5000000.0,20.0,60,0.3,False,nan,incomplete_transfer,498.85776319683646,
contact_denial_frac,A1_COMPRESSED_FULL,10,398d19042146f9466ae1827a1693cdcc8d3527f7f95dc8f61340c4f32d1e9a35,136841.14223680316,30,0,0,5000000.0,20.0,60,0.3,False,nan,incomplete_transfer,498.85776319683646,
contact_denial_frac,A2_QUICKLOOK_FIRST,10,398d19042146f9466ae1827a1693cdcc8d3527f7f95dc8f61340c4f32d1e9a35,136841.14223680316,30,0,0,5000000.0,20.0,60,0.3,False,nan,incomplete_transfer,498.85776319683646,
contact_denial_frac,A3_ROI_FIRST,10,398d19042146f9466ae1827a1693cdcc8d3527f7f95dc8f61340c4f32d1e9a35,136841.14223680316,30,0,0,5000000.0,20.0,60,0.3,True,598.8577631968365,timely_sufficient,498.85776319683646,
contact_denial_frac,A4_PROGRESSIVE,10,398d19042146f9466ae1827a1693cdcc8d3527f7f95dc8f61340c4f32d1e9a35,136841.14223680316,30,0,0,5000000.0,20.0,60,0.3,True,631.7293919968365,timely_sufficient,498.85776319683646,
contact_denial_frac,A5_CONTACT_AWARE,10,398d19042146f9466ae1827a1693cdcc8d3527f7f95dc8f61340c4f32d1e9a35,136841.14223680316,30,0,0,5000000.0,20.0,60,0.3,False,nan,incomplete_transfer,498.85776319683646,
contact_denial_frac,A6_THREAD_AWARE_PRIORITY,10,398d19042146f9466ae1827a1693cdcc8d3527f7f95dc8f61340c4f32d1e9a35,136841.14223680316,30,0,0,5000000.0,20.0,60,0.3,True,598.8905311968365,timely_sufficient,498.85776319683646,
contact_denial_frac,A0_GROUND_ONLY,11,5e71b36653c8a13bddf15fbb78aa2996d481721ff32a889fe7d160bba9b3273f,10757.589420950173,30,0,0,5000000.0,20.0,60,0.3,False,nan,incomplete_transfer,582.410579049827,
contact_denial_frac,A1_COMPRESSED_FULL,11,5e71b36653c8a13bddf15fbb78aa2996d481721ff32a889fe7d160bba9b3273f,10757.589420950173,30,0,0,5000000.0,20.0,60,0.3,False,139662.4105790498,late_availability,582.410579049827,139632.4105790498
contact_denial_frac,A2_QUICKLOOK_FIRST,11,5e71b36653c8a13bddf15fbb78aa2996d481721ff32a889fe7d160bba9b3273f,10757.589420950173,30,0,0,5000000.0,20.0,60,0.3,False,nan,incomplete_transfer,582.410579049827,
contact_denial_frac,A3_ROI_FIRST,11,5e71b36653c8a13bddf15fbb78aa2996d481721ff32a889fe7d160bba9b3273f,10757.589420950173,30,0,0,5000000.0,20.0,60,0.3,False,6032.410579049827,late_availability,582.410579049827,
contact_denial_frac,A4_PROGRESSIVE,11,5e71b36653c8a13bddf15fbb78aa2996d481721ff32a889fe7d160bba9b3273f,10757.589420950173,30,0,0,5000000.0,20.0,60,0.3,False,6065.282207849827,late_availability,582.410579049827,
contact_denial_frac,A5_CONTACT_AWARE,11,5e71b36653c8a13bddf15fbb78aa2996d481721ff32a889fe7d160bba9b3273f,10757.589420950173,30,0,0,5000000.0,20.0,60,0.3,False,nan,incomplete_transfer,582.410579049827,
contact_denial_frac,A6_THREAD_AWARE_PRIORITY,11,5e71b36653c8a13bddf15fbb78aa2996d481721ff32a889fe7d160bba9b3273f,10757.589420950173,30,0,0,5000000.0,20.0,60,0.3,False,6032.443347049827,late_availability,582.410579049827,
contact_denial_frac,A0_GROUND_ONLY,12,a203a9c8d5fac8926b60ddeecc09594befa7100e1508aec081732e10d387694d,88736.79289767242,30,0,0,5000000.0,20.0,60,0.3,False,nan,incomplete_transfer,1263.2071023275785,
contact_denial_frac,A1_COMPRESSED_FULL,12,a203a9c8d5fac8926b60ddeecc09594befa7100e1508aec081732e10d387694d,88736.79289767242,30,0,0,5000000.0,20.0,60,0.3,False,48923.20710232758,late_availability,1263.2071023275785,48893.20710232758
contact_denial_frac,A2_QUICKLOOK_FIRST,12,a203a9c8d5fac8926b60ddeecc09594befa7100e1508aec081732e10d387694d,88736.79289767242,30,0,0,5000000.0,20.0,60,0.3,False,nan,incomplete_transfer,1263.2071023275785,
contact_denial_frac,A3_ROI_FIRST,12,a203a9c8d5fac8926b60ddeecc09594befa7100e1508aec081732e10d387694d,88736.79289767242,30,0,0,5000000.0,20.0,60,0.3,False,48493.20710232758,late_availability,1263.2071023275785,
contact_denial_frac,A4_PROGRESSIVE,12,a203a9c8d5fac8926b60ddeecc09594befa7100e1508aec081732e10d387694d,88736.79289767242,30,0,0,5000000.0,20.0,60,0.3,False,48526.07873112758,late_availability,1263.2071023275785,
contact_denial_frac,A5_CONTACT_AWARE,12,a203a9c8d5fac8926b60ddeecc09594befa7100e1508aec081732e10d387694d,88736.79289767242,30,0,0,5000000.0,20.0,60,0.3,False,nan,incomplete_transfer,1263.2071023275785,
contact_denial_frac,A6_THREAD_AWARE_PRIORITY,12,a203a9c8d5fac8926b60ddeecc09594befa7100e1508aec081732e10d387694d,88736.79289767242,30,0,0,5000000.0,20.0,60,0.3,False,48493.239870327576,late_availability,1263.2071023275785,
contact_denial_frac,A0_GROUND_ONLY,13,3f7f4f9948daaaa103214bb86008ff571d7010899e1d643f59ebcf8bb7d8d689,2223.421192988508,30,0,0,5000000.0,20.0,60,0.3,False,166986.57880701148,late_availability,326.5788070114918,166956.57880701148
contact_denial_frac,A1_COMPRESSED_FULL,13,3f7f4f9948daaaa103214bb86008ff571d7010899e1d643f59ebcf8bb7d8d689,2223.421192988508,30,0,0,5000000.0,20.0,60,0.3,False,33556.578807011494,late_availability,326.5788070114918,33526.578807011494
contact_denial_frac,A2_QUICKLOOK_FIRST,13,3f7f4f9948daaaa103214bb86008ff571d7010899e1d643f59ebcf8bb7d8d689,2223.421192988508,30,0,0,5000000.0,20.0,60,0.3,False,167020.57880701148,late_availability,326.5788070114918,166990.57880701148
contact_denial_frac,A3_ROI_FIRST,13,3f7f4f9948daaaa103214bb86008ff571d7010899e1d643f59ebcf8bb7d8d689,2223.421192988508,30,0,0,5000000.0,20.0,60,0.3,True,426.5788070114918,timely_sufficient,326.5788070114918,167056.57880701148
contact_denial_frac,A4_PROGRESSIVE,13,3f7f4f9948daaaa103214bb86008ff571d7010899e1d643f59ebcf8bb7d8d689,2223.421192988508,30,0,0,5000000.0,20.0,60,0.3,True,459.4504358114918,timely_sufficient,326.5788070114918,167089.45043581148
contact_denial_frac,A5_CONTACT_AWARE,13,3f7f4f9948daaaa103214bb86008ff571d7010899e1d643f59ebcf8bb7d8d689,2223.421192988508,30,0,0,5000000.0,20.0,60,0.3,False,166986.57880701148,late_availability,326.5788070114918,166956.57880701148
contact_denial_frac,A6_THREAD_AWARE_PRIORITY,13,3f7f4f9948daaaa103214bb86008ff571d7010899e1d643f59ebcf8bb7d8d689,2223.421192988508,30,0,0,5000000.0,20.0,60,0.3,True,426.6115750114918,timely_sufficient,326.5788070114918,167089.45043581148
contact_denial_frac,A0_GROUND_ONLY,14,f3926b545e21f84bea6c9ecea65c8a2645a32f0f5819b1a414c68f18307ebb81,41795.95486579752,30,0,0,5000000.0,20.0,60,0.3,False,nan,incomplete_transfer,1374.0451342024826,
contact_denial_frac,A1_COMPRESSED_FULL,14,f3926b545e21f84bea6c9ecea65c8a2645a32f0f5819b1a414c68f18307ebb81,41795.95486579752,30,0,0,5000000.0,20.0,60,0.3,False,92994.04513420249,late_availability,1374.0451342024826,92964.04513420249
contact_denial_frac,A2_QUICKLOOK_FIRST,14,f3926b545e21f84bea6c9ecea65c8a2645a32f0f5819b1a414c68f18307ebb81,41795.95486579752,30,0,0,5000000.0,20.0,60,0.3,False,nan,incomplete_transfer,1374.0451342024826,
contact_denial_frac,A3_ROI_FIRST,14,f3926b545e21f84bea6c9ecea65c8a2645a32f0f5819b1a414c68f18307ebb81,41795.95486579752,30,0,0,5000000.0,20.0,60,0.3,False,6824.045134202483,late_availability,1374.0451342024826,
contact_denial_frac,A4_PROGRESSIVE,14,f3926b545e21f84bea6c9ecea65c8a2645a32f0f5819b1a414c68f18307ebb81,41795.95486579752,30,0,0,5000000.0,20.0,60,0.3,False,6856.916763002482,late_availability,1374.0451342024826,
contact_denial_frac,A5_CONTACT_AWARE,14,f3926b545e21f84bea6c9ecea65c8a2645a32f0f5819b1a414c68f18307ebb81,41795.95486579752,30,0,0,5000000.0,20.0,60,0.3,False,nan,incomplete_transfer,1374.0451342024826,
contact_denial_frac,A6_THREAD_AWARE_PRIORITY,14,f3926b545e21f84bea6c9ecea65c8a2645a32f0f5819b1a414c68f18307ebb81,41795.95486579752,30,0,0,5000000.0,20.0,60,0.3,False,6824.077902202483,late_availability,1374.0451342024826,
contact_denial_frac,A0_GROUND_ONLY,15,f7d314bc7118e70e0527bb72132d140d6af4305dcc1248cc940e82b8baeb39c4,161247.47134785925,30,0,0,5000000.0,20.0,60,0.3,False,nan,incomplete_transfer,482.5286521407543,
contact_denial_frac,A1_COMPRESSED_FULL,15,f7d314bc7118e70e0527bb72132d140d6af4305dcc1248cc940e82b8baeb39c4,161247.47134785925,30,0,0,5000000.0,20.0,60,0.3,False,nan,incomplete_transfer,482.5286521407543,
contact_denial_frac,A2_QUICKLOOK_FIRST,15,f7d314bc7118e70e0527bb72132d140d6af4305dcc1248cc940e82b8baeb39c4,161247.47134785925,30,0,0,5000000.0,20.0,60,0.3,False,nan,incomplete_transfer,482.5286521407543,
contact_denial_frac,A3_ROI_FIRST,15,f7d314bc7118e70e0527bb72132d140d6af4305dcc1248cc940e82b8baeb39c4,161247.47134785925,30,0,0,5000000.0,20.0,60,0.3,False,nan,incomplete_transfer,482.5286521407543,
contact_denial_frac,A4_PROGRESSIVE,15,f7d314bc7118e70e0527bb72132d140d6af4305dcc1248cc940e82b8baeb39c4,161247.47134785925,30,0,0,5000000.0,20.0,60,0.3,False,nan,incomplete_transfer,482.5286521407543,
contact_denial_frac,A5_CONTACT_AWARE,15,f7d314bc7118e70e0527bb72132d140d6af4305dcc1248cc940e82b8baeb39c4,161247.47134785925,30,0,0,5000000.0,20.0,60,0.3,False,nan,incomplete_transfer,482.5286521407543,
contact_denial_frac,A6_THREAD_AWARE_PRIORITY,15,f7d314bc7118e70e0527bb72132d140d6af4305dcc1248cc940e82b8baeb39c4,161247.47134785925,30,0,0,5000000.0,20.0,60,0.3,False,nan,incomplete_transfer,482.5286521407543,
contact_denial_frac,A0_GROUND_ONLY,16,ee99b89909f6a5e8ca3bac0920ca70e5cdd867266f9d3942f86132854bf4956d,78181.82051197265,30,0,0,5000000.0,20.0,60,0.3,False,92558.17948802735,late_availability,568.1794880273519,92528.17948802735
contact_denial_frac,A1_COMPRESSED_FULL,16,ee99b89909f6a5e8ca3bac0920ca70e5cdd867266f9d3942f86132854bf4956d,78181.82051197265,30,0,0,5000000.0,20.0,60,0.3,False,47868.17948802735,late_availability,568.1794880273519,47838.17948802735
contact_denial_frac,A2_QUICKLOOK_FIRST,16,ee99b89909f6a5e8ca3bac0920ca70e5cdd867266f9d3942f86132854bf4956d,78181.82051197265,30,0,0,5000000.0,20.0,60,0.3,False,nan,incomplete_transfer,568.1794880273519,
contact_denial_frac,A3_ROI_FIRST,16,ee99b89909f6a5e8ca3bac0920ca70e5cdd867266f9d3942f86132854bf4956d,78181.82051197265,30,0,0,5000000.0,20.0,60,0.3,False,6008.179488027352,late_availability,568.1794880273519,
contact_denial_frac,A4_PROGRESSIVE,16,ee99b89909f6a5e8ca3bac0920ca70e5cdd867266f9d3942f86132854bf4956d,78181.82051197265,30,0,0,5000000.0,20.0,60,0.3,False,6041.0511168273515,late_availability,568.1794880273519,
contact_denial_frac,A5_CONTACT_AWARE,16,ee99b89909f6a5e8ca3bac0920ca70e5cdd867266f9d3942f86132854bf4956d,78181.82051197265,30,0,0,5000000.0,20.0,60,0.3,False,92558.17948802735,late_availability,568.1794880273519,92528.17948802735
contact_denial_frac,A6_THREAD_AWARE_PRIORITY,16,ee99b89909f6a5e8ca3bac0920ca70e5cdd867266f9d3942f86132854bf4956d,78181.82051197265,30,0,0,5000000.0,20.0,60,0.3,False,6008.212256027352,late_availability,568.1794880273519,
contact_denial_frac,A0_GROUND_ONLY,17,62022495ba0a5237dc02b1367b8baddc0a3ce2bf8119e076aaeb9e950f5b1b68,135271.13657556393,30,0,0,5000000.0,20.0,60,0.3,False,nan,incomplete_transfer,178.86342443607282,
contact_denial_frac,A1_COMPRESSED_FULL,17,62022495ba0a5237dc02b1367b8baddc0a3ce2bf8119e076aaeb9e950f5b1b68,135271.13657556393,30,0,0,5000000.0,20.0,60,0.3,False,nan,incomplete_transfer,178.86342443607282,
contact_denial_frac,A2_QUICKLOOK_FIRST,17,62022495ba0a5237dc02b1367b8baddc0a3ce2bf8119e076aaeb9e950f5b1b68,135271.13657556393,30,0,0,5000000.0,20.0,60,0.3,False,nan,incomplete_transfer,178.86342443607282,
contact_denial_frac,A3_ROI_FIRST,17,62022495ba0a5237dc02b1367b8baddc0a3ce2bf8119e076aaeb9e950f5b1b68,135271.13657556393,30,0,0,5000000.0,20.0,60,0.3,False,nan,incomplete_transfer,178.86342443607282,
contact_denial_frac,A4_PROGRESSIVE,17,62022495ba0a5237dc02b1367b8baddc0a3ce2bf8119e076aaeb9e950f5b1b68,135271.13657556393,30,0,0,5000000.0,20.0,60,0.3,False,nan,incomplete_transfer,178.86342443607282,
contact_denial_frac,A5_CONTACT_AWARE,17,62022495ba0a5237dc02b1367b8baddc0a3ce2bf8119e076aaeb9e950f5b1b68,135271.13657556393,30,0,0,5000000.0,20.0,60,0.3,False,nan,incomplete_transfer,178.86342443607282,
contact_denial_frac,A6_THREAD_AWARE_PRIORITY,17,62022495ba0a5237dc02b1367b8baddc0a3ce2bf8119e076aaeb9e950f5b1b68,135271.13657556393,30,0,0,5000000.0,20.0,60,0.3,False,nan,incomplete_transfer,178.86342443607282,
contact_denial_frac,A0_GROUND_ONLY,18,9893c2ea9017e5ee5f0371b50485b4b9a7f99e82205cf1f8a49c5ca3a947b20c,165135.03257907528,30,0,0,5000000.0,20.0,60,0.3,False,nan,incomplete_transfer,344.96742092471686,
contact_denial_frac,A1_COMPRESSED_FULL,18,9893c2ea9017e5ee5f0371b50485b4b9a7f99e82205cf1f8a49c5ca3a947b20c,165135.03257907528,30,0,0,5000000.0,20.0,60,0.3,False,nan,incomplete_transfer,344.96742092471686,
contact_denial_frac,A2_QUICKLOOK_FIRST,18,9893c2ea9017e5ee5f0371b50485b4b9a7f99e82205cf1f8a49c5ca3a947b20c,165135.03257907528,30,0,0,5000000.0,20.0,60,0.3,False,nan,incomplete_transfer,344.96742092471686,
contact_denial_frac,A3_ROI_FIRST,18,9893c2ea9017e5ee5f0371b50485b4b9a7f99e82205cf1f8a49c5ca3a947b20c,165135.03257907528,30,0,0,5000000.0,20.0,60,0.3,True,454.96742092471686,timely_sufficient,344.96742092471686,
contact_denial_frac,A4_PROGRESSIVE,18,9893c2ea9017e5ee5f0371b50485b4b9a7f99e82205cf1f8a49c5ca3a947b20c,165135.03257907528,30,0,0,5000000.0,20.0,60,0.3,True,487.83904972471686,timely_sufficient,344.96742092471686,
contact_denial_frac,A5_CONTACT_AWARE,18,9893c2ea9017e5ee5f0371b50485b4b9a7f99e82205cf1f8a49c5ca3a947b20c,165135.03257907528,30,0,0,5000000.0,20.0,60,0.3,False,nan,incomplete_transfer,344.96742092471686,
contact_denial_frac,A6_THREAD_AWARE_PRIORITY,18,9893c2ea9017e5ee5f0371b50485b4b9a7f99e82205cf1f8a49c5ca3a947b20c,165135.03257907528,30,0,0,5000000.0,20.0,60,0.3,True,455.0001889247169,timely_sufficient,344.96742092471686,
contact_denial_frac,A0_GROUND_ONLY,19,cb92a9e50b241b0ba93c648d1c7734eb4a247f3e8ac31f62122a058b6487e939,130327.40996119597,30,0,0,5000000.0,20.0,60,0.3,False,nan,incomplete_transfer,862.5900388040318,
contact_denial_frac,A1_COMPRESSED_FULL,19,cb92a9e50b241b0ba93c648d1c7734eb4a247f3e8ac31f62122a058b6487e939,130327.40996119597,30,0,0,5000000.0,20.0,60,0.3,False,nan,incomplete_transfer,862.5900388040318,
contact_denial_frac,A2_QUICKLOOK_FIRST,19,cb92a9e50b241b0ba93c648d1c7734eb4a247f3e8ac31f62122a058b6487e939,130327.40996119597,30,0,0,5000000.0,20.0,60,0.3,False,nan,incomplete_transfer,862.5900388040318,
contact_denial_frac,A3_ROI_FIRST,19,cb92a9e50b241b0ba93c648d1c7734eb4a247f3e8ac31f62122a058b6487e939,130327.40996119597,30,0,0,5000000.0,20.0,60,0.3,False,6312.590038804032,late_availability,862.5900388040318,
contact_denial_frac,A4_PROGRESSIVE,19,cb92a9e50b241b0ba93c648d1c7734eb4a247f3e8ac31f62122a058b6487e939,130327.40996119597,30,0,0,5000000.0,20.0,60,0.3,False,6345.461667604031,late_availability,862.5900388040318,
contact_denial_frac,A5_CONTACT_AWARE,19,cb92a9e50b241b0ba93c648d1c7734eb4a247f3e8ac31f62122a058b6487e939,130327.40996119597,30,0,0,5000000.0,20.0,60,0.3,False,nan,incomplete_transfer,862.5900388040318,
contact_denial_frac,A6_THREAD_AWARE_PRIORITY,19,cb92a9e50b241b0ba93c648d1c7734eb4a247f3e8ac31f62122a058b6487e939,130327.40996119597,30,0,0,5000000.0,20.0,60,0.3,False,6312.622806804032,late_availability,862.5900388040318,
contact_denial_frac,A0_GROUND_ONLY,20,ea68eae2d5eef2a49e9386e2da3d80e17aa0c9dd01a8f21459dc0e1bb3577285,79271.02272901162,30,0,0,5000000.0,20.0,60,0.3,False,nan,incomplete_transfer,1368.9772709883837,
contact_denial_frac,A1_COMPRESSED_FULL,20,ea68eae2d5eef2a49e9386e2da3d80e17aa0c9dd01a8f21459dc0e1bb3577285,79271.02272901162,30,0,0,5000000.0,20.0,60,0.3,False,93158.97727098838,late_availability,1368.9772709883837,93128.97727098838
contact_denial_frac,A2_QUICKLOOK_FIRST,20,ea68eae2d5eef2a49e9386e2da3d80e17aa0c9dd01a8f21459dc0e1bb3577285,79271.02272901162,30,0,0,5000000.0,20.0,60,0.3,False,nan,incomplete_transfer,1368.9772709883837,
contact_denial_frac,A3_ROI_FIRST,20,ea68eae2d5eef2a49e9386e2da3d80e17aa0c9dd01a8f21459dc0e1bb3577285,79271.02272901162,30,0,0,5000000.0,20.0,60,0.3,False,1468.9772709883837,late_availability,1368.9772709883837,
contact_denial_frac,A4_PROGRESSIVE,20,ea68eae2d5eef2a49e9386e2da3d80e17aa0c9dd01a8f21459dc0e1bb3577285,79271.02272901162,30,0,0,5000000.0,20.0,60,0.3,False,1501.8488997883837,late_availability,1368.9772709883837,
contact_denial_frac,A5_CONTACT_AWARE,20,ea68eae2d5eef2a49e9386e2da3d80e17aa0c9dd01a8f21459dc0e1bb3577285,79271.02272901162,30,0,0,5000000.0,20.0,60,0.3,False,nan,incomplete_transfer,1368.9772709883837,
contact_denial_frac,A6_THREAD_AWARE_PRIORITY,20,ea68eae2d5eef2a49e9386e2da3d80e17aa0c9dd01a8f21459dc0e1bb3577285,79271.02272901162,30,0,0,5000000.0,20.0,60,0.3,False,1469.0100389883837,late_availability,1368.9772709883837,
contact_denial_frac,A0_GROUND_ONLY,21,79b6be373ae23f9e67d0a8b93e626bdf10f163d9c1b6292cd31773b8b4291056,88104.08775749971,30,0,0,5000000.0,20.0,60,0.3,False,nan,incomplete_transfer,605.9122425002861,
contact_denial_frac,A1_COMPRESSED_FULL,21,79b6be373ae23f9e67d0a8b93e626bdf10f163d9c1b6292cd31773b8b4291056,88104.08775749971,30,0,0,5000000.0,20.0,60,0.3,False,39415.912242500286,late_availability,605.9122425002861,39385.912242500286
contact_denial_frac,A2_QUICKLOOK_FIRST,21,79b6be373ae23f9e67d0a8b93e626bdf10f163d9c1b6292cd31773b8b4291056,88104.08775749971,30,0,0,5000000.0,20.0,60,0.3,False,nan,incomplete_transfer,605.9122425002861,
contact_denial_frac,A3_ROI_FIRST,21,79b6be373ae23f9e67d0a8b93e626bdf10f163d9c1b6292cd31773b8b4291056,88104.08775749971,30,0,0,5000000.0,20.0,60,0.3,True,705.9122425002861,timely_sufficient,605.9122425002861,
contact_denial_frac,A4_PROGRESSIVE,21,79b6be373ae23f9e67d0a8b93e626bdf10f163d9c1b6292cd31773b8b4291056,88104.08775749971,30,0,0,5000000.0,20.0,60,0.3,True,738.7838713002861,timely_sufficient,605.9122425002861,
contact_denial_frac,A5_CONTACT_AWARE,21,79b6be373ae23f9e67d0a8b93e626bdf10f163d9c1b6292cd31773b8b4291056,88104.08775749971,30,0,0,5000000.0,20.0,60,0.3,False,nan,incomplete_transfer,605.9122425002861,
contact_denial_frac,A6_THREAD_AWARE_PRIORITY,21,79b6be373ae23f9e67d0a8b93e626bdf10f163d9c1b6292cd31773b8b4291056,88104.08775749971,30,0,0,5000000.0,20.0,60,0.3,True,705.9450105002861,timely_sufficient,605.9122425002861,
contact_denial_frac,A0_GROUND_ONLY,22,d90a46d6de35483a0de4323e7135de3769cabfefc1f863d76df9a10ff72ef25f,125915.27799004433,30,0,0,5000000.0,20.0,60,0.3,False,nan,incomplete_transfer,204.72200995567255,
contact_denial_frac,A1_COMPRESSED_FULL,22,d90a46d6de35483a0de4323e7135de3769cabfefc1f863d76df9a10ff72ef25f,125915.27799004433,30,0,0,5000000.0,20.0,60,0.3,False,6044.722009955673,late_availability,204.72200995567255,6014.722009955673
contact_denial_frac,A2_QUICKLOOK_FIRST,22,d90a46d6de35483a0de4323e7135de3769cabfefc1f863d76df9a10ff72ef25f,125915.27799004433,30,0,0,5000000.0,20.0,60,0.3,False,nan,incomplete_transfer,204.72200995567255,
contact_denial_frac,A3_ROI_FIRST,22,d90a46d6de35483a0de4323e7135de3769cabfefc1f863d76df9a10ff72ef25f,125915.27799004433,30,0,0,5000000.0,20.0,60,0.3,True,304.72200995567255,timely_sufficient,204.72200995567255,
contact_denial_frac,A4_PROGRESSIVE,22,d90a46d6de35483a0de4323e7135de3769cabfefc1f863d76df9a10ff72ef25f,125915.27799004433,30,0,0,5000000.0,20.0,60,0.3,True,337.59363875567254,timely_sufficient,204.72200995567255,
contact_denial_frac,A5_CONTACT_AWARE,22,d90a46d6de35483a0de4323e7135de3769cabfefc1f863d76df9a10ff72ef25f,125915.27799004433,30,0,0,5000000.0,20.0,60,0.3,False,nan,incomplete_transfer,204.72200995567255,
contact_denial_frac,A6_THREAD_AWARE_PRIORITY,22,d90a46d6de35483a0de4323e7135de3769cabfefc1f863d76df9a10ff72ef25f,125915.27799004433,30,0,0,5000000.0,20.0,60,0.3,True,304.7547779556726,timely_sufficient,204.72200995567255,
contact_denial_frac,A0_GROUND_ONLY,23,81bf8deb9db6f9f278f9f9f654b8741481674a4e6ea0de4dd5cbb220a71d481d,91925.60430622347,30,0,0,5000000.0,20.0,60,0.3,False,nan,incomplete_transfer,444.3956937765324,
contact_denial_frac,A1_COMPRESSED_FULL,23,81bf8deb9db6f9f278f9f9f654b8741481674a4e6ea0de4dd5cbb220a71d481d,91925.60430622347,30,0,0,5000000.0,20.0,60,0.3,False,6344.395693776532,late_availability,444.3956937765324,6314.395693776532
contact_denial_frac,A2_QUICKLOOK_FIRST,23,81bf8deb9db6f9f278f9f9f654b8741481674a4e6ea0de4dd5cbb220a71d481d,91925.60430622347,30,0,0,5000000.0,20.0,60,0.3,False,nan,incomplete_transfer,444.3956937765324,
contact_denial_frac,A3_ROI_FIRST,23,81bf8deb9db6f9f278f9f9f654b8741481674a4e6ea0de4dd5cbb220a71d481d,91925.60430622347,30,0,0,5000000.0,20.0,60,0.3,True,544.3956937765324,timely_sufficient,444.3956937765324,
contact_denial_frac,A4_PROGRESSIVE,23,81bf8deb9db6f9f278f9f9f654b8741481674a4e6ea0de4dd5cbb220a71d481d,91925.60430622347,30,0,0,5000000.0,20.0,60,0.3,True,577.2673225765325,timely_sufficient,444.3956937765324,
contact_denial_frac,A5_CONTACT_AWARE,23,81bf8deb9db6f9f278f9f9f654b8741481674a4e6ea0de4dd5cbb220a71d481d,91925.60430622347,30,0,0,5000000.0,20.0,60,0.3,False,nan,incomplete_transfer,444.3956937765324,
contact_denial_frac,A6_THREAD_AWARE_PRIORITY,23,81bf8deb9db6f9f278f9f9f654b8741481674a4e6ea0de4dd5cbb220a71d481d,91925.60430622347,30,0,0,5000000.0,20.0,60,0.3,True,544.4284617765325,timely_sufficient,444.3956937765324,
rate_0.5x,A0_GROUND_ONLY,0,ca4f577ad8e71e1e150861cee4e7d5f2bba1eb7a12539ebc18821b5360b1879c,71203.2493812608,30,0,0,2500000.0,20.0,60,0.0,False,nan,incomplete_transfer,106.75061873919913,
rate_0.5x,A1_COMPRESSED_FULL,0,ca4f577ad8e71e1e150861cee4e7d5f2bba1eb7a12539ebc18821b5360b1879c,71203.2493812608,30,0,0,2500000.0,20.0,60,0.0,False,86406.7506187392,late_availability,106.75061873919913,86376.7506187392
rate_0.5x,A2_QUICKLOOK_FIRST,0,ca4f577ad8e71e1e150861cee4e7d5f2bba1eb7a12539ebc18821b5360b1879c,71203.2493812608,30,0,0,2500000.0,20.0,60,0.0,False,nan,incomplete_transfer,106.75061873919913,
rate_0.5x,A3_ROI_FIRST,0,ca4f577ad8e71e1e150861cee4e7d5f2bba1eb7a12539ebc18821b5360b1879c,71203.2493812608,30,0,0,2500000.0,20.0,60,0.0,False,47356.7506187392,late_availability,106.75061873919913,
rate_0.5x,A4_PROGRESSIVE,0,ca4f577ad8e71e1e150861cee4e7d5f2bba1eb7a12539ebc18821b5360b1879c,71203.2493812608,30,0,0,2500000.0,20.0,60,0.0,False,47422.4938763392,late_availability,106.75061873919913,
rate_0.5x,A5_CONTACT_AWARE,0,ca4f577ad8e71e1e150861cee4e7d5f2bba1eb7a12539ebc18821b5360b1879c,71203.2493812608,30,0,0,2500000.0,20.0,60,0.0,False,nan,incomplete_transfer,106.75061873919913,
rate_0.5x,A6_THREAD_AWARE_PRIORITY,0,ca4f577ad8e71e1e150861cee4e7d5f2bba1eb7a12539ebc18821b5360b1879c,71203.2493812608,30,0,0,2500000.0,20.0,60,0.0,False,47356.8161547392,late_availability,106.75061873919913,
rate_0.5x,A0_GROUND_ONLY,1,d9812535f85a2b8392b1489a47e186c9f417c5de2c266ef57e561237174de333,71424.58273047769,30,0,0,2500000.0,20.0,60,0.0,False,nan,incomplete_transfer,365.41726952230965,
rate_0.5x,A1_COMPRESSED_FULL,1,d9812535f85a2b8392b1489a47e186c9f417c5de2c266ef57e561237174de333,71424.58273047769,30,0,0,2500000.0,20.0,60,0.0,False,44725.41726952231,late_availability,365.41726952230965,44695.41726952231
rate_0.5x,A2_QUICKLOOK_FIRST,1,d9812535f85a2b8392b1489a47e186c9f417c5de2c266ef57e561237174de333,71424.58273047769,30,0,0,2500000.0,20.0,60,0.0,False,nan,incomplete_transfer,365.41726952230965,
rate_0.5x,A3_ROI_FIRST,1,d9812535f85a2b8392b1489a47e186c9f417c5de2c266ef57e561237174de333,71424.58273047769,30,0,0,2500000.0,20.0,60,0.0,True,545.4172695223097,timely_sufficient,365.41726952230965,
rate_0.5x,A4_PROGRESSIVE,1,d9812535f85a2b8392b1489a47e186c9f417c5de2c266ef57e561237174de333,71424.58273047769,30,0,0,2500000.0,20.0,60,0.0,True,611.1605271223096,timely_sufficient,365.41726952230965,
rate_0.5x,A5_CONTACT_AWARE,1,d9812535f85a2b8392b1489a47e186c9f417c5de2c266ef57e561237174de333,71424.58273047769,30,0,0,2500000.0,20.0,60,0.0,False,nan,incomplete_transfer,365.41726952230965,
rate_0.5x,A6_THREAD_AWARE_PRIORITY,1,d9812535f85a2b8392b1489a47e186c9f417c5de2c266ef57e561237174de333,71424.58273047769,30,0,0,2500000.0,20.0,60,0.0,True,545.4828055223097,timely_sufficient,365.41726952230965,
rate_0.5x,A0_GROUND_ONLY,2,68e9c61c97eafe694a2fc4d222ca0b09ccfe0aceb6dd91af15fd1f0c0117ba68,58205.71618563066,30,0,0,2500000.0,20.0,60,0.0,False,nan,incomplete_transfer,444.28381436933705,
rate_0.5x,A1_COMPRESSED_FULL,2,68e9c61c97eafe694a2fc4d222ca0b09ccfe0aceb6dd91af15fd1f0c0117ba68,58205.71618563066,30,0,0,2500000.0,20.0,60,0.0,False,92214.28381436934,late_availability,444.28381436933705,92184.28381436934
rate_0.5x,A2_QUICKLOOK_FIRST,2,68e9c61c97eafe694a2fc4d222ca0b09ccfe0aceb6dd91af15fd1f0c0117ba68,58205.71618563066,30,0,0,2500000.0,20.0,60,0.0,False,nan,incomplete_transfer,444.28381436933705,
rate_0.5x,A3_ROI_FIRST,2,68e9c61c97eafe694a2fc4d222ca0b09ccfe0aceb6dd91af15fd1f0c0117ba68,58205.71618563066,30,0,0,2500000.0,20.0,60,0.0,False,6154.283814369337,late_availability,444.28381436933705,
rate_0.5x,A4_PROGRESSIVE,2,68e9c61c97eafe694a2fc4d222ca0b09ccfe0aceb6dd91af15fd1f0c0117ba68,58205.71618563066,30,0,0,2500000.0,20.0,60,0.0,False,6220.027071969337,late_availability,444.28381436933705,
rate_0.5x,A5_CONTACT_AWARE,2,68e9c61c97eafe694a2fc4d222ca0b09ccfe0aceb6dd91af15fd1f0c0117ba68,58205.71618563066,30,0,0,2500000.0,20.0,60,0.0,False,nan,incomplete_transfer,444.28381436933705,
rate_0.5x,A6_THREAD_AWARE_PRIORITY,2,68e9c61c97eafe694a2fc4d222ca0b09ccfe0aceb6dd91af15fd1f0c0117ba68,58205.71618563066,30,0,0,2500000.0,20.0,60,0.0,False,6154.349350369337,late_availability,444.28381436933705,
rate_0.5x,A0_GROUND_ONLY,3,033d43f5bc62296a7cd0a20c65809a0584574b07c48c5e293a8bbb3f74e38bab,158611.93508804622,30,0,0,2500000.0,20.0,60,0.0,False,nan,incomplete_transfer,718.0649119537848,
rate_0.5x,A1_COMPRESSED_FULL,3,033d43f5bc62296a7cd0a20c65809a0584574b07c48c5e293a8bbb3f74e38bab,158611.93508804622,30,0,0,2500000.0,20.0,60,0.0,False,nan,incomplete_transfer,718.0649119537848,
rate_0.5x,A2_QUICKLOOK_FIRST,3,033d43f5bc62296a7cd0a20c65809a0584574b07c48c5e293a8bbb3f74e38bab,158611.93508804622,30,0,0,2500000.0,20.0,60,0.0,False,nan,incomplete_transfer,718.0649119537848,
rate_0.5x,A3_ROI_FIRST,3,033d43f5bc62296a7cd0a20c65809a0584574b07c48c5e293a8bbb3f74e38bab,158611.93508804622,30,0,0,2500000.0,20.0,60,0.0,False,nan,incomplete_transfer,718.0649119537848,
rate_0.5x,A4_PROGRESSIVE,3,033d43f5bc62296a7cd0a20c65809a0584574b07c48c5e293a8bbb3f74e38bab,158611.93508804622,30,0,0,2500000.0,20.0,60,0.0,False,nan,incomplete_transfer,718.0649119537848,
rate_0.5x,A5_CONTACT_AWARE,3,033d43f5bc62296a7cd0a20c65809a0584574b07c48c5e293a8bbb3f74e38bab,158611.93508804622,30,0,0,2500000.0,20.0,60,0.0,False,nan,incomplete_transfer,718.0649119537848,
rate_0.5x,A6_THREAD_AWARE_PRIORITY,3,033d43f5bc62296a7cd0a20c65809a0584574b07c48c5e293a8bbb3f74e38bab,158611.93508804622,30,0,0,2500000.0,20.0,60,0.0,False,nan,incomplete_transfer,718.0649119537848,
rate_0.5x,A0_GROUND_ONLY,4,7547a57927740dec4f6195505c186e899b3ec4e944c0f60cc81cef6d3071cf75,132436.21328815687,30,0,0,2500000.0,20.0,60,0.0,False,nan,incomplete_transfer,643.7867118431313,
rate_0.5x,A1_COMPRESSED_FULL,4,7547a57927740dec4f6195505c186e899b3ec4e944c0f60cc81cef6d3071cf75,132436.21328815687,30,0,0,2500000.0,20.0,60,0.0,False,nan,incomplete_transfer,643.7867118431313,
rate_0.5x,A2_QUICKLOOK_FIRST,4,7547a57927740dec4f6195505c186e899b3ec4e944c0f60cc81cef6d3071cf75,132436.21328815687,30,0,0,2500000.0,20.0,60,0.0,False,nan,incomplete_transfer,643.7867118431313,
rate_0.5x,A3_ROI_FIRST,4,7547a57927740dec4f6195505c186e899b3ec4e944c0f60cc81cef6d3071cf75,132436.21328815687,30,0,0,2500000.0,20.0,60,0.0,False,6133.786711843131,late_availability,643.7867118431313,
rate_0.5x,A4_PROGRESSIVE,4,7547a57927740dec4f6195505c186e899b3ec4e944c0f60cc81cef6d3071cf75,132436.21328815687,30,0,0,2500000.0,20.0,60,0.0,False,6199.529969443131,late_availability,643.7867118431313,
rate_0.5x,A5_CONTACT_AWARE,4,7547a57927740dec4f6195505c186e899b3ec4e944c0f60cc81cef6d3071cf75,132436.21328815687,30,0,0,2500000.0,20.0,60,0.0,False,nan,incomplete_transfer,643.7867118431313,
rate_0.5x,A6_THREAD_AWARE_PRIORITY,4,7547a57927740dec4f6195505c186e899b3ec4e944c0f60cc81cef6d3071cf75,132436.21328815687,30,0,0,2500000.0,20.0,60,0.0,False,6133.852247843131,late_availability,643.7867118431313,
rate_0.5x,A0_GROUND_ONLY,5,e0b6eff36a194b98624299cfeaf4bd76367851b3e08dd6764afc7342dacffec6,47831.79843658002,30,0,0,2500000.0,20.0,60,0.0,False,nan,incomplete_transfer,978.2015634199779,
rate_0.5x,A1_COMPRESSED_FULL,5,e0b6eff36a194b98624299cfeaf4bd76367851b3e08dd6764afc7342dacffec6,47831.79843658002,30,0,0,2500000.0,20.0,60,0.0,False,87128.20156341998,late_availability,978.2015634199779,87098.20156341998
rate_0.5x,A2_QUICKLOOK_FIRST,5,e0b6eff36a194b98624299cfeaf4bd76367851b3e08dd6764afc7342dacffec6,47831.79843658002,30,0,0,2500000.0,20.0,60,0.0,False,nan,incomplete_transfer,978.2015634199779,
rate_0.5x,A3_ROI_FIRST,5,e0b6eff36a194b98624299cfeaf4bd76367851b3e08dd6764afc7342dacffec6,47831.79843658002,30,0,0,2500000.0,20.0,60,0.0,False,6588.201563419978,late_availability,978.2015634199779,
rate_0.5x,A4_PROGRESSIVE,5,e0b6eff36a194b98624299cfeaf4bd76367851b3e08dd6764afc7342dacffec6,47831.79843658002,30,0,0,2500000.0,20.0,60,0.0,False,6653.944821019978,late_availability,978.2015634199779,
rate_0.5x,A5_CONTACT_AWARE,5,e0b6eff36a194b98624299cfeaf4bd76367851b3e08dd6764afc7342dacffec6,47831.79843658002,30,0,0,2500000.0,20.0,60,0.0,False,nan,incomplete_transfer,978.2015634199779,
rate_0.5x,A6_THREAD_AWARE_PRIORITY,5,e0b6eff36a194b98624299cfeaf4bd76367851b3e08dd6764afc7342dacffec6,47831.79843658002,30,0,0,2500000.0,20.0,60,0.0,False,6588.267099419978,late_availability,978.2015634199779,
rate_0.5x,A0_GROUND_ONLY,6,fda9337482dc19d6aa0274ae04040c4163a736a677a7d029096f076ac8e218ee,162058.85659696194,30,0,0,2500000.0,20.0,60,0.0,False,nan,incomplete_transfer,961.1434030380624,
rate_0.5x,A1_COMPRESSED_FULL,6,fda9337482dc19d6aa0274ae04040c4163a736a677a7d029096f076ac8e218ee,162058.85659696194,30,0,0,2500000.0,20.0,60,0.0,False,nan,incomplete_transfer,961.1434030380624,
rate_0.5x,A2_QUICKLOOK_FIRST,6,fda9337482dc19d6aa0274ae04040c4163a736a677a7d029096f076ac8e218ee,162058.85659696194,30,0,0,2500000.0,20.0,60,0.0,False,nan,incomplete_transfer,961.1434030380624,
rate_0.5x,A3_ROI_FIRST,6,fda9337482dc19d6aa0274ae04040c4163a736a677a7d029096f076ac8e218ee,162058.85659696194,30,0,0,2500000.0,20.0,60,0.0,False,6491.143403038062,late_availability,961.1434030380624,
rate_0.5x,A4_PROGRESSIVE,6,fda9337482dc19d6aa0274ae04040c4163a736a677a7d029096f076ac8e218ee,162058.85659696194,30,0,0,2500000.0,20.0,60,0.0,False,6556.8866606380625,late_availability,961.1434030380624,
rate_0.5x,A5_CONTACT_AWARE,6,fda9337482dc19d6aa0274ae04040c4163a736a677a7d029096f076ac8e218ee,162058.85659696194,30,0,0,2500000.0,20.0,60,0.0,False,nan,incomplete_transfer,961.1434030380624,
rate_0.5x,A6_THREAD_AWARE_PRIORITY,6,fda9337482dc19d6aa0274ae04040c4163a736a677a7d029096f076ac8e218ee,162058.85659696194,30,0,0,2500000.0,20.0,60,0.0,False,6491.208939038062,late_availability,961.1434030380624,
rate_0.5x,A0_GROUND_ONLY,7,1c872d30a5df33b5e5b37b5d07a13481b0fc243e9f87a5ca529540fe05a0a1b5,89694.63240020716,30,0,0,2500000.0,20.0,60,0.0,False,nan,incomplete_transfer,305.3675997928367,
rate_0.5x,A1_COMPRESSED_FULL,7,1c872d30a5df33b5e5b37b5d07a13481b0fc243e9f87a5ca529540fe05a0a1b5,89694.63240020716,30,0,0,2500000.0,20.0,60,0.0,False,53365.36759979284,late_availability,305.3675997928367,53335.36759979284
rate_0.5x,A2_QUICKLOOK_FIRST,7,1c872d30a5df33b5e5b37b5d07a13481b0fc243e9f87a5ca529540fe05a0a1b5,89694.63240020716,30,0,0,2500000.0,20.0,60,0.0,False,nan,incomplete_transfer,305.3675997928367,
rate_0.5x,A3_ROI_FIRST,7,1c872d30a5df33b5e5b37b5d07a13481b0fc243e9f87a5ca529540fe05a0a1b5,89694.63240020716,30,0,0,2500000.0,20.0,60,0.0,False,5825.367599792837,late_availability,305.3675997928367,
rate_0.5x,A4_PROGRESSIVE,7,1c872d30a5df33b5e5b37b5d07a13481b0fc243e9f87a5ca529540fe05a0a1b5,89694.63240020716,30,0,0,2500000.0,20.0,60,0.0,False,5891.110857392837,late_availability,305.3675997928367,
rate_0.5x,A5_CONTACT_AWARE,7,1c872d30a5df33b5e5b37b5d07a13481b0fc243e9f87a5ca529540fe05a0a1b5,89694.63240020716,30,0,0,2500000.0,20.0,60,0.0,False,nan,incomplete_transfer,305.3675997928367,
rate_0.5x,A6_THREAD_AWARE_PRIORITY,7,1c872d30a5df33b5e5b37b5d07a13481b0fc243e9f87a5ca529540fe05a0a1b5,89694.63240020716,30,0,0,2500000.0,20.0,60,0.0,False,5825.433135792837,late_availability,305.3675997928367,
rate_0.5x,A0_GROUND_ONLY,8,ca2787bcd7d733cd06bb406537315d8e17c205980b0319e168ddf43ad406d672,144902.43529740698,30,0,0,2500000.0,20.0,60,0.0,False,nan,incomplete_transfer,1287.564702593023,
rate_0.5x,A1_COMPRESSED_FULL,8,ca2787bcd7d733cd06bb406537315d8e17c205980b0319e168ddf43ad406d672,144902.43529740698,30,0,0,2500000.0,20.0,60,0.0,False,nan,incomplete_transfer,1287.564702593023,
rate_0.5x,A2_QUICKLOOK_FIRST,8,ca2787bcd7d733cd06bb406537315d8e17c205980b0319e168ddf43ad406d672,144902.43529740698,30,0,0,2500000.0,20.0,60,0.0,False,nan,incomplete_transfer,1287.564702593023,
rate_0.5x,A3_ROI_FIRST,8,ca2787bcd7d733cd06bb406537315d8e17c205980b0319e168ddf43ad406d672,144902.43529740698,30,0,0,2500000.0,20.0,60,0.0,False,6927.564702593023,late_availability,1287.564702593023,
rate_0.5x,A4_PROGRESSIVE,8,ca2787bcd7d733cd06bb406537315d8e17c205980b0319e168ddf43ad406d672,144902.43529740698,30,0,0,2500000.0,20.0,60,0.0,False,nan,incomplete_transfer,1287.564702593023,
rate_0.5x,A5_CONTACT_AWARE,8,ca2787bcd7d733cd06bb406537315d8e17c205980b0319e168ddf43ad406d672,144902.43529740698,30,0,0,2500000.0,20.0,60,0.0,False,nan,incomplete_transfer,1287.564702593023,
rate_0.5x,A6_THREAD_AWARE_PRIORITY,8,ca2787bcd7d733cd06bb406537315d8e17c205980b0319e168ddf43ad406d672,144902.43529740698,30,0,0,2500000.0,20.0,60,0.0,False,6927.630238593023,late_availability,1287.564702593023,
rate_0.5x,A0_GROUND_ONLY,9,2e2af436f2a450b67f88e0f0830126c4b480280aff18c3146f01b4428476b0df,87958.18700346815,30,0,0,2500000.0,20.0,60,0.0,False,nan,incomplete_transfer,151.81299653185124,
rate_0.5x,A1_COMPRESSED_FULL,9,2e2af436f2a450b67f88e0f0830126c4b480280aff18c3146f01b4428476b0df,87958.18700346815,30,0,0,2500000.0,20.0,60,0.0,False,53401.81299653185,late_availability,151.81299653185124,53371.81299653185
rate_0.5x,A2_QUICKLOOK_FIRST,9,2e2af436f2a450b67f88e0f0830126c4b480280aff18c3146f01b4428476b0df,87958.18700346815,30,0,0,2500000.0,20.0,60,0.0,False,nan,incomplete_transfer,151.81299653185124,
rate_0.5x,A3_ROI_FIRST,9,2e2af436f2a450b67f88e0f0830126c4b480280aff18c3146f01b4428476b0df,87958.18700346815,30,0,0,2500000.0,20.0,60,0.0,False,5711.812996531851,late_availability,151.81299653185124,
rate_0.5x,A4_PROGRESSIVE,9,2e2af436f2a450b67f88e0f0830126c4b480280aff18c3146f01b4428476b0df,87958.18700346815,30,0,0,2500000.0,20.0,60,0.0,False,5777.556254131851,late_availability,151.81299653185124,
rate_0.5x,A5_CONTACT_AWARE,9,2e2af436f2a450b67f88e0f0830126c4b480280aff18c3146f01b4428476b0df,87958.18700346815,30,0,0,2500000.0,20.0,60,0.0,False,nan,incomplete_transfer,151.81299653185124,
rate_0.5x,A6_THREAD_AWARE_PRIORITY,9,2e2af436f2a450b67f88e0f0830126c4b480280aff18c3146f01b4428476b0df,87958.18700346815,30,0,0,2500000.0,20.0,60,0.0,False,5711.878532531851,late_availability,151.81299653185124,
rate_0.5x,A0_GROUND_ONLY,10,398d19042146f9466ae1827a1693cdcc8d3527f7f95dc8f61340c4f32d1e9a35,136841.14223680316,30,0,0,2500000.0,20.0,60,0.0,False,nan,incomplete_transfer,498.85776319683646,
rate_0.5x,A1_COMPRESSED_FULL,10,398d19042146f9466ae1827a1693cdcc8d3527f7f95dc8f61340c4f32d1e9a35,136841.14223680316,30,0,0,2500000.0,20.0,60,0.0,False,nan,incomplete_transfer,498.85776319683646,
rate_0.5x,A2_QUICKLOOK_FIRST,10,398d19042146f9466ae1827a1693cdcc8d3527f7f95dc8f61340c4f32d1e9a35,136841.14223680316,30,0,0,2500000.0,20.0,60,0.0,False,nan,incomplete_transfer,498.85776319683646,
rate_0.5x,A3_ROI_FIRST,10,398d19042146f9466ae1827a1693cdcc8d3527f7f95dc8f61340c4f32d1e9a35,136841.14223680316,30,0,0,2500000.0,20.0,60,0.0,True,678.8577631968365,timely_sufficient,498.85776319683646,
rate_0.5x,A4_PROGRESSIVE,10,398d19042146f9466ae1827a1693cdcc8d3527f7f95dc8f61340c4f32d1e9a35,136841.14223680316,30,0,0,2500000.0,20.0,60,0.0,True,744.6010207968365,timely_sufficient,498.85776319683646,
rate_0.5x,A5_CONTACT_AWARE,10,398d19042146f9466ae1827a1693cdcc8d3527f7f95dc8f61340c4f32d1e9a35,136841.14223680316,30,0,0,2500000.0,20.0,60,0.0,False,nan,incomplete_transfer,498.85776319683646,
rate_0.5x,A6_THREAD_AWARE_PRIORITY,10,398d19042146f9466ae1827a1693cdcc8d3527f7f95dc8f61340c4f32d1e9a35,136841.14223680316,30,0,0,2500000.0,20.0,60,0.0,True,678.9232991968365,timely_sufficient,498.85776319683646,
rate_0.5x,A0_GROUND_ONLY,11,5e71b36653c8a13bddf15fbb78aa2996d481721ff32a889fe7d160bba9b3273f,10757.589420950173,30,0,0,2500000.0,20.0,60,0.0,False,nan,incomplete_transfer,582.410579049827,
rate_0.5x,A1_COMPRESSED_FULL,11,5e71b36653c8a13bddf15fbb78aa2996d481721ff32a889fe7d160bba9b3273f,10757.589420950173,30,0,0,2500000.0,20.0,60,0.0,False,92202.41057904983,late_availability,582.410579049827,92172.41057904983
rate_0.5x,A2_QUICKLOOK_FIRST,11,5e71b36653c8a13bddf15fbb78aa2996d481721ff32a889fe7d160bba9b3273f,10757.589420950173,30,0,0,2500000.0,20.0,60,0.0,False,nan,incomplete_transfer,582.410579049827,
rate_0.5x,A3_ROI_FIRST,11,5e71b36653c8a13bddf15fbb78aa2996d481721ff32a889fe7d160bba9b3273f,10757.589420950173,30,0,0,2500000.0,20.0,60,0.0,False,6112.410579049827,late_availability,582.410579049827,
rate_0.5x,A4_PROGRESSIVE,11,5e71b36653c8a13bddf15fbb78aa2996d481721ff32a889fe7d160bba9b3273f,10757.589420950173,30,0,0,2500000.0,20.0,60,0.0,False,6178.153836649827,late_availability,582.410579049827,
rate_0.5x,A5_CONTACT_AWARE,11,5e71b36653c8a13bddf15fbb78aa2996d481721ff32a889fe7d160bba9b3273f,10757.589420950173,30,0,0,2500000.0,20.0,60,0.0,False,nan,incomplete_transfer,582.410579049827,
rate_0.5x,A6_THREAD_AWARE_PRIORITY,11,5e71b36653c8a13bddf15fbb78aa2996d481721ff32a889fe7d160bba9b3273f,10757.589420950173,30,0,0,2500000.0,20.0,60,0.0,False,6112.476115049827,late_availability,582.410579049827,
rate_0.5x,A0_GROUND_ONLY,12,a203a9c8d5fac8926b60ddeecc09594befa7100e1508aec081732e10d387694d,88736.79289767242,30,0,0,2500000.0,20.0,60,0.0,False,nan,incomplete_transfer,1263.2071023275785,
rate_0.5x,A1_COMPRESSED_FULL,12,a203a9c8d5fac8926b60ddeecc09594befa7100e1508aec081732e10d387694d,88736.79289767242,30,0,0,2500000.0,20.0,60,0.0,False,54323.20710232758,late_availability,1263.2071023275785,54293.20710232758
rate_0.5x,A2_QUICKLOOK_FIRST,12,a203a9c8d5fac8926b60ddeecc09594befa7100e1508aec081732e10d387694d,88736.79289767242,30,0,0,2500000.0,20.0,60,0.0,False,nan,incomplete_transfer,1263.2071023275785,
rate_0.5x,A3_ROI_FIRST,12,a203a9c8d5fac8926b60ddeecc09594befa7100e1508aec081732e10d387694d,88736.79289767242,30,0,0,2500000.0,20.0,60,0.0,False,6783.2071023275785,late_availability,1263.2071023275785,
rate_0.5x,A4_PROGRESSIVE,12,a203a9c8d5fac8926b60ddeecc09594befa7100e1508aec081732e10d387694d,88736.79289767242,30,0,0,2500000.0,20.0,60,0.0,False,6848.950359927579,late_availability,1263.2071023275785,
rate_0.5x,A5_CONTACT_AWARE,12,a203a9c8d5fac8926b60ddeecc09594befa7100e1508aec081732e10d387694d,88736.79289767242,30,0,0,2500000.0,20.0,60,0.0,False,nan,incomplete_transfer,1263.2071023275785,
rate_0.5x,A6_THREAD_AWARE_PRIORITY,12,a203a9c8d5fac8926b60ddeecc09594befa7100e1508aec081732e10d387694d,88736.79289767242,30,0,0,2500000.0,20.0,60,0.0,False,6783.2726383275785,late_availability,1263.2071023275785,
rate_0.5x,A0_GROUND_ONLY,13,3f7f4f9948daaaa103214bb86008ff571d7010899e1d643f59ebcf8bb7d8d689,2223.421192988508,30,0,0,2500000.0,20.0,60,0.0,False,nan,incomplete_transfer,326.5788070114918,
rate_0.5x,A1_COMPRESSED_FULL,13,3f7f4f9948daaaa103214bb86008ff571d7010899e1d643f59ebcf8bb7d8d689,2223.421192988508,30,0,0,2500000.0,20.0,60,0.0,False,80776.5788070115,late_availability,326.5788070114918,80746.5788070115
rate_0.5x,A2_QUICKLOOK_FIRST,13,3f7f4f9948daaaa103214bb86008ff571d7010899e1d643f59ebcf8bb7d8d689,2223.421192988508,30,0,0,2500000.0,20.0,60,0.0,False,nan,incomplete_transfer,326.5788070114918,
rate_0.5x,A3_ROI_FIRST,13,3f7f4f9948daaaa103214bb86008ff571d7010899e1d643f59ebcf8bb7d8d689,2223.421192988508,30,0,0,2500000.0,20.0,60,0.0,True,506.5788070114918,timely_sufficient,326.5788070114918,
rate_0.5x,A4_PROGRESSIVE,13,3f7f4f9948daaaa103214bb86008ff571d7010899e1d643f59ebcf8bb7d8d689,2223.421192988508,30,0,0,2500000.0,20.0,60,0.0,False,33272.32206461149,late_availability,326.5788070114918,
rate_0.5x,A5_CONTACT_AWARE,13,3f7f4f9948daaaa103214bb86008ff571d7010899e1d643f59ebcf8bb7d8d689,2223.421192988508,30,0,0,2500000.0,20.0,60,0.0,False,nan,incomplete_transfer,326.5788070114918,
rate_0.5x,A6_THREAD_AWARE_PRIORITY,13,3f7f4f9948daaaa103214bb86008ff571d7010899e1d643f59ebcf8bb7d8d689,2223.421192988508,30,0,0,2500000.0,20.0,60,0.0,True,506.6443430114918,timely_sufficient,326.5788070114918,
rate_0.5x,A0_GROUND_ONLY,14,f3926b545e21f84bea6c9ecea65c8a2645a32f0f5819b1a414c68f18307ebb81,41795.95486579752,30,0,0,2500000.0,20.0,60,0.0,False,nan,incomplete_transfer,1374.0451342024826,
rate_0.5x,A1_COMPRESSED_FULL,14,f3926b545e21f84bea6c9ecea65c8a2645a32f0f5819b1a414c68f18307ebb81,41795.95486579752,30,0,0,2500000.0,20.0,60,0.0,False,54654.04513420248,late_availability,1374.0451342024826,54624.04513420248
rate_0.5x,A2_QUICKLOOK_FIRST,14,f3926b545e21f84bea6c9ecea65c8a2645a32f0f5819b1a414c68f18307ebb81,41795.95486579752,30,0,0,2500000.0,20.0,60,0.0,False,nan,incomplete_transfer,1374.0451342024826,
rate_0.5x,A3_ROI_FIRST,14,f3926b545e21f84bea6c9ecea65c8a2645a32f0f5819b1a414c68f18307ebb81,41795.95486579752,30,0,0,2500000.0,20.0,60,0.0,False,6904.045134202483,late_availability,1374.0451342024826,
rate_0.5x,A4_PROGRESSIVE,14,f3926b545e21f84bea6c9ecea65c8a2645a32f0f5819b1a414c68f18307ebb81,41795.95486579752,30,0,0,2500000.0,20.0,60,0.0,False,6969.788391802483,late_availability,1374.0451342024826,
rate_0.5x,A5_CONTACT_AWARE,14,f3926b545e21f84bea6c9ecea65c8a2645a32f0f5819b1a414c68f18307ebb81,41795.95486579752,30,0,0,2500000.0,20.0,60,0.0,False,nan,incomplete_transfer,1374.0451342024826,
rate_0.5x,A6_THREAD_AWARE_PRIORITY,14,f3926b545e21f84bea6c9ecea65c8a2645a32f0f5819b1a414c68f18307ebb81,41795.95486579752,30,0,0,2500000.0,20.0,60,0.0,False,6904.110670202483,late_availability,1374.0451342024826,
rate_0.5x,A0_GROUND_ONLY,15,f7d314bc7118e70e0527bb72132d140d6af4305dcc1248cc940e82b8baeb39c4,161247.47134785925,30,0,0,2500000.0,20.0,60,0.0,False,nan,incomplete_transfer,482.5286521407543,
rate_0.5x,A1_COMPRESSED_FULL,15,f7d314bc7118e70e0527bb72132d140d6af4305dcc1248cc940e82b8baeb39c4,161247.47134785925,30,0,0,2500000.0,20.0,60,0.0,False,nan,incomplete_transfer,482.5286521407543,
rate_0.5x,A2_QUICKLOOK_FIRST,15,f7d314bc7118e70e0527bb72132d140d6af4305dcc1248cc940e82b8baeb39c4,161247.47134785925,30,0,0,2500000.0,20.0,60,0.0,False,nan,incomplete_transfer,482.5286521407543,
rate_0.5x,A3_ROI_FIRST,15,f7d314bc7118e70e0527bb72132d140d6af4305dcc1248cc940e82b8baeb39c4,161247.47134785925,30,0,0,2500000.0,20.0,60,0.0,True,662.5286521407543,timely_sufficient,482.5286521407543,
rate_0.5x,A4_PROGRESSIVE,15,f7d314bc7118e70e0527bb72132d140d6af4305dcc1248cc940e82b8baeb39c4,161247.47134785925,30,0,0,2500000.0,20.0,60,0.0,True,728.2719097407543,timely_sufficient,482.5286521407543,
rate_0.5x,A5_CONTACT_AWARE,15,f7d314bc7118e70e0527bb72132d140d6af4305dcc1248cc940e82b8baeb39c4,161247.47134785925,30,0,0,2500000.0,20.0,60,0.0,False,nan,incomplete_transfer,482.5286521407543,
rate_0.5x,A6_THREAD_AWARE_PRIORITY,15,f7d314bc7118e70e0527bb72132d140d6af4305dcc1248cc940e82b8baeb39c4,161247.47134785925,30,0,0,2500000.0,20.0,60,0.0,True,662.5941881407543,timely_sufficient,482.5286521407543,
rate_0.5x,A0_GROUND_ONLY,16,ee99b89909f6a5e8ca3bac0920ca70e5cdd867266f9d3942f86132854bf4956d,78181.82051197265,30,0,0,2500000.0,20.0,60,0.0,False,nan,incomplete_transfer,568.1794880273519,
rate_0.5x,A1_COMPRESSED_FULL,16,ee99b89909f6a5e8ca3bac0920ca70e5cdd867266f9d3942f86132854bf4956d,78181.82051197265,30,0,0,2500000.0,20.0,60,0.0,False,53658.17948802735,late_availability,568.1794880273519,53628.17948802735
rate_0.5x,A2_QUICKLOOK_FIRST,16,ee99b89909f6a5e8ca3bac0920ca70e5cdd867266f9d3942f86132854bf4956d,78181.82051197265,30,0,0,2500000.0,20.0,60,0.0,False,nan,incomplete_transfer,568.1794880273519,
rate_0.5x,A3_ROI_FIRST,16,ee99b89909f6a5e8ca3bac0920ca70e5cdd867266f9d3942f86132854bf4956d,78181.82051197265,30,0,0,2500000.0,20.0,60,0.0,False,6088.179488027352,late_availability,568.1794880273519,
rate_0.5x,A4_PROGRESSIVE,16,ee99b89909f6a5e8ca3bac0920ca70e5cdd867266f9d3942f86132854bf4956d,78181.82051197265,30,0,0,2500000.0,20.0,60,0.0,False,6153.922745627352,late_availability,568.1794880273519,
rate_0.5x,A5_CONTACT_AWARE,16,ee99b89909f6a5e8ca3bac0920ca70e5cdd867266f9d3942f86132854bf4956d,78181.82051197265,30,0,0,2500000.0,20.0,60,0.0,False,nan,incomplete_transfer,568.1794880273519,
rate_0.5x,A6_THREAD_AWARE_PRIORITY,16,ee99b89909f6a5e8ca3bac0920ca70e5cdd867266f9d3942f86132854bf4956d,78181.82051197265,30,0,0,2500000.0,20.0,60,0.0,False,6088.245024027352,late_availability,568.1794880273519,
rate_0.5x,A0_GROUND_ONLY,17,62022495ba0a5237dc02b1367b8baddc0a3ce2bf8119e076aaeb9e950f5b1b68,135271.13657556393,30,0,0,2500000.0,20.0,60,0.0,False,nan,incomplete_transfer,178.86342443607282,
rate_0.5x,A1_COMPRESSED_FULL,17,62022495ba0a5237dc02b1367b8baddc0a3ce2bf8119e076aaeb9e950f5b1b68,135271.13657556393,30,0,0,2500000.0,20.0,60,0.0,False,nan,incomplete_transfer,178.86342443607282,
rate_0.5x,A2_QUICKLOOK_FIRST,17,62022495ba0a5237dc02b1367b8baddc0a3ce2bf8119e076aaeb9e950f5b1b68,135271.13657556393,30,0,0,2500000.0,20.0,60,0.0,False,nan,incomplete_transfer,178.86342443607282,
rate_0.5x,A3_ROI_FIRST,17,62022495ba0a5237dc02b1367b8baddc0a3ce2bf8119e076aaeb9e950f5b1b68,135271.13657556393,30,0,0,2500000.0,20.0,60,0.0,True,358.8634244360728,timely_sufficient,178.86342443607282,
rate_0.5x,A4_PROGRESSIVE,17,62022495ba0a5237dc02b1367b8baddc0a3ce2bf8119e076aaeb9e950f5b1b68,135271.13657556393,30,0,0,2500000.0,20.0,60,0.0,False,5794.606682036073,late_availability,178.86342443607282,
rate_0.5x,A5_CONTACT_AWARE,17,62022495ba0a5237dc02b1367b8baddc0a3ce2bf8119e076aaeb9e950f5b1b68,135271.13657556393,30,0,0,2500000.0,20.0,60,0.0,False,nan,incomplete_transfer,178.86342443607282,
rate_0.5x,A6_THREAD_AWARE_PRIORITY,17,62022495ba0a5237dc02b1367b8baddc0a3ce2bf8119e076aaeb9e950f5b1b68,135271.13657556393,30,0,0,2500000.0,20.0,60,0.0,True,358.9289604360728,timely_sufficient,178.86342443607282,
rate_0.5x,A0_GROUND_ONLY,18,9893c2ea9017e5ee5f0371b50485b4b9a7f99e82205cf1f8a49c5ca3a947b20c,165135.03257907528,30,0,0,2500000.0,20.0,60,0.0,False,nan,incomplete_transfer,344.96742092471686,
rate_0.5x,A1_COMPRESSED_FULL,18,9893c2ea9017e5ee5f0371b50485b4b9a7f99e82205cf1f8a49c5ca3a947b20c,165135.03257907528,30,0,0,2500000.0,20.0,60,0.0,False,nan,incomplete_transfer,344.96742092471686,
rate_0.5x,A2_QUICKLOOK_FIRST,18,9893c2ea9017e5ee5f0371b50485b4b9a7f99e82205cf1f8a49c5ca3a947b20c,165135.03257907528,30,0,0,2500000.0,20.0,60,0.0,False,nan,incomplete_transfer,344.96742092471686,
rate_0.5x,A3_ROI_FIRST,18,9893c2ea9017e5ee5f0371b50485b4b9a7f99e82205cf1f8a49c5ca3a947b20c,165135.03257907528,30,0,0,2500000.0,20.0,60,0.0,False,nan,incomplete_transfer,344.96742092471686,
rate_0.5x,A4_PROGRESSIVE,18,9893c2ea9017e5ee5f0371b50485b4b9a7f99e82205cf1f8a49c5ca3a947b20c,165135.03257907528,30,0,0,2500000.0,20.0,60,0.0,False,nan,incomplete_transfer,344.96742092471686,
rate_0.5x,A5_CONTACT_AWARE,18,9893c2ea9017e5ee5f0371b50485b4b9a7f99e82205cf1f8a49c5ca3a947b20c,165135.03257907528,30,0,0,2500000.0,20.0,60,0.0,False,nan,incomplete_transfer,344.96742092471686,
rate_0.5x,A6_THREAD_AWARE_PRIORITY,18,9893c2ea9017e5ee5f0371b50485b4b9a7f99e82205cf1f8a49c5ca3a947b20c,165135.03257907528,30,0,0,2500000.0,20.0,60,0.0,False,nan,incomplete_transfer,344.96742092471686,
rate_0.5x,A0_GROUND_ONLY,19,cb92a9e50b241b0ba93c648d1c7734eb4a247f3e8ac31f62122a058b6487e939,130327.40996119597,30,0,0,2500000.0,20.0,60,0.0,False,nan,incomplete_transfer,862.5900388040318,
rate_0.5x,A1_COMPRESSED_FULL,19,cb92a9e50b241b0ba93c648d1c7734eb4a247f3e8ac31f62122a058b6487e939,130327.40996119597,30,0,0,2500000.0,20.0,60,0.0,False,nan,incomplete_transfer,862.5900388040318,
rate_0.5x,A2_QUICKLOOK_FIRST,19,cb92a9e50b241b0ba93c648d1c7734eb4a247f3e8ac31f62122a058b6487e939,130327.40996119597,30,0,0,2500000.0,20.0,60,0.0,False,nan,incomplete_transfer,862.5900388040318,
rate_0.5x,A3_ROI_FIRST,19,cb92a9e50b241b0ba93c648d1c7734eb4a247f3e8ac31f62122a058b6487e939,130327.40996119597,30,0,0,2500000.0,20.0,60,0.0,False,6392.590038804032,late_availability,862.5900388040318,
rate_0.5x,A4_PROGRESSIVE,19,cb92a9e50b241b0ba93c648d1c7734eb4a247f3e8ac31f62122a058b6487e939,130327.40996119597,30,0,0,2500000.0,20.0,60,0.0,False,6458.333296404032,late_availability,862.5900388040318,
rate_0.5x,A5_CONTACT_AWARE,19,cb92a9e50b241b0ba93c648d1c7734eb4a247f3e8ac31f62122a058b6487e939,130327.40996119597,30,0,0,2500000.0,20.0,60,0.0,False,nan,incomplete_transfer,862.5900388040318,
rate_0.5x,A6_THREAD_AWARE_PRIORITY,19,cb92a9e50b241b0ba93c648d1c7734eb4a247f3e8ac31f62122a058b6487e939,130327.40996119597,30,0,0,2500000.0,20.0,60,0.0,False,6392.655574804032,late_availability,862.5900388040318,
rate_0.5x,A0_GROUND_ONLY,20,ea68eae2d5eef2a49e9386e2da3d80e17aa0c9dd01a8f21459dc0e1bb3577285,79271.02272901162,30,0,0,2500000.0,20.0,60,0.0,False,nan,incomplete_transfer,1368.9772709883837,
rate_0.5x,A1_COMPRESSED_FULL,20,ea68eae2d5eef2a49e9386e2da3d80e17aa0c9dd01a8f21459dc0e1bb3577285,79271.02272901162,30,0,0,2500000.0,20.0,60,0.0,False,87428.97727098838,late_availability,1368.9772709883837,87398.97727098838
rate_0.5x,A2_QUICKLOOK_FIRST,20,ea68eae2d5eef2a49e9386e2da3d80e17aa0c9dd01a8f21459dc0e1bb3577285,79271.02272901162,30,0,0,2500000.0,20.0,60,0.0,False,nan,incomplete_transfer,1368.9772709883837,
rate_0.5x,A3_ROI_FIRST,20,ea68eae2d5eef2a49e9386e2da3d80e17aa0c9dd01a8f21459dc0e1bb3577285,79271.02272901162,30,0,0,2500000.0,20.0,60,0.0,False,6918.977270988384,late_availability,1368.9772709883837,
rate_0.5x,A4_PROGRESSIVE,20,ea68eae2d5eef2a49e9386e2da3d80e17aa0c9dd01a8f21459dc0e1bb3577285,79271.02272901162,30,0,0,2500000.0,20.0,60,0.0,False,6984.720528588384,late_availability,1368.9772709883837,
rate_0.5x,A5_CONTACT_AWARE,20,ea68eae2d5eef2a49e9386e2da3d80e17aa0c9dd01a8f21459dc0e1bb3577285,79271.02272901162,30,0,0,2500000.0,20.0,60,0.0,False,nan,incomplete_transfer,1368.9772709883837,
rate_0.5x,A6_THREAD_AWARE_PRIORITY,20,ea68eae2d5eef2a49e9386e2da3d80e17aa0c9dd01a8f21459dc0e1bb3577285,79271.02272901162,30,0,0,2500000.0,20.0,60,0.0,False,6919.042806988384,late_availability,1368.9772709883837,
rate_0.5x,A0_GROUND_ONLY,21,79b6be373ae23f9e67d0a8b93e626bdf10f163d9c1b6292cd31773b8b4291056,88104.08775749971,30,0,0,2500000.0,20.0,60,0.0,False,nan,incomplete_transfer,605.9122425002861,
rate_0.5x,A1_COMPRESSED_FULL,21,79b6be373ae23f9e67d0a8b93e626bdf10f163d9c1b6292cd31773b8b4291056,88104.08775749971,30,0,0,2500000.0,20.0,60,0.0,False,81055.91224250029,late_availability,605.9122425002861,81025.91224250029
rate_0.5x,A2_QUICKLOOK_FIRST,21,79b6be373ae23f9e67d0a8b93e626bdf10f163d9c1b6292cd31773b8b4291056,88104.08775749971,30,0,0,2500000.0,20.0,60,0.0,False,nan,incomplete_transfer,605.9122425002861,
rate_0.5x,A3_ROI_FIRST,21,79b6be373ae23f9e67d0a8b93e626bdf10f163d9c1b6292cd31773b8b4291056,88104.08775749971,30,0,0,2500000.0,20.0,60,0.0,True,785.9122425002861,timely_sufficient,605.9122425002861,
rate_0.5x,A4_PROGRESSIVE,21,79b6be373ae23f9e67d0a8b93e626bdf10f163d9c1b6292cd31773b8b4291056,88104.08775749971,30,0,0,2500000.0,20.0,60,0.0,False,33551.655500100285,late_availability,605.9122425002861,
rate_0.5x,A5_CONTACT_AWARE,21,79b6be373ae23f9e67d0a8b93e626bdf10f163d9c1b6292cd31773b8b4291056,88104.08775749971,30,0,0,2500000.0,20.0,60,0.0,False,nan,incomplete_transfer,605.9122425002861,
rate_0.5x,A6_THREAD_AWARE_PRIORITY,21,79b6be373ae23f9e67d0a8b93e626bdf10f163d9c1b6292cd31773b8b4291056,88104.08775749971,30,0,0,2500000.0,20.0,60,0.0,True,785.9777785002861,timely_sufficient,605.9122425002861,
rate_0.5x,A0_GROUND_ONLY,22,d90a46d6de35483a0de4323e7135de3769cabfefc1f863d76df9a10ff72ef25f,125915.27799004433,30,0,0,2500000.0,20.0,60,0.0,False,nan,incomplete_transfer,204.72200995567255,
rate_0.5x,A1_COMPRESSED_FULL,22,d90a46d6de35483a0de4323e7135de3769cabfefc1f863d76df9a10ff72ef25f,125915.27799004433,30,0,0,2500000.0,20.0,60,0.0,False,44564.72200995567,late_availability,204.72200995567255,44534.72200995567
rate_0.5x,A2_QUICKLOOK_FIRST,22,d90a46d6de35483a0de4323e7135de3769cabfefc1f863d76df9a10ff72ef25f,125915.27799004433,30,0,0,2500000.0,20.0,60,0.0,False,nan,incomplete_transfer,204.72200995567255,
rate_0.5x,A3_ROI_FIRST,22,d90a46d6de35483a0de4323e7135de3769cabfefc1f863d76df9a10ff72ef25f,125915.27799004433,30,0,0,2500000.0,20.0,60,0.0,True,384.72200995567255,timely_sufficient,204.72200995567255,
rate_0.5x,A4_PROGRESSIVE,22,d90a46d6de35483a0de4323e7135de3769cabfefc1f863d76df9a10ff72ef25f,125915.27799004433,30,0,0,2500000.0,20.0,60,0.0,True,450.46526755567254,timely_sufficient,204.72200995567255,
rate_0.5x,A5_CONTACT_AWARE,22,d90a46d6de35483a0de4323e7135de3769cabfefc1f863d76df9a10ff72ef25f,125915.27799004433,30,0,0,2500000.0,20.0,60,0.0,False,nan,incomplete_transfer,204.72200995567255,
rate_0.5x,A6_THREAD_AWARE_PRIORITY,22,d90a46d6de35483a0de4323e7135de3769cabfefc1f863d76df9a10ff72ef25f,125915.27799004433,30,0,0,2500000.0,20.0,60,0.0,True,384.78754595567256,timely_sufficient,204.72200995567255,
rate_0.5x,A0_GROUND_ONLY,23,81bf8deb9db6f9f278f9f9f654b8741481674a4e6ea0de4dd5cbb220a71d481d,91925.60430622347,30,0,0,2500000.0,20.0,60,0.0,False,nan,incomplete_transfer,444.3956937765324,
rate_0.5x,A1_COMPRESSED_FULL,23,81bf8deb9db6f9f278f9f9f654b8741481674a4e6ea0de4dd5cbb220a71d481d,91925.60430622347,30,0,0,2500000.0,20.0,60,0.0,False,45044.39569377653,late_availability,444.3956937765324,45014.39569377653
rate_0.5x,A2_QUICKLOOK_FIRST,23,81bf8deb9db6f9f278f9f9f654b8741481674a4e6ea0de4dd5cbb220a71d481d,91925.60430622347,30,0,0,2500000.0,20.0,60,0.0,False,nan,incomplete_transfer,444.3956937765324,
rate_0.5x,A3_ROI_FIRST,23,81bf8deb9db6f9f278f9f9f654b8741481674a4e6ea0de4dd5cbb220a71d481d,91925.60430622347,30,0,0,2500000.0,20.0,60,0.0,True,624.3956937765324,timely_sufficient,444.3956937765324,
rate_0.5x,A4_PROGRESSIVE,23,81bf8deb9db6f9f278f9f9f654b8741481674a4e6ea0de4dd5cbb220a71d481d,91925.60430622347,30,0,0,2500000.0,20.0,60,0.0,False,6060.1389513765325,late_availability,444.3956937765324,
rate_0.5x,A5_CONTACT_AWARE,23,81bf8deb9db6f9f278f9f9f654b8741481674a4e6ea0de4dd5cbb220a71d481d,91925.60430622347,30,0,0,2500000.0,20.0,60,0.0,False,nan,incomplete_transfer,444.3956937765324,
rate_0.5x,A6_THREAD_AWARE_PRIORITY,23,81bf8deb9db6f9f278f9f9f654b8741481674a4e6ea0de4dd5cbb220a71d481d,91925.60430622347,30,0,0,2500000.0,20.0,60,0.0,True,624.4612297765325,timely_sufficient,444.3956937765324,
processing_0.5x,A0_GROUND_ONLY,0,ca4f577ad8e71e1e150861cee4e7d5f2bba1eb7a12539ebc18821b5360b1879c,71203.2493812608,30,0,0,5000000.0,10.0,60,0.0,False,nan,incomplete_transfer,106.75061873919913,
processing_0.5x,A1_COMPRESSED_FULL,0,ca4f577ad8e71e1e150861cee4e7d5f2bba1eb7a12539ebc18821b5360b1879c,71203.2493812608,30,0,0,5000000.0,10.0,60,0.0,False,47696.7506187392,late_availability,106.75061873919913,47666.7506187392
processing_0.5x,A2_QUICKLOOK_FIRST,0,ca4f577ad8e71e1e150861cee4e7d5f2bba1eb7a12539ebc18821b5360b1879c,71203.2493812608,30,0,0,5000000.0,10.0,60,0.0,False,nan,incomplete_transfer,106.75061873919913,
processing_0.5x,A3_ROI_FIRST,0,ca4f577ad8e71e1e150861cee4e7d5f2bba1eb7a12539ebc18821b5360b1879c,71203.2493812608,30,0,0,5000000.0,10.0,60,0.0,True,196.75061873919913,timely_sufficient,106.75061873919913,
processing_0.5x,A4_PROGRESSIVE,0,ca4f577ad8e71e1e150861cee4e7d5f2bba1eb7a12539ebc18821b5360b1879c,71203.2493812608,30,0,0,5000000.0,10.0,60,0.0,True,229.62224753919912,timely_sufficient,106.75061873919913,
processing_0.5x,A5_CONTACT_AWARE,0,ca4f577ad8e71e1e150861cee4e7d5f2bba1eb7a12539ebc18821b5360b1879c,71203.2493812608,30,0,0,5000000.0,10.0,60,0.0,False,nan,incomplete_transfer,106.75061873919913,
processing_0.5x,A6_THREAD_AWARE_PRIORITY,0,ca4f577ad8e71e1e150861cee4e7d5f2bba1eb7a12539ebc18821b5360b1879c,71203.2493812608,30,0,0,5000000.0,10.0,60,0.0,True,196.78338673919913,timely_sufficient,106.75061873919913,
processing_0.5x,A0_GROUND_ONLY,1,d9812535f85a2b8392b1489a47e186c9f417c5de2c266ef57e561237174de333,71424.58273047769,30,0,0,5000000.0,10.0,60,0.0,False,86775.41726952231,late_availability,365.41726952230965,86745.41726952231
processing_0.5x,A1_COMPRESSED_FULL,1,d9812535f85a2b8392b1489a47e186c9f417c5de2c266ef57e561237174de333,71424.58273047769,30,0,0,5000000.0,10.0,60,0.0,False,6195.41726952231,late_availability,365.41726952230965,6165.41726952231
processing_0.5x,A2_QUICKLOOK_FIRST,1,d9812535f85a2b8392b1489a47e186c9f417c5de2c266ef57e561237174de333,71424.58273047769,30,0,0,5000000.0,10.0,60,0.0,False,92148.41726952231,late_availability,365.41726952230965,92118.41726952231
processing_0.5x,A3_ROI_FIRST,1,d9812535f85a2b8392b1489a47e186c9f417c5de2c266ef57e561237174de333,71424.58273047769,30,0,0,5000000.0,10.0,60,0.0,True,455.41726952230965,timely_sufficient,365.41726952230965,92175.41726952231
processing_0.5x,A4_PROGRESSIVE,1,d9812535f85a2b8392b1489a47e186c9f417c5de2c266ef57e561237174de333,71424.58273047769,30,0,0,5000000.0,10.0,60,0.0,True,488.28889832230965,timely_sufficient,365.41726952230965,92208.28889832231
processing_0.5x,A5_CONTACT_AWARE,1,d9812535f85a2b8392b1489a47e186c9f417c5de2c266ef57e561237174de333,71424.58273047769,30,0,0,5000000.0,10.0,60,0.0,False,86775.41726952231,late_availability,365.41726952230965,86745.41726952231
processing_0.5x,A6_THREAD_AWARE_PRIORITY,1,d9812535f85a2b8392b1489a47e186c9f417c5de2c266ef57e561237174de333,71424.58273047769,30,0,0,5000000.0,10.0,60,0.0,True,455.4500375223097,timely_sufficient,365.41726952230965,92208.28889832231
processing_0.5x,A0_GROUND_ONLY,2,68e9c61c97eafe694a2fc4d222ca0b09ccfe0aceb6dd91af15fd1f0c0117ba68,58205.71618563066,30,0,0,5000000.0,10.0,60,0.0,False,nan,incomplete_transfer,444.28381436933705,
processing_0.5x,A1_COMPRESSED_FULL,2,68e9c61c97eafe694a2fc4d222ca0b09ccfe0aceb6dd91af15fd1f0c0117ba68,58205.71618563066,30,0,0,5000000.0,10.0,60,0.0,False,44694.28381436934,late_availability,444.28381436933705,44664.28381436934
processing_0.5x,A2_QUICKLOOK_FIRST,2,68e9c61c97eafe694a2fc4d222ca0b09ccfe0aceb6dd91af15fd1f0c0117ba68,58205.71618563066,30,0,0,5000000.0,10.0,60,0.0,False,nan,incomplete_transfer,444.28381436933705,
processing_0.5x,A3_ROI_FIRST,2,68e9c61c97eafe694a2fc4d222ca0b09ccfe0aceb6dd91af15fd1f0c0117ba68,58205.71618563066,30,0,0,5000000.0,10.0,60,0.0,False,6074.283814369337,late_availability,444.28381436933705,
processing_0.5x,A4_PROGRESSIVE,2,68e9c61c97eafe694a2fc4d222ca0b09ccfe0aceb6dd91af15fd1f0c0117ba68,58205.71618563066,30,0,0,5000000.0,10.0,60,0.0,False,6107.155443169337,late_availability,444.28381436933705,
processing_0.5x,A5_CONTACT_AWARE,2,68e9c61c97eafe694a2fc4d222ca0b09ccfe0aceb6dd91af15fd1f0c0117ba68,58205.71618563066,30,0,0,5000000.0,10.0,60,0.0,False,nan,incomplete_transfer,444.28381436933705,
processing_0.5x,A6_THREAD_AWARE_PRIORITY,2,68e9c61c97eafe694a2fc4d222ca0b09ccfe0aceb6dd91af15fd1f0c0117ba68,58205.71618563066,30,0,0,5000000.0,10.0,60,0.0,False,6074.316582369337,late_availability,444.28381436933705,
processing_0.5x,A0_GROUND_ONLY,3,033d43f5bc62296a7cd0a20c65809a0584574b07c48c5e293a8bbb3f74e38bab,158611.93508804622,30,0,0,5000000.0,10.0,60,0.0,False,nan,incomplete_transfer,718.0649119537848,
processing_0.5x,A1_COMPRESSED_FULL,3,033d43f5bc62296a7cd0a20c65809a0584574b07c48c5e293a8bbb3f74e38bab,158611.93508804622,30,0,0,5000000.0,10.0,60,0.0,False,nan,incomplete_transfer,718.0649119537848,
processing_0.5x,A2_QUICKLOOK_FIRST,3,033d43f5bc62296a7cd0a20c65809a0584574b07c48c5e293a8bbb3f74e38bab,158611.93508804622,30,0,0,5000000.0,10.0,60,0.0,False,nan,incomplete_transfer,718.0649119537848,
processing_0.5x,A3_ROI_FIRST,3,033d43f5bc62296a7cd0a20c65809a0584574b07c48c5e293a8bbb3f74e38bab,158611.93508804622,30,0,0,5000000.0,10.0,60,0.0,True,808.0649119537848,timely_sufficient,718.0649119537848,
processing_0.5x,A4_PROGRESSIVE,3,033d43f5bc62296a7cd0a20c65809a0584574b07c48c5e293a8bbb3f74e38bab,158611.93508804622,30,0,0,5000000.0,10.0,60,0.0,True,840.9365407537848,timely_sufficient,718.0649119537848,
processing_0.5x,A5_CONTACT_AWARE,3,033d43f5bc62296a7cd0a20c65809a0584574b07c48c5e293a8bbb3f74e38bab,158611.93508804622,30,0,0,5000000.0,10.0,60,0.0,False,nan,incomplete_transfer,718.0649119537848,
processing_0.5x,A6_THREAD_AWARE_PRIORITY,3,033d43f5bc62296a7cd0a20c65809a0584574b07c48c5e293a8bbb3f74e38bab,158611.93508804622,30,0,0,5000000.0,10.0,60,0.0,True,808.0976799537848,timely_sufficient,718.0649119537848,
processing_0.5x,A0_GROUND_ONLY,4,7547a57927740dec4f6195505c186e899b3ec4e944c0f60cc81cef6d3071cf75,132436.21328815687,30,0,0,5000000.0,10.0,60,0.0,False,nan,incomplete_transfer,643.7867118431313,
processing_0.5x,A1_COMPRESSED_FULL,4,7547a57927740dec4f6195505c186e899b3ec4e944c0f60cc81cef6d3071cf75,132436.21328815687,30,0,0,5000000.0,10.0,60,0.0,False,nan,incomplete_transfer,643.7867118431313,
processing_0.5x,A2_QUICKLOOK_FIRST,4,7547a57927740dec4f6195505c186e899b3ec4e944c0f60cc81cef6d3071cf75,132436.21328815687,30,0,0,5000000.0,10.0,60,0.0,False,nan,incomplete_transfer,643.7867118431313,
processing_0.5x,A3_ROI_FIRST,4,7547a57927740dec4f6195505c186e899b3ec4e944c0f60cc81cef6d3071cf75,132436.21328815687,30,0,0,5000000.0,10.0,60,0.0,True,733.7867118431313,timely_sufficient,643.7867118431313,
processing_0.5x,A4_PROGRESSIVE,4,7547a57927740dec4f6195505c186e899b3ec4e944c0f60cc81cef6d3071cf75,132436.21328815687,30,0,0,5000000.0,10.0,60,0.0,False,6076.658340643131,late_availability,643.7867118431313,
processing_0.5x,A5_CONTACT_AWARE,4,7547a57927740dec4f6195505c186e899b3ec4e944c0f60cc81cef6d3071cf75,132436.21328815687,30,0,0,5000000.0,10.0,60,0.0,False,nan,incomplete_transfer,643.7867118431313,
processing_0.5x,A6_THREAD_AWARE_PRIORITY,4,7547a57927740dec4f6195505c186e899b3ec4e944c0f60cc81cef6d3071cf75,132436.21328815687,30,0,0,5000000.0,10.0,60,0.0,False,6043.819479843131,late_availability,643.7867118431313,
processing_0.5x,A0_GROUND_ONLY,5,e0b6eff36a194b98624299cfeaf4bd76367851b3e08dd6764afc7342dacffec6,47831.79843658002,30,0,0,5000000.0,10.0,60,0.0,False,nan,incomplete_transfer,978.2015634199779,
processing_0.5x,A1_COMPRESSED_FULL,5,e0b6eff36a194b98624299cfeaf4bd76367851b3e08dd6764afc7342dacffec6,47831.79843658002,30,0,0,5000000.0,10.0,60,0.0,False,48418.20156341998,late_availability,978.2015634199779,48388.20156341998
processing_0.5x,A2_QUICKLOOK_FIRST,5,e0b6eff36a194b98624299cfeaf4bd76367851b3e08dd6764afc7342dacffec6,47831.79843658002,30,0,0,5000000.0,10.0,60,0.0,False,nan,incomplete_transfer,978.2015634199779,
processing_0.5x,A3_ROI_FIRST,5,e0b6eff36a194b98624299cfeaf4bd76367851b3e08dd6764afc7342dacffec6,47831.79843658002,30,0,0,5000000.0,10.0,60,0.0,False,1068.201563419978,late_availability,978.2015634199779,
processing_0.5x,A4_PROGRESSIVE,5,e0b6eff36a194b98624299cfeaf4bd76367851b3e08dd6764afc7342dacffec6,47831.79843658002,30,0,0,5000000.0,10.0,60,0.0,False,1101.073192219978,late_availability,978.2015634199779,
processing_0.5x,A5_CONTACT_AWARE,5,e0b6eff36a194b98624299cfeaf4bd76367851b3e08dd6764afc7342dacffec6,47831.79843658002,30,0,0,5000000.0,10.0,60,0.0,False,nan,incomplete_transfer,978.2015634199779,
processing_0.5x,A6_THREAD_AWARE_PRIORITY,5,e0b6eff36a194b98624299cfeaf4bd76367851b3e08dd6764afc7342dacffec6,47831.79843658002,30,0,0,5000000.0,10.0,60,0.0,False,1068.234331419978,late_availability,978.2015634199779,
processing_0.5x,A0_GROUND_ONLY,6,fda9337482dc19d6aa0274ae04040c4163a736a677a7d029096f076ac8e218ee,162058.85659696194,30,0,0,5000000.0,10.0,60,0.0,False,nan,incomplete_transfer,961.1434030380624,
processing_0.5x,A1_COMPRESSED_FULL,6,fda9337482dc19d6aa0274ae04040c4163a736a677a7d029096f076ac8e218ee,162058.85659696194,30,0,0,5000000.0,10.0,60,0.0,False,nan,incomplete_transfer,961.1434030380624,
processing_0.5x,A2_QUICKLOOK_FIRST,6,fda9337482dc19d6aa0274ae04040c4163a736a677a7d029096f076ac8e218ee,162058.85659696194,30,0,0,5000000.0,10.0,60,0.0,False,nan,incomplete_transfer,961.1434030380624,
processing_0.5x,A3_ROI_FIRST,6,fda9337482dc19d6aa0274ae04040c4163a736a677a7d029096f076ac8e218ee,162058.85659696194,30,0,0,5000000.0,10.0,60,0.0,False,6411.143403038062,late_availability,961.1434030380624,
processing_0.5x,A4_PROGRESSIVE,6,fda9337482dc19d6aa0274ae04040c4163a736a677a7d029096f076ac8e218ee,162058.85659696194,30,0,0,5000000.0,10.0,60,0.0,False,6444.015031838062,late_availability,961.1434030380624,
processing_0.5x,A5_CONTACT_AWARE,6,fda9337482dc19d6aa0274ae04040c4163a736a677a7d029096f076ac8e218ee,162058.85659696194,30,0,0,5000000.0,10.0,60,0.0,False,nan,incomplete_transfer,961.1434030380624,
processing_0.5x,A6_THREAD_AWARE_PRIORITY,6,fda9337482dc19d6aa0274ae04040c4163a736a677a7d029096f076ac8e218ee,162058.85659696194,30,0,0,5000000.0,10.0,60,0.0,False,6411.176171038062,late_availability,961.1434030380624,
processing_0.5x,A0_GROUND_ONLY,7,1c872d30a5df33b5e5b37b5d07a13481b0fc243e9f87a5ca529540fe05a0a1b5,89694.63240020716,30,0,0,5000000.0,10.0,60,0.0,False,nan,incomplete_transfer,305.3675997928367,
processing_0.5x,A1_COMPRESSED_FULL,7,1c872d30a5df33b5e5b37b5d07a13481b0fc243e9f87a5ca529540fe05a0a1b5,89694.63240020716,30,0,0,5000000.0,10.0,60,0.0,False,47565.36759979284,late_availability,305.3675997928367,47535.36759979284
processing_0.5x,A2_QUICKLOOK_FIRST,7,1c872d30a5df33b5e5b37b5d07a13481b0fc243e9f87a5ca529540fe05a0a1b5,89694.63240020716,30,0,0,5000000.0,10.0,60,0.0,False,nan,incomplete_transfer,305.3675997928367,
processing_0.5x,A3_ROI_FIRST,7,1c872d30a5df33b5e5b37b5d07a13481b0fc243e9f87a5ca529540fe05a0a1b5,89694.63240020716,30,0,0,5000000.0,10.0,60,0.0,True,395.3675997928367,timely_sufficient,305.3675997928367,
processing_0.5x,A4_PROGRESSIVE,7,1c872d30a5df33b5e5b37b5d07a13481b0fc243e9f87a5ca529540fe05a0a1b5,89694.63240020716,30,0,0,5000000.0,10.0,60,0.0,False,5768.239228592836,late_availability,305.3675997928367,
processing_0.5x,A5_CONTACT_AWARE,7,1c872d30a5df33b5e5b37b5d07a13481b0fc243e9f87a5ca529540fe05a0a1b5,89694.63240020716,30,0,0,5000000.0,10.0,60,0.0,False,nan,incomplete_transfer,305.3675997928367,
processing_0.5x,A6_THREAD_AWARE_PRIORITY,7,1c872d30a5df33b5e5b37b5d07a13481b0fc243e9f87a5ca529540fe05a0a1b5,89694.63240020716,30,0,0,5000000.0,10.0,60,0.0,False,5735.400367792837,late_availability,305.3675997928367,
processing_0.5x,A0_GROUND_ONLY,8,ca2787bcd7d733cd06bb406537315d8e17c205980b0319e168ddf43ad406d672,144902.43529740698,30,0,0,5000000.0,10.0,60,0.0,False,nan,incomplete_transfer,1287.564702593023,
processing_0.5x,A1_COMPRESSED_FULL,8,ca2787bcd7d733cd06bb406537315d8e17c205980b0319e168ddf43ad406d672,144902.43529740698,30,0,0,5000000.0,10.0,60,0.0,False,nan,incomplete_transfer,1287.564702593023,
processing_0.5x,A2_QUICKLOOK_FIRST,8,ca2787bcd7d733cd06bb406537315d8e17c205980b0319e168ddf43ad406d672,144902.43529740698,30,0,0,5000000.0,10.0,60,0.0,False,nan,incomplete_transfer,1287.564702593023,
processing_0.5x,A3_ROI_FIRST,8,ca2787bcd7d733cd06bb406537315d8e17c205980b0319e168ddf43ad406d672,144902.43529740698,30,0,0,5000000.0,10.0,60,0.0,False,1377.564702593023,late_availability,1287.564702593023,
processing_0.5x,A4_PROGRESSIVE,8,ca2787bcd7d733cd06bb406537315d8e17c205980b0319e168ddf43ad406d672,144902.43529740698,30,0,0,5000000.0,10.0,60,0.0,False,1410.436331393023,late_availability,1287.564702593023,
processing_0.5x,A5_CONTACT_AWARE,8,ca2787bcd7d733cd06bb406537315d8e17c205980b0319e168ddf43ad406d672,144902.43529740698,30,0,0,5000000.0,10.0,60,0.0,False,nan,incomplete_transfer,1287.564702593023,
processing_0.5x,A6_THREAD_AWARE_PRIORITY,8,ca2787bcd7d733cd06bb406537315d8e17c205980b0319e168ddf43ad406d672,144902.43529740698,30,0,0,5000000.0,10.0,60,0.0,False,1377.597470593023,late_availability,1287.564702593023,
processing_0.5x,A0_GROUND_ONLY,9,2e2af436f2a450b67f88e0f0830126c4b480280aff18c3146f01b4428476b0df,87958.18700346815,30,0,0,5000000.0,10.0,60,0.0,False,nan,incomplete_transfer,151.81299653185124,
processing_0.5x,A1_COMPRESSED_FULL,9,2e2af436f2a450b67f88e0f0830126c4b480280aff18c3146f01b4428476b0df,87958.18700346815,30,0,0,5000000.0,10.0,60,0.0,False,47551.81299653185,late_availability,151.81299653185124,47521.81299653185
processing_0.5x,A2_QUICKLOOK_FIRST,9,2e2af436f2a450b67f88e0f0830126c4b480280aff18c3146f01b4428476b0df,87958.18700346815,30,0,0,5000000.0,10.0,60,0.0,False,nan,incomplete_transfer,151.81299653185124,
processing_0.5x,A3_ROI_FIRST,9,2e2af436f2a450b67f88e0f0830126c4b480280aff18c3146f01b4428476b0df,87958.18700346815,30,0,0,5000000.0,10.0,60,0.0,False,5631.812996531851,late_availability,151.81299653185124,
processing_0.5x,A4_PROGRESSIVE,9,2e2af436f2a450b67f88e0f0830126c4b480280aff18c3146f01b4428476b0df,87958.18700346815,30,0,0,5000000.0,10.0,60,0.0,False,5664.684625331851,late_availability,151.81299653185124,
processing_0.5x,A5_CONTACT_AWARE,9,2e2af436f2a450b67f88e0f0830126c4b480280aff18c3146f01b4428476b0df,87958.18700346815,30,0,0,5000000.0,10.0,60,0.0,False,nan,incomplete_transfer,151.81299653185124,
processing_0.5x,A6_THREAD_AWARE_PRIORITY,9,2e2af436f2a450b67f88e0f0830126c4b480280aff18c3146f01b4428476b0df,87958.18700346815,30,0,0,5000000.0,10.0,60,0.0,False,5631.845764531851,late_availability,151.81299653185124,
processing_0.5x,A0_GROUND_ONLY,10,398d19042146f9466ae1827a1693cdcc8d3527f7f95dc8f61340c4f32d1e9a35,136841.14223680316,30,0,0,5000000.0,10.0,60,0.0,False,nan,incomplete_transfer,498.85776319683646,
processing_0.5x,A1_COMPRESSED_FULL,10,398d19042146f9466ae1827a1693cdcc8d3527f7f95dc8f61340c4f32d1e9a35,136841.14223680316,30,0,0,5000000.0,10.0,60,0.0,False,6328.8577631968365,late_availability,498.85776319683646,6298.8577631968365
processing_0.5x,A2_QUICKLOOK_FIRST,10,398d19042146f9466ae1827a1693cdcc8d3527f7f95dc8f61340c4f32d1e9a35,136841.14223680316,30,0,0,5000000.0,10.0,60,0.0,False,nan,incomplete_transfer,498.85776319683646,
processing_0.5x,A3_ROI_FIRST,10,398d19042146f9466ae1827a1693cdcc8d3527f7f95dc8f61340c4f32d1e9a35,136841.14223680316,30,0,0,5000000.0,10.0,60,0.0,True,588.8577631968365,timely_sufficient,498.85776319683646,
processing_0.5x,A4_PROGRESSIVE,10,398d19042146f9466ae1827a1693cdcc8d3527f7f95dc8f61340c4f32d1e9a35,136841.14223680316,30,0,0,5000000.0,10.0,60,0.0,True,621.7293919968365,timely_sufficient,498.85776319683646,
processing_0.5x,A5_CONTACT_AWARE,10,398d19042146f9466ae1827a1693cdcc8d3527f7f95dc8f61340c4f32d1e9a35,136841.14223680316,30,0,0,5000000.0,10.0,60,0.0,False,nan,incomplete_transfer,498.85776319683646,
processing_0.5x,A6_THREAD_AWARE_PRIORITY,10,398d19042146f9466ae1827a1693cdcc8d3527f7f95dc8f61340c4f32d1e9a35,136841.14223680316,30,0,0,5000000.0,10.0,60,0.0,True,588.8905311968365,timely_sufficient,498.85776319683646,
processing_0.5x,A0_GROUND_ONLY,11,5e71b36653c8a13bddf15fbb78aa2996d481721ff32a889fe7d160bba9b3273f,10757.589420950173,30,0,0,5000000.0,10.0,60,0.0,False,139882.4105790498,late_availability,582.410579049827,139852.4105790498
processing_0.5x,A1_COMPRESSED_FULL,11,5e71b36653c8a13bddf15fbb78aa2996d481721ff32a889fe7d160bba9b3273f,10757.589420950173,30,0,0,5000000.0,10.0,60,0.0,False,53532.41057904983,late_availability,582.410579049827,53502.41057904983
processing_0.5x,A2_QUICKLOOK_FIRST,11,5e71b36653c8a13bddf15fbb78aa2996d481721ff32a889fe7d160bba9b3273f,10757.589420950173,30,0,0,5000000.0,10.0,60,0.0,False,139914.4105790498,late_availability,582.410579049827,139884.4105790498
processing_0.5x,A3_ROI_FIRST,11,5e71b36653c8a13bddf15fbb78aa2996d481721ff32a889fe7d160bba9b3273f,10757.589420950173,30,0,0,5000000.0,10.0,60,0.0,False,6032.410579049827,late_availability,582.410579049827,139932.4105790498
processing_0.5x,A4_PROGRESSIVE,11,5e71b36653c8a13bddf15fbb78aa2996d481721ff32a889fe7d160bba9b3273f,10757.589420950173,30,0,0,5000000.0,10.0,60,0.0,False,6065.282207849827,late_availability,582.410579049827,139965.2822078498
processing_0.5x,A5_CONTACT_AWARE,11,5e71b36653c8a13bddf15fbb78aa2996d481721ff32a889fe7d160bba9b3273f,10757.589420950173,30,0,0,5000000.0,10.0,60,0.0,False,139882.4105790498,late_availability,582.410579049827,139852.4105790498
processing_0.5x,A6_THREAD_AWARE_PRIORITY,11,5e71b36653c8a13bddf15fbb78aa2996d481721ff32a889fe7d160bba9b3273f,10757.589420950173,30,0,0,5000000.0,10.0,60,0.0,False,6032.443347049827,late_availability,582.410579049827,139965.2822078498
processing_0.5x,A0_GROUND_ONLY,12,a203a9c8d5fac8926b60ddeecc09594befa7100e1508aec081732e10d387694d,88736.79289767242,30,0,0,5000000.0,10.0,60,0.0,False,nan,incomplete_transfer,1263.2071023275785,
processing_0.5x,A1_COMPRESSED_FULL,12,a203a9c8d5fac8926b60ddeecc09594befa7100e1508aec081732e10d387694d,88736.79289767242,30,0,0,5000000.0,10.0,60,0.0,False,48523.20710232758,late_availability,1263.2071023275785,48493.20710232758
processing_0.5x,A2_QUICKLOOK_FIRST,12,a203a9c8d5fac8926b60ddeecc09594befa7100e1508aec081732e10d387694d,88736.79289767242,30,0,0,5000000.0,10.0,60,0.0,False,nan,incomplete_transfer,1263.2071023275785,
processing_0.5x,A3_ROI_FIRST,12,a203a9c8d5fac8926b60ddeecc09594befa7100e1508aec081732e10d387694d,88736.79289767242,30,0,0,5000000.0,10.0,60,0.0,False,1353.2071023275785,late_availability,1263.2071023275785,
processing_0.5x,A4_PROGRESSIVE,12,a203a9c8d5fac8926b60ddeecc09594befa7100e1508aec081732e10d387694d,88736.79289767242,30,0,0,5000000.0,10.0,60,0.0,False,6726.078731127578,late_availability,1263.2071023275785,
processing_0.5x,A5_CONTACT_AWARE,12,a203a9c8d5fac8926b60ddeecc09594befa7100e1508aec081732e10d387694d,88736.79289767242,30,0,0,5000000.0,10.0,60,0.0,False,nan,incomplete_transfer,1263.2071023275785,
processing_0.5x,A6_THREAD_AWARE_PRIORITY,12,a203a9c8d5fac8926b60ddeecc09594befa7100e1508aec081732e10d387694d,88736.79289767242,30,0,0,5000000.0,10.0,60,0.0,False,6693.2398703275785,late_availability,1263.2071023275785,
processing_0.5x,A0_GROUND_ONLY,13,3f7f4f9948daaaa103214bb86008ff571d7010899e1d643f59ebcf8bb7d8d689,2223.421192988508,30,0,0,5000000.0,10.0,60,0.0,False,86736.5788070115,late_availability,326.5788070114918,86706.5788070115
processing_0.5x,A1_COMPRESSED_FULL,13,3f7f4f9948daaaa103214bb86008ff571d7010899e1d643f59ebcf8bb7d8d689,2223.421192988508,30,0,0,5000000.0,10.0,60,0.0,False,33546.578807011494,late_availability,326.5788070114918,33516.578807011494
processing_0.5x,A2_QUICKLOOK_FIRST,13,3f7f4f9948daaaa103214bb86008ff571d7010899e1d643f59ebcf8bb7d8d689,2223.421192988508,30,0,0,5000000.0,10.0,60,0.0,False,119469.5788070115,late_availability,326.5788070114918,119439.5788070115
processing_0.5x,A3_ROI_FIRST,13,3f7f4f9948daaaa103214bb86008ff571d7010899e1d643f59ebcf8bb7d8d689,2223.421192988508,30,0,0,5000000.0,10.0,60,0.0,True,416.5788070114918,timely_sufficient,326.5788070114918,119496.5788070115
processing_0.5x,A4_PROGRESSIVE,13,3f7f4f9948daaaa103214bb86008ff571d7010899e1d643f59ebcf8bb7d8d689,2223.421192988508,30,0,0,5000000.0,10.0,60,0.0,True,449.4504358114918,timely_sufficient,326.5788070114918,119529.4504358115
processing_0.5x,A5_CONTACT_AWARE,13,3f7f4f9948daaaa103214bb86008ff571d7010899e1d643f59ebcf8bb7d8d689,2223.421192988508,30,0,0,5000000.0,10.0,60,0.0,False,86736.5788070115,late_availability,326.5788070114918,86706.5788070115
processing_0.5x,A6_THREAD_AWARE_PRIORITY,13,3f7f4f9948daaaa103214bb86008ff571d7010899e1d643f59ebcf8bb7d8d689,2223.421192988508,30,0,0,5000000.0,10.0,60,0.0,True,416.6115750114918,timely_sufficient,326.5788070114918,119529.4504358115
processing_0.5x,A0_GROUND_ONLY,14,f3926b545e21f84bea6c9ecea65c8a2645a32f0f5819b1a414c68f18307ebb81,41795.95486579752,30,0,0,5000000.0,10.0,60,0.0,False,98884.04513420249,late_availability,1374.0451342024826,98854.04513420249
processing_0.5x,A1_COMPRESSED_FULL,14,f3926b545e21f84bea6c9ecea65c8a2645a32f0f5819b1a414c68f18307ebb81,41795.95486579752,30,0,0,5000000.0,10.0,60,0.0,False,12684.045134202483,late_availability,1374.0451342024826,12654.045134202483
processing_0.5x,A2_QUICKLOOK_FIRST,14,f3926b545e21f84bea6c9ecea65c8a2645a32f0f5819b1a414c68f18307ebb81,41795.95486579752,30,0,0,5000000.0,10.0,60,0.0,False,98916.04513420249,late_availability,1374.0451342024826,98886.04513420249
processing_0.5x,A3_ROI_FIRST,14,f3926b545e21f84bea6c9ecea65c8a2645a32f0f5819b1a414c68f18307ebb81,41795.95486579752,30,0,0,5000000.0,10.0,60,0.0,False,6824.045134202483,late_availability,1374.0451342024826,
processing_0.5x,A4_PROGRESSIVE,14,f3926b545e21f84bea6c9ecea65c8a2645a32f0f5819b1a414c68f18307ebb81,41795.95486579752,30,0,0,5000000.0,10.0,60,0.0,False,6856.916763002482,late_availability,1374.0451342024826,
processing_0.5x,A5_CONTACT_AWARE,14,f3926b545e21f84bea6c9ecea65c8a2645a32f0f5819b1a414c68f18307ebb81,41795.95486579752,30,0,0,5000000.0,10.0,60,0.0,False,98884.04513420249,late_availability,1374.0451342024826,98854.04513420249
processing_0.5x,A6_THREAD_AWARE_PRIORITY,14,f3926b545e21f84bea6c9ecea65c8a2645a32f0f5819b1a414c68f18307ebb81,41795.95486579752,30,0,0,5000000.0,10.0,60,0.0,False,6824.077902202483,late_availability,1374.0451342024826,
processing_0.5x,A0_GROUND_ONLY,15,f7d314bc7118e70e0527bb72132d140d6af4305dcc1248cc940e82b8baeb39c4,161247.47134785925,30,0,0,5000000.0,10.0,60,0.0,False,nan,incomplete_transfer,482.5286521407543,
processing_0.5x,A1_COMPRESSED_FULL,15,f7d314bc7118e70e0527bb72132d140d6af4305dcc1248cc940e82b8baeb39c4,161247.47134785925,30,0,0,5000000.0,10.0,60,0.0,False,nan,incomplete_transfer,482.5286521407543,
processing_0.5x,A2_QUICKLOOK_FIRST,15,f7d314bc7118e70e0527bb72132d140d6af4305dcc1248cc940e82b8baeb39c4,161247.47134785925,30,0,0,5000000.0,10.0,60,0.0,False,nan,incomplete_transfer,482.5286521407543,
processing_0.5x,A3_ROI_FIRST,15,f7d314bc7118e70e0527bb72132d140d6af4305dcc1248cc940e82b8baeb39c4,161247.47134785925,30,0,0,5000000.0,10.0,60,0.0,True,572.5286521407543,timely_sufficient,482.5286521407543,
processing_0.5x,A4_PROGRESSIVE,15,f7d314bc7118e70e0527bb72132d140d6af4305dcc1248cc940e82b8baeb39c4,161247.47134785925,30,0,0,5000000.0,10.0,60,0.0,True,605.4002809407543,timely_sufficient,482.5286521407543,
processing_0.5x,A5_CONTACT_AWARE,15,f7d314bc7118e70e0527bb72132d140d6af4305dcc1248cc940e82b8baeb39c4,161247.47134785925,30,0,0,5000000.0,10.0,60,0.0,False,nan,incomplete_transfer,482.5286521407543,
processing_0.5x,A6_THREAD_AWARE_PRIORITY,15,f7d314bc7118e70e0527bb72132d140d6af4305dcc1248cc940e82b8baeb39c4,161247.47134785925,30,0,0,5000000.0,10.0,60,0.0,True,572.5614201407543,timely_sufficient,482.5286521407543,
processing_0.5x,A0_GROUND_ONLY,16,ee99b89909f6a5e8ca3bac0920ca70e5cdd867266f9d3942f86132854bf4956d,78181.82051197265,30,0,0,5000000.0,10.0,60,0.0,False,92318.17948802735,late_availability,568.1794880273519,92288.17948802735
processing_0.5x,A1_COMPRESSED_FULL,16,ee99b89909f6a5e8ca3bac0920ca70e5cdd867266f9d3942f86132854bf4956d,78181.82051197265,30,0,0,5000000.0,10.0,60,0.0,False,47858.17948802735,late_availability,568.1794880273519,47828.17948802735
processing_0.5x,A2_QUICKLOOK_FIRST,16,ee99b89909f6a5e8ca3bac0920ca70e5cdd867266f9d3942f86132854bf4956d,78181.82051197265,30,0,0,5000000.0,10.0,60,0.0,False,92351.17948802735,late_availability,568.1794880273519,92321.17948802735
processing_0.5x,A3_ROI_FIRST,16,ee99b89909f6a5e8ca3bac0920ca70e5cdd867266f9d3942f86132854bf4956d,78181.82051197265,30,0,0,5000000.0,10.0,60,0.0,True,658.1794880273519,timely_sufficient,568.1794880273519,92378.17948802735
processing_0.5x,A4_PROGRESSIVE,16,ee99b89909f6a5e8ca3bac0920ca70e5cdd867266f9d3942f86132854bf4956d,78181.82051197265,30,0,0,5000000.0,10.0,60,0.0,False,6031.0511168273515,late_availability,568.1794880273519,92411.05111682735
processing_0.5x,A5_CONTACT_AWARE,16,ee99b89909f6a5e8ca3bac0920ca70e5cdd867266f9d3942f86132854bf4956d,78181.82051197265,30,0,0,5000000.0,10.0,60,0.0,False,92318.17948802735,late_availability,568.1794880273519,92288.17948802735
processing_0.5x,A6_THREAD_AWARE_PRIORITY,16,ee99b89909f6a5e8ca3bac0920ca70e5cdd867266f9d3942f86132854bf4956d,78181.82051197265,30,0,0,5000000.0,10.0,60,0.0,False,5998.212256027352,late_availability,568.1794880273519,92411.05111682735
processing_0.5x,A0_GROUND_ONLY,17,62022495ba0a5237dc02b1367b8baddc0a3ce2bf8119e076aaeb9e950f5b1b68,135271.13657556393,30,0,0,5000000.0,10.0,60,0.0,False,nan,incomplete_transfer,178.86342443607282,
processing_0.5x,A1_COMPRESSED_FULL,17,62022495ba0a5237dc02b1367b8baddc0a3ce2bf8119e076aaeb9e950f5b1b68,135271.13657556393,30,0,0,5000000.0,10.0,60,0.0,False,6068.863424436073,late_availability,178.86342443607282,6038.863424436073
processing_0.5x,A2_QUICKLOOK_FIRST,17,62022495ba0a5237dc02b1367b8baddc0a3ce2bf8119e076aaeb9e950f5b1b68,135271.13657556393,30,0,0,5000000.0,10.0,60,0.0,False,nan,incomplete_transfer,178.86342443607282,
processing_0.5x,A3_ROI_FIRST,17,62022495ba0a5237dc02b1367b8baddc0a3ce2bf8119e076aaeb9e950f5b1b68,135271.13657556393,30,0,0,5000000.0,10.0,60,0.0,True,268.8634244360728,timely_sufficient,178.86342443607282,
processing_0.5x,A4_PROGRESSIVE,17,62022495ba0a5237dc02b1367b8baddc0a3ce2bf8119e076aaeb9e950f5b1b68,135271.13657556393,30,0,0,5000000.0,10.0,60,0.0,True,301.7350532360728,timely_sufficient,178.86342443607282,
processing_0.5x,A5_CONTACT_AWARE,17,62022495ba0a5237dc02b1367b8baddc0a3ce2bf8119e076aaeb9e950f5b1b68,135271.13657556393,30,0,0,5000000.0,10.0,60,0.0,False,nan,incomplete_transfer,178.86342443607282,
processing_0.5x,A6_THREAD_AWARE_PRIORITY,17,62022495ba0a5237dc02b1367b8baddc0a3ce2bf8119e076aaeb9e950f5b1b68,135271.13657556393,30,0,0,5000000.0,10.0,60,0.0,True,268.89619243607285,timely_sufficient,178.86342443607282,
processing_0.5x,A0_GROUND_ONLY,18,9893c2ea9017e5ee5f0371b50485b4b9a7f99e82205cf1f8a49c5ca3a947b20c,165135.03257907528,30,0,0,5000000.0,10.0,60,0.0,False,nan,incomplete_transfer,344.96742092471686,
processing_0.5x,A1_COMPRESSED_FULL,18,9893c2ea9017e5ee5f0371b50485b4b9a7f99e82205cf1f8a49c5ca3a947b20c,165135.03257907528,30,0,0,5000000.0,10.0,60,0.0,False,nan,incomplete_transfer,344.96742092471686,
processing_0.5x,A2_QUICKLOOK_FIRST,18,9893c2ea9017e5ee5f0371b50485b4b9a7f99e82205cf1f8a49c5ca3a947b20c,165135.03257907528,30,0,0,5000000.0,10.0,60,0.0,False,nan,incomplete_transfer,344.96742092471686,
processing_0.5x,A3_ROI_FIRST,18,9893c2ea9017e5ee5f0371b50485b4b9a7f99e82205cf1f8a49c5ca3a947b20c,165135.03257907528,30,0,0,5000000.0,10.0,60,0.0,True,454.96742092471686,timely_sufficient,344.96742092471686,
processing_0.5x,A4_PROGRESSIVE,18,9893c2ea9017e5ee5f0371b50485b4b9a7f99e82205cf1f8a49c5ca3a947b20c,165135.03257907528,30,0,0,5000000.0,10.0,60,0.0,True,487.83904972471686,timely_sufficient,344.96742092471686,
processing_0.5x,A5_CONTACT_AWARE,18,9893c2ea9017e5ee5f0371b50485b4b9a7f99e82205cf1f8a49c5ca3a947b20c,165135.03257907528,30,0,0,5000000.0,10.0,60,0.0,False,nan,incomplete_transfer,344.96742092471686,
processing_0.5x,A6_THREAD_AWARE_PRIORITY,18,9893c2ea9017e5ee5f0371b50485b4b9a7f99e82205cf1f8a49c5ca3a947b20c,165135.03257907528,30,0,0,5000000.0,10.0,60,0.0,True,455.0001889247169,timely_sufficient,344.96742092471686,
processing_0.5x,A0_GROUND_ONLY,19,cb92a9e50b241b0ba93c648d1c7734eb4a247f3e8ac31f62122a058b6487e939,130327.40996119597,30,0,0,5000000.0,10.0,60,0.0,False,nan,incomplete_transfer,862.5900388040318,
processing_0.5x,A1_COMPRESSED_FULL,19,cb92a9e50b241b0ba93c648d1c7734eb4a247f3e8ac31f62122a058b6487e939,130327.40996119597,30,0,0,5000000.0,10.0,60,0.0,False,nan,incomplete_transfer,862.5900388040318,
processing_0.5x,A2_QUICKLOOK_FIRST,19,cb92a9e50b241b0ba93c648d1c7734eb4a247f3e8ac31f62122a058b6487e939,130327.40996119597,30,0,0,5000000.0,10.0,60,0.0,False,nan,incomplete_transfer,862.5900388040318,
processing_0.5x,A3_ROI_FIRST,19,cb92a9e50b241b0ba93c648d1c7734eb4a247f3e8ac31f62122a058b6487e939,130327.40996119597,30,0,0,5000000.0,10.0,60,0.0,False,6312.590038804032,late_availability,862.5900388040318,
processing_0.5x,A4_PROGRESSIVE,19,cb92a9e50b241b0ba93c648d1c7734eb4a247f3e8ac31f62122a058b6487e939,130327.40996119597,30,0,0,5000000.0,10.0,60,0.0,False,6345.461667604031,late_availability,862.5900388040318,
processing_0.5x,A5_CONTACT_AWARE,19,cb92a9e50b241b0ba93c648d1c7734eb4a247f3e8ac31f62122a058b6487e939,130327.40996119597,30,0,0,5000000.0,10.0,60,0.0,False,nan,incomplete_transfer,862.5900388040318,
processing_0.5x,A6_THREAD_AWARE_PRIORITY,19,cb92a9e50b241b0ba93c648d1c7734eb4a247f3e8ac31f62122a058b6487e939,130327.40996119597,30,0,0,5000000.0,10.0,60,0.0,False,6312.622806804032,late_availability,862.5900388040318,
processing_0.5x,A0_GROUND_ONLY,20,ea68eae2d5eef2a49e9386e2da3d80e17aa0c9dd01a8f21459dc0e1bb3577285,79271.02272901162,30,0,0,5000000.0,10.0,60,0.0,False,nan,incomplete_transfer,1368.9772709883837,
processing_0.5x,A1_COMPRESSED_FULL,20,ea68eae2d5eef2a49e9386e2da3d80e17aa0c9dd01a8f21459dc0e1bb3577285,79271.02272901162,30,0,0,5000000.0,10.0,60,0.0,False,48718.977270988384,late_availability,1368.9772709883837,48688.977270988384
processing_0.5x,A2_QUICKLOOK_FIRST,20,ea68eae2d5eef2a49e9386e2da3d80e17aa0c9dd01a8f21459dc0e1bb3577285,79271.02272901162,30,0,0,5000000.0,10.0,60,0.0,False,nan,incomplete_transfer,1368.9772709883837,
processing_0.5x,A3_ROI_FIRST,20,ea68eae2d5eef2a49e9386e2da3d80e17aa0c9dd01a8f21459dc0e1bb3577285,79271.02272901162,30,0,0,5000000.0,10.0,60,0.0,False,1458.9772709883837,late_availability,1368.9772709883837,
processing_0.5x,A4_PROGRESSIVE,20,ea68eae2d5eef2a49e9386e2da3d80e17aa0c9dd01a8f21459dc0e1bb3577285,79271.02272901162,30,0,0,5000000.0,10.0,60,0.0,False,1491.8488997883837,late_availability,1368.9772709883837,
processing_0.5x,A5_CONTACT_AWARE,20,ea68eae2d5eef2a49e9386e2da3d80e17aa0c9dd01a8f21459dc0e1bb3577285,79271.02272901162,30,0,0,5000000.0,10.0,60,0.0,False,nan,incomplete_transfer,1368.9772709883837,
processing_0.5x,A6_THREAD_AWARE_PRIORITY,20,ea68eae2d5eef2a49e9386e2da3d80e17aa0c9dd01a8f21459dc0e1bb3577285,79271.02272901162,30,0,0,5000000.0,10.0,60,0.0,False,1459.0100389883837,late_availability,1368.9772709883837,
processing_0.5x,A0_GROUND_ONLY,21,79b6be373ae23f9e67d0a8b93e626bdf10f163d9c1b6292cd31773b8b4291056,88104.08775749971,30,0,0,5000000.0,10.0,60,0.0,False,nan,incomplete_transfer,605.9122425002861,
processing_0.5x,A1_COMPRESSED_FULL,21,79b6be373ae23f9e67d0a8b93e626bdf10f163d9c1b6292cd31773b8b4291056,88104.08775749971,30,0,0,5000000.0,10.0,60,0.0,False,33825.912242500286,late_availability,605.9122425002861,33795.912242500286
processing_0.5x,A2_QUICKLOOK_FIRST,21,79b6be373ae23f9e67d0a8b93e626bdf10f163d9c1b6292cd31773b8b4291056,88104.08775749971,30,0,0,5000000.0,10.0,60,0.0,False,nan,incomplete_transfer,605.9122425002861,
processing_0.5x,A3_ROI_FIRST,21,79b6be373ae23f9e67d0a8b93e626bdf10f163d9c1b6292cd31773b8b4291056,88104.08775749971,30,0,0,5000000.0,10.0,60,0.0,True,695.9122425002861,timely_sufficient,605.9122425002861,
processing_0.5x,A4_PROGRESSIVE,21,79b6be373ae23f9e67d0a8b93e626bdf10f163d9c1b6292cd31773b8b4291056,88104.08775749971,30,0,0,5000000.0,10.0,60,0.0,True,728.7838713002861,timely_sufficient,605.9122425002861,
processing_0.5x,A5_CONTACT_AWARE,21,79b6be373ae23f9e67d0a8b93e626bdf10f163d9c1b6292cd31773b8b4291056,88104.08775749971,30,0,0,5000000.0,10.0,60,0.0,False,nan,incomplete_transfer,605.9122425002861,
processing_0.5x,A6_THREAD_AWARE_PRIORITY,21,79b6be373ae23f9e67d0a8b93e626bdf10f163d9c1b6292cd31773b8b4291056,88104.08775749971,30,0,0,5000000.0,10.0,60,0.0,True,695.9450105002861,timely_sufficient,605.9122425002861,
processing_0.5x,A0_GROUND_ONLY,22,d90a46d6de35483a0de4323e7135de3769cabfefc1f863d76df9a10ff72ef25f,125915.27799004433,30,0,0,5000000.0,10.0,60,0.0,False,nan,incomplete_transfer,204.72200995567255,
processing_0.5x,A1_COMPRESSED_FULL,22,d90a46d6de35483a0de4323e7135de3769cabfefc1f863d76df9a10ff72ef25f,125915.27799004433,30,0,0,5000000.0,10.0,60,0.0,False,6034.722009955673,late_availability,204.72200995567255,6004.722009955673
processing_0.5x,A2_QUICKLOOK_FIRST,22,d90a46d6de35483a0de4323e7135de3769cabfefc1f863d76df9a10ff72ef25f,125915.27799004433,30,0,0,5000000.0,10.0,60,0.0,False,nan,incomplete_transfer,204.72200995567255,
processing_0.5x,A3_ROI_FIRST,22,d90a46d6de35483a0de4323e7135de3769cabfefc1f863d76df9a10ff72ef25f,125915.27799004433,30,0,0,5000000.0,10.0,60,0.0,True,294.72200995567255,timely_sufficient,204.72200995567255,
processing_0.5x,A4_PROGRESSIVE,22,d90a46d6de35483a0de4323e7135de3769cabfefc1f863d76df9a10ff72ef25f,125915.27799004433,30,0,0,5000000.0,10.0,60,0.0,True,327.59363875567254,timely_sufficient,204.72200995567255,
processing_0.5x,A5_CONTACT_AWARE,22,d90a46d6de35483a0de4323e7135de3769cabfefc1f863d76df9a10ff72ef25f,125915.27799004433,30,0,0,5000000.0,10.0,60,0.0,False,nan,incomplete_transfer,204.72200995567255,
processing_0.5x,A6_THREAD_AWARE_PRIORITY,22,d90a46d6de35483a0de4323e7135de3769cabfefc1f863d76df9a10ff72ef25f,125915.27799004433,30,0,0,5000000.0,10.0,60,0.0,True,294.7547779556726,timely_sufficient,204.72200995567255,
processing_0.5x,A0_GROUND_ONLY,23,81bf8deb9db6f9f278f9f9f654b8741481674a4e6ea0de4dd5cbb220a71d481d,91925.60430622347,30,0,0,5000000.0,10.0,60,0.0,False,nan,incomplete_transfer,444.3956937765324,
processing_0.5x,A1_COMPRESSED_FULL,23,81bf8deb9db6f9f278f9f9f654b8741481674a4e6ea0de4dd5cbb220a71d481d,91925.60430622347,30,0,0,5000000.0,10.0,60,0.0,False,6334.395693776532,late_availability,444.3956937765324,6304.395693776532
processing_0.5x,A2_QUICKLOOK_FIRST,23,81bf8deb9db6f9f278f9f9f654b8741481674a4e6ea0de4dd5cbb220a71d481d,91925.60430622347,30,0,0,5000000.0,10.0,60,0.0,False,nan,incomplete_transfer,444.3956937765324,
processing_0.5x,A3_ROI_FIRST,23,81bf8deb9db6f9f278f9f9f654b8741481674a4e6ea0de4dd5cbb220a71d481d,91925.60430622347,30,0,0,5000000.0,10.0,60,0.0,True,534.3956937765324,timely_sufficient,444.3956937765324,
processing_0.5x,A4_PROGRESSIVE,23,81bf8deb9db6f9f278f9f9f654b8741481674a4e6ea0de4dd5cbb220a71d481d,91925.60430622347,30,0,0,5000000.0,10.0,60,0.0,True,567.2673225765325,timely_sufficient,444.3956937765324,
processing_0.5x,A5_CONTACT_AWARE,23,81bf8deb9db6f9f278f9f9f654b8741481674a4e6ea0de4dd5cbb220a71d481d,91925.60430622347,30,0,0,5000000.0,10.0,60,0.0,False,nan,incomplete_transfer,444.3956937765324,
processing_0.5x,A6_THREAD_AWARE_PRIORITY,23,81bf8deb9db6f9f278f9f9f654b8741481674a4e6ea0de4dd5cbb220a71d481d,91925.60430622347,30,0,0,5000000.0,10.0,60,0.0,True,534.4284617765325,timely_sufficient,444.3956937765324,
rate_2x,A0_GROUND_ONLY,0,ca4f577ad8e71e1e150861cee4e7d5f2bba1eb7a12539ebc18821b5360b1879c,71203.2493812608,30,0,0,10000000.0,20.0,60,0.0,False,86226.7506187392,late_availability,106.75061873919913,86196.7506187392
rate_2x,A1_COMPRESSED_FULL,0,ca4f577ad8e71e1e150861cee4e7d5f2bba1eb7a12539ebc18821b5360b1879c,71203.2493812608,30,0,0,10000000.0,20.0,60,0.0,False,47466.7506187392,late_availability,106.75061873919913,47436.7506187392
rate_2x,A2_QUICKLOOK_FIRST,0,ca4f577ad8e71e1e150861cee4e7d5f2bba1eb7a12539ebc18821b5360b1879c,71203.2493812608,30,0,0,10000000.0,20.0,60,0.0,False,86244.7506187392,late_availability,106.75061873919913,86214.7506187392
rate_2x,A3_ROI_FIRST,0,ca4f577ad8e71e1e150861cee4e7d5f2bba1eb7a12539ebc18821b5360b1879c,71203.2493812608,30,0,0,10000000.0,20.0,60,0.0,True,166.75061873919913,timely_sufficient,106.75061873919913,86256.7506187392
rate_2x,A4_PROGRESSIVE,0,ca4f577ad8e71e1e150861cee4e7d5f2bba1eb7a12539ebc18821b5360b1879c,71203.2493812608,30,0,0,10000000.0,20.0,60,0.0,True,183.18643313919912,timely_sufficient,106.75061873919913,86273.1864331392
rate_2x,A5_CONTACT_AWARE,0,ca4f577ad8e71e1e150861cee4e7d5f2bba1eb7a12539ebc18821b5360b1879c,71203.2493812608,30,0,0,10000000.0,20.0,60,0.0,False,86226.7506187392,late_availability,106.75061873919913,86196.7506187392
rate_2x,A6_THREAD_AWARE_PRIORITY,0,ca4f577ad8e71e1e150861cee4e7d5f2bba1eb7a12539ebc18821b5360b1879c,71203.2493812608,30,0,0,10000000.0,20.0,60,0.0,True,166.76700273919914,timely_sufficient,106.75061873919913,86273.1864331392
rate_2x,A0_GROUND_ONLY,1,d9812535f85a2b8392b1489a47e186c9f417c5de2c266ef57e561237174de333,71424.58273047769,30,0,0,10000000.0,20.0,60,0.0,False,39205.41726952231,late_availability,365.41726952230965,39175.41726952231
rate_2x,A1_COMPRESSED_FULL,1,d9812535f85a2b8392b1489a47e186c9f417c5de2c266ef57e561237174de333,71424.58273047769,30,0,0,10000000.0,20.0,60,0.0,True,655.4172695223097,timely_sufficient,365.41726952230965,625.4172695223097
rate_2x,A2_QUICKLOOK_FIRST,1,d9812535f85a2b8392b1489a47e186c9f417c5de2c266ef57e561237174de333,71424.58273047769,30,0,0,10000000.0,20.0,60,0.0,False,39223.41726952231,late_availability,365.41726952230965,39193.41726952231
rate_2x,A3_ROI_FIRST,1,d9812535f85a2b8392b1489a47e186c9f417c5de2c266ef57e561237174de333,71424.58273047769,30,0,0,10000000.0,20.0,60,0.0,True,425.41726952230965,timely_sufficient,365.41726952230965,44575.41726952231
rate_2x,A4_PROGRESSIVE,1,d9812535f85a2b8392b1489a47e186c9f417c5de2c266ef57e561237174de333,71424.58273047769,30,0,0,10000000.0,20.0,60,0.0,True,441.8530839223097,timely_sufficient,365.41726952230965,44591.85308392231
rate_2x,A5_CONTACT_AWARE,1,d9812535f85a2b8392b1489a47e186c9f417c5de2c266ef57e561237174de333,71424.58273047769,30,0,0,10000000.0,20.0,60,0.0,True,655.4172695223097,timely_sufficient,365.41726952230965,625.4172695223097
rate_2x,A6_THREAD_AWARE_PRIORITY,1,d9812535f85a2b8392b1489a47e186c9f417c5de2c266ef57e561237174de333,71424.58273047769,30,0,0,10000000.0,20.0,60,0.0,True,425.43365352230967,timely_sufficient,365.41726952230965,44591.85308392231
rate_2x,A0_GROUND_ONLY,2,68e9c61c97eafe694a2fc4d222ca0b09ccfe0aceb6dd91af15fd1f0c0117ba68,58205.71618563066,30,0,0,10000000.0,20.0,60,0.0,False,45014.28381436934,late_availability,444.28381436933705,44984.28381436934
rate_2x,A1_COMPRESSED_FULL,2,68e9c61c97eafe694a2fc4d222ca0b09ccfe0aceb6dd91af15fd1f0c0117ba68,58205.71618563066,30,0,0,10000000.0,20.0,60,0.0,False,6264.283814369337,late_availability,444.28381436933705,6234.283814369337
rate_2x,A2_QUICKLOOK_FIRST,2,68e9c61c97eafe694a2fc4d222ca0b09ccfe0aceb6dd91af15fd1f0c0117ba68,58205.71618563066,30,0,0,10000000.0,20.0,60,0.0,False,45030.28381436934,late_availability,444.28381436933705,45000.28381436934
rate_2x,A3_ROI_FIRST,2,68e9c61c97eafe694a2fc4d222ca0b09ccfe0aceb6dd91af15fd1f0c0117ba68,58205.71618563066,30,0,0,10000000.0,20.0,60,0.0,False,6034.283814369337,late_availability,444.28381436933705,45024.28381436934
rate_2x,A4_PROGRESSIVE,2,68e9c61c97eafe694a2fc4d222ca0b09ccfe0aceb6dd91af15fd1f0c0117ba68,58205.71618563066,30,0,0,10000000.0,20.0,60,0.0,False,6050.719628769337,late_availability,444.28381436933705,45040.71962876934
rate_2x,A5_CONTACT_AWARE,2,68e9c61c97eafe694a2fc4d222ca0b09ccfe0aceb6dd91af15fd1f0c0117ba68,58205.71618563066,30,0,0,10000000.0,20.0,60,0.0,False,6264.283814369337,late_availability,444.28381436933705,6234.283814369337
rate_2x,A6_THREAD_AWARE_PRIORITY,2,68e9c61c97eafe694a2fc4d222ca0b09ccfe0aceb6dd91af15fd1f0c0117ba68,58205.71618563066,30,0,0,10000000.0,20.0,60,0.0,False,6034.300198369337,late_availability,444.28381436933705,45040.71962876934
rate_2x,A0_GROUND_ONLY,3,033d43f5bc62296a7cd0a20c65809a0584574b07c48c5e293a8bbb3f74e38bab,158611.93508804622,30,0,0,10000000.0,20.0,60,0.0,False,nan,incomplete_transfer,718.0649119537848,
rate_2x,A1_COMPRESSED_FULL,3,033d43f5bc62296a7cd0a20c65809a0584574b07c48c5e293a8bbb3f74e38bab,158611.93508804622,30,0,0,10000000.0,20.0,60,0.0,False,nan,incomplete_transfer,718.0649119537848,
rate_2x,A2_QUICKLOOK_FIRST,3,033d43f5bc62296a7cd0a20c65809a0584574b07c48c5e293a8bbb3f74e38bab,158611.93508804622,30,0,0,10000000.0,20.0,60,0.0,False,nan,incomplete_transfer,718.0649119537848,
rate_2x,A3_ROI_FIRST,3,033d43f5bc62296a7cd0a20c65809a0584574b07c48c5e293a8bbb3f74e38bab,158611.93508804622,30,0,0,10000000.0,20.0,60,0.0,True,778.0649119537848,timely_sufficient,718.0649119537848,
rate_2x,A4_PROGRESSIVE,3,033d43f5bc62296a7cd0a20c65809a0584574b07c48c5e293a8bbb3f74e38bab,158611.93508804622,30,0,0,10000000.0,20.0,60,0.0,True,794.5007263537848,timely_sufficient,718.0649119537848,
rate_2x,A5_CONTACT_AWARE,3,033d43f5bc62296a7cd0a20c65809a0584574b07c48c5e293a8bbb3f74e38bab,158611.93508804622,30,0,0,10000000.0,20.0,60,0.0,False,nan,incomplete_transfer,718.0649119537848,
rate_2x,A6_THREAD_AWARE_PRIORITY,3,033d43f5bc62296a7cd0a20c65809a0584574b07c48c5e293a8bbb3f74e38bab,158611.93508804622,30,0,0,10000000.0,20.0,60,0.0,True,778.0812959537848,timely_sufficient,718.0649119537848,
rate_2x,A0_GROUND_ONLY,4,7547a57927740dec4f6195505c186e899b3ec4e944c0f60cc81cef6d3071cf75,132436.21328815687,30,0,0,10000000.0,20.0,60,0.0,False,nan,incomplete_transfer,643.7867118431313,
rate_2x,A1_COMPRESSED_FULL,4,7547a57927740dec4f6195505c186e899b3ec4e944c0f60cc81cef6d3071cf75,132436.21328815687,30,0,0,10000000.0,20.0,60,0.0,False,6243.786711843131,late_availability,643.7867118431313,6213.786711843131
rate_2x,A2_QUICKLOOK_FIRST,4,7547a57927740dec4f6195505c186e899b3ec4e944c0f60cc81cef6d3071cf75,132436.21328815687,30,0,0,10000000.0,20.0,60,0.0,False,nan,incomplete_transfer,643.7867118431313,
rate_2x,A3_ROI_FIRST,4,7547a57927740dec4f6195505c186e899b3ec4e944c0f60cc81cef6d3071cf75,132436.21328815687,30,0,0,10000000.0,20.0,60,0.0,True,703.7867118431313,timely_sufficient,643.7867118431313,
rate_2x,A4_PROGRESSIVE,4,7547a57927740dec4f6195505c186e899b3ec4e944c0f60cc81cef6d3071cf75,132436.21328815687,30,0,0,10000000.0,20.0,60,0.0,True,720.2225262431314,timely_sufficient,643.7867118431313,
rate_2x,A5_CONTACT_AWARE,4,7547a57927740dec4f6195505c186e899b3ec4e944c0f60cc81cef6d3071cf75,132436.21328815687,30,0,0,10000000.0,20.0,60,0.0,False,nan,incomplete_transfer,643.7867118431313,
rate_2x,A6_THREAD_AWARE_PRIORITY,4,7547a57927740dec4f6195505c186e899b3ec4e944c0f60cc81cef6d3071cf75,132436.21328815687,30,0,0,10000000.0,20.0,60,0.0,True,703.8030958431314,timely_sufficient,643.7867118431313,
rate_2x,A0_GROUND_ONLY,5,e0b6eff36a194b98624299cfeaf4bd76367851b3e08dd6764afc7342dacffec6,47831.79843658002,30,0,0,10000000.0,20.0,60,0.0,False,86948.20156341998,late_availability,978.2015634199779,86918.20156341998
rate_2x,A1_COMPRESSED_FULL,5,e0b6eff36a194b98624299cfeaf4bd76367851b3e08dd6764afc7342dacffec6,47831.79843658002,30,0,0,10000000.0,20.0,60,0.0,False,6698.201563419978,late_availability,978.2015634199779,6668.201563419978
rate_2x,A2_QUICKLOOK_FIRST,5,e0b6eff36a194b98624299cfeaf4bd76367851b3e08dd6764afc7342dacffec6,47831.79843658002,30,0,0,10000000.0,20.0,60,0.0,False,86966.20156341998,late_availability,978.2015634199779,86936.20156341998
rate_2x,A3_ROI_FIRST,5,e0b6eff36a194b98624299cfeaf4bd76367851b3e08dd6764afc7342dacffec6,47831.79843658002,30,0,0,10000000.0,20.0,60,0.0,False,1038.201563419978,late_availability,978.2015634199779,86978.20156341998
rate_2x,A4_PROGRESSIVE,5,e0b6eff36a194b98624299cfeaf4bd76367851b3e08dd6764afc7342dacffec6,47831.79843658002,30,0,0,10000000.0,20.0,60,0.0,False,1054.637377819978,late_availability,978.2015634199779,86994.63737781998
rate_2x,A5_CONTACT_AWARE,5,e0b6eff36a194b98624299cfeaf4bd76367851b3e08dd6764afc7342dacffec6,47831.79843658002,30,0,0,10000000.0,20.0,60,0.0,False,86948.20156341998,late_availability,978.2015634199779,86918.20156341998
rate_2x,A6_THREAD_AWARE_PRIORITY,5,e0b6eff36a194b98624299cfeaf4bd76367851b3e08dd6764afc7342dacffec6,47831.79843658002,30,0,0,10000000.0,20.0,60,0.0,False,1038.217947419978,late_availability,978.2015634199779,86994.63737781998
rate_2x,A0_GROUND_ONLY,6,fda9337482dc19d6aa0274ae04040c4163a736a677a7d029096f076ac8e218ee,162058.85659696194,30,0,0,10000000.0,20.0,60,0.0,False,nan,incomplete_transfer,961.1434030380624,
rate_2x,A1_COMPRESSED_FULL,6,fda9337482dc19d6aa0274ae04040c4163a736a677a7d029096f076ac8e218ee,162058.85659696194,30,0,0,10000000.0,20.0,60,0.0,False,6601.143403038062,late_availability,961.1434030380624,6571.143403038062
rate_2x,A2_QUICKLOOK_FIRST,6,fda9337482dc19d6aa0274ae04040c4163a736a677a7d029096f076ac8e218ee,162058.85659696194,30,0,0,10000000.0,20.0,60,0.0,False,nan,incomplete_transfer,961.1434030380624,
rate_2x,A3_ROI_FIRST,6,fda9337482dc19d6aa0274ae04040c4163a736a677a7d029096f076ac8e218ee,162058.85659696194,30,0,0,10000000.0,20.0,60,0.0,False,6371.143403038062,late_availability,961.1434030380624,
rate_2x,A4_PROGRESSIVE,6,fda9337482dc19d6aa0274ae04040c4163a736a677a7d029096f076ac8e218ee,162058.85659696194,30,0,0,10000000.0,20.0,60,0.0,False,6387.579217438062,late_availability,961.1434030380624,
rate_2x,A5_CONTACT_AWARE,6,fda9337482dc19d6aa0274ae04040c4163a736a677a7d029096f076ac8e218ee,162058.85659696194,30,0,0,10000000.0,20.0,60,0.0,False,6601.143403038062,late_availability,961.1434030380624,6571.143403038062
rate_2x,A6_THREAD_AWARE_PRIORITY,6,fda9337482dc19d6aa0274ae04040c4163a736a677a7d029096f076ac8e218ee,162058.85659696194,30,0,0,10000000.0,20.0,60,0.0,False,6371.159787038062,late_availability,961.1434030380624,
rate_2x,A0_GROUND_ONLY,7,1c872d30a5df33b5e5b37b5d07a13481b0fc243e9f87a5ca529540fe05a0a1b5,89694.63240020716,30,0,0,10000000.0,20.0,60,0.0,False,47875.36759979284,late_availability,305.3675997928367,47845.36759979284
rate_2x,A1_COMPRESSED_FULL,7,1c872d30a5df33b5e5b37b5d07a13481b0fc243e9f87a5ca529540fe05a0a1b5,89694.63240020716,30,0,0,10000000.0,20.0,60,0.0,False,5935.367599792837,late_availability,305.3675997928367,5905.367599792837
rate_2x,A2_QUICKLOOK_FIRST,7,1c872d30a5df33b5e5b37b5d07a13481b0fc243e9f87a5ca529540fe05a0a1b5,89694.63240020716,30,0,0,10000000.0,20.0,60,0.0,False,47893.36759979284,late_availability,305.3675997928367,47863.36759979284
rate_2x,A3_ROI_FIRST,7,1c872d30a5df33b5e5b37b5d07a13481b0fc243e9f87a5ca529540fe05a0a1b5,89694.63240020716,30,0,0,10000000.0,20.0,60,0.0,True,365.3675997928367,timely_sufficient,305.3675997928367,47905.36759979284
rate_2x,A4_PROGRESSIVE,7,1c872d30a5df33b5e5b37b5d07a13481b0fc243e9f87a5ca529540fe05a0a1b5,89694.63240020716,30,0,0,10000000.0,20.0,60,0.0,True,381.8034141928367,timely_sufficient,305.3675997928367,47921.80341419284
rate_2x,A5_CONTACT_AWARE,7,1c872d30a5df33b5e5b37b5d07a13481b0fc243e9f87a5ca529540fe05a0a1b5,89694.63240020716,30,0,0,10000000.0,20.0,60,0.0,False,47875.36759979284,late_availability,305.3675997928367,47845.36759979284
rate_2x,A6_THREAD_AWARE_PRIORITY,7,1c872d30a5df33b5e5b37b5d07a13481b0fc243e9f87a5ca529540fe05a0a1b5,89694.63240020716,30,0,0,10000000.0,20.0,60,0.0,True,365.3839837928367,timely_sufficient,305.3675997928367,47921.80341419284
rate_2x,A0_GROUND_ONLY,8,ca2787bcd7d733cd06bb406537315d8e17c205980b0319e168ddf43ad406d672,144902.43529740698,30,0,0,10000000.0,20.0,60,0.0,False,nan,incomplete_transfer,1287.564702593023,
rate_2x,A1_COMPRESSED_FULL,8,ca2787bcd7d733cd06bb406537315d8e17c205980b0319e168ddf43ad406d672,144902.43529740698,30,0,0,10000000.0,20.0,60,0.0,False,nan,incomplete_transfer,1287.564702593023,
rate_2x,A2_QUICKLOOK_FIRST,8,ca2787bcd7d733cd06bb406537315d8e17c205980b0319e168ddf43ad406d672,144902.43529740698,30,0,0,10000000.0,20.0,60,0.0,False,nan,incomplete_transfer,1287.564702593023,
rate_2x,A3_ROI_FIRST,8,ca2787bcd7d733cd06bb406537315d8e17c205980b0319e168ddf43ad406d672,144902.43529740698,30,0,0,10000000.0,20.0,60,0.0,False,1347.564702593023,late_availability,1287.564702593023,
rate_2x,A4_PROGRESSIVE,8,ca2787bcd7d733cd06bb406537315d8e17c205980b0319e168ddf43ad406d672,144902.43529740698,30,0,0,10000000.0,20.0,60,0.0,False,1364.000516993023,late_availability,1287.564702593023,
rate_2x,A5_CONTACT_AWARE,8,ca2787bcd7d733cd06bb406537315d8e17c205980b0319e168ddf43ad406d672,144902.43529740698,30,0,0,10000000.0,20.0,60,0.0,False,nan,incomplete_transfer,1287.564702593023,
rate_2x,A6_THREAD_AWARE_PRIORITY,8,ca2787bcd7d733cd06bb406537315d8e17c205980b0319e168ddf43ad406d672,144902.43529740698,30,0,0,10000000.0,20.0,60,0.0,False,1347.581086593023,late_availability,1287.564702593023,
rate_2x,A0_GROUND_ONLY,9,2e2af436f2a450b67f88e0f0830126c4b480280aff18c3146f01b4428476b0df,87958.18700346815,30,0,0,10000000.0,20.0,60,0.0,False,53241.81299653185,late_availability,151.81299653185124,53211.81299653185
rate_2x,A1_COMPRESSED_FULL,9,2e2af436f2a450b67f88e0f0830126c4b480280aff18c3146f01b4428476b0df,87958.18700346815,30,0,0,10000000.0,20.0,60,0.0,False,5821.812996531851,late_availability,151.81299653185124,5791.812996531851
rate_2x,A2_QUICKLOOK_FIRST,9,2e2af436f2a450b67f88e0f0830126c4b480280aff18c3146f01b4428476b0df,87958.18700346815,30,0,0,10000000.0,20.0,60,0.0,False,53257.81299653185,late_availability,151.81299653185124,53227.81299653185
rate_2x,A3_ROI_FIRST,9,2e2af436f2a450b67f88e0f0830126c4b480280aff18c3146f01b4428476b0df,87958.18700346815,30,0,0,10000000.0,20.0,60,0.0,False,5591.812996531851,late_availability,151.81299653185124,53251.81299653185
rate_2x,A4_PROGRESSIVE,9,2e2af436f2a450b67f88e0f0830126c4b480280aff18c3146f01b4428476b0df,87958.18700346815,30,0,0,10000000.0,20.0,60,0.0,False,5608.248810931851,late_availability,151.81299653185124,53268.24881093185
rate_2x,A5_CONTACT_AWARE,9,2e2af436f2a450b67f88e0f0830126c4b480280aff18c3146f01b4428476b0df,87958.18700346815,30,0,0,10000000.0,20.0,60,0.0,False,5821.812996531851,late_availability,151.81299653185124,5791.812996531851
rate_2x,A6_THREAD_AWARE_PRIORITY,9,2e2af436f2a450b67f88e0f0830126c4b480280aff18c3146f01b4428476b0df,87958.18700346815,30,0,0,10000000.0,20.0,60,0.0,False,5591.829380531851,late_availability,151.81299653185124,53268.24881093185
rate_2x,A0_GROUND_ONLY,10,398d19042146f9466ae1827a1693cdcc8d3527f7f95dc8f61340c4f32d1e9a35,136841.14223680316,30,0,0,10000000.0,20.0,60,0.0,False,nan,incomplete_transfer,498.85776319683646,
rate_2x,A1_COMPRESSED_FULL,10,398d19042146f9466ae1827a1693cdcc8d3527f7f95dc8f61340c4f32d1e9a35,136841.14223680316,30,0,0,10000000.0,20.0,60,0.0,True,788.8577631968365,timely_sufficient,498.85776319683646,758.8577631968365
rate_2x,A2_QUICKLOOK_FIRST,10,398d19042146f9466ae1827a1693cdcc8d3527f7f95dc8f61340c4f32d1e9a35,136841.14223680316,30,0,0,10000000.0,20.0,60,0.0,False,nan,incomplete_transfer,498.85776319683646,
rate_2x,A3_ROI_FIRST,10,398d19042146f9466ae1827a1693cdcc8d3527f7f95dc8f61340c4f32d1e9a35,136841.14223680316,30,0,0,10000000.0,20.0,60,0.0,True,558.8577631968365,timely_sufficient,498.85776319683646,
rate_2x,A4_PROGRESSIVE,10,398d19042146f9466ae1827a1693cdcc8d3527f7f95dc8f61340c4f32d1e9a35,136841.14223680316,30,0,0,10000000.0,20.0,60,0.0,True,575.2935775968365,timely_sufficient,498.85776319683646,
rate_2x,A5_CONTACT_AWARE,10,398d19042146f9466ae1827a1693cdcc8d3527f7f95dc8f61340c4f32d1e9a35,136841.14223680316,30,0,0,10000000.0,20.0,60,0.0,True,788.8577631968365,timely_sufficient,498.85776319683646,758.8577631968365
rate_2x,A6_THREAD_AWARE_PRIORITY,10,398d19042146f9466ae1827a1693cdcc8d3527f7f95dc8f61340c4f32d1e9a35,136841.14223680316,30,0,0,10000000.0,20.0,60,0.0,True,558.8741471968365,timely_sufficient,498.85776319683646,
rate_2x,A0_GROUND_ONLY,11,5e71b36653c8a13bddf15fbb78aa2996d481721ff32a889fe7d160bba9b3273f,10757.589420950173,30,0,0,10000000.0,20.0,60,0.0,False,53852.41057904983,late_availability,582.410579049827,53822.41057904983
rate_2x,A1_COMPRESSED_FULL,11,5e71b36653c8a13bddf15fbb78aa2996d481721ff32a889fe7d160bba9b3273f,10757.589420950173,30,0,0,10000000.0,20.0,60,0.0,False,6222.410579049827,late_availability,582.410579049827,6192.410579049827
rate_2x,A2_QUICKLOOK_FIRST,11,5e71b36653c8a13bddf15fbb78aa2996d481721ff32a889fe7d160bba9b3273f,10757.589420950173,30,0,0,10000000.0,20.0,60,0.0,False,53868.41057904983,late_availability,582.410579049827,53838.41057904983
rate_2x,A3_ROI_FIRST,11,5e71b36653c8a13bddf15fbb78aa2996d481721ff32a889fe7d160bba9b3273f,10757.589420950173,30,0,0,10000000.0,20.0,60,0.0,False,5992.410579049827,late_availability,582.410579049827,53862.41057904983
rate_2x,A4_PROGRESSIVE,11,5e71b36653c8a13bddf15fbb78aa2996d481721ff32a889fe7d160bba9b3273f,10757.589420950173,30,0,0,10000000.0,20.0,60,0.0,False,6008.846393449827,late_availability,582.410579049827,53878.84639344983
rate_2x,A5_CONTACT_AWARE,11,5e71b36653c8a13bddf15fbb78aa2996d481721ff32a889fe7d160bba9b3273f,10757.589420950173,30,0,0,10000000.0,20.0,60,0.0,False,6222.410579049827,late_availability,582.410579049827,6192.410579049827
rate_2x,A6_THREAD_AWARE_PRIORITY,11,5e71b36653c8a13bddf15fbb78aa2996d481721ff32a889fe7d160bba9b3273f,10757.589420950173,30,0,0,10000000.0,20.0,60,0.0,False,5992.426963049827,late_availability,582.410579049827,53878.84639344983
rate_2x,A0_GROUND_ONLY,12,a203a9c8d5fac8926b60ddeecc09594befa7100e1508aec081732e10d387694d,88736.79289767242,30,0,0,10000000.0,20.0,60,0.0,False,48833.20710232758,late_availability,1263.2071023275785,48803.20710232758
rate_2x,A1_COMPRESSED_FULL,12,a203a9c8d5fac8926b60ddeecc09594befa7100e1508aec081732e10d387694d,88736.79289767242,30,0,0,10000000.0,20.0,60,0.0,False,6893.2071023275785,late_availability,1263.2071023275785,6863.2071023275785
rate_2x,A2_QUICKLOOK_FIRST,12,a203a9c8d5fac8926b60ddeecc09594befa7100e1508aec081732e10d387694d,88736.79289767242,30,0,0,10000000.0,20.0,60,0.0,False,48851.20710232758,late_availability,1263.2071023275785,48821.20710232758
rate_2x,A3_ROI_FIRST,12,a203a9c8d5fac8926b60ddeecc09594befa7100e1508aec081732e10d387694d,88736.79289767242,30,0,0,10000000.0,20.0,60,0.0,False,1323.2071023275785,late_availability,1263.2071023275785,48863.20710232758
rate_2x,A4_PROGRESSIVE,12,a203a9c8d5fac8926b60ddeecc09594befa7100e1508aec081732e10d387694d,88736.79289767242,30,0,0,10000000.0,20.0,60,0.0,False,1339.6429167275785,late_availability,1263.2071023275785,48879.64291672758
rate_2x,A5_CONTACT_AWARE,12,a203a9c8d5fac8926b60ddeecc09594befa7100e1508aec081732e10d387694d,88736.79289767242,30,0,0,10000000.0,20.0,60,0.0,False,48833.20710232758,late_availability,1263.2071023275785,48803.20710232758
rate_2x,A6_THREAD_AWARE_PRIORITY,12,a203a9c8d5fac8926b60ddeecc09594befa7100e1508aec081732e10d387694d,88736.79289767242,30,0,0,10000000.0,20.0,60,0.0,False,1323.2234863275785,late_availability,1263.2071023275785,48879.64291672758
rate_2x,A0_GROUND_ONLY,13,3f7f4f9948daaaa103214bb86008ff571d7010899e1d643f59ebcf8bb7d8d689,2223.421192988508,30,0,0,10000000.0,20.0,60,0.0,False,39166.578807011494,late_availability,326.5788070114918,39136.578807011494
rate_2x,A1_COMPRESSED_FULL,13,3f7f4f9948daaaa103214bb86008ff571d7010899e1d643f59ebcf8bb7d8d689,2223.421192988508,30,0,0,10000000.0,20.0,60,0.0,False,33316.578807011494,late_availability,326.5788070114918,33286.578807011494
rate_2x,A2_QUICKLOOK_FIRST,13,3f7f4f9948daaaa103214bb86008ff571d7010899e1d643f59ebcf8bb7d8d689,2223.421192988508,30,0,0,10000000.0,20.0,60,0.0,False,39184.578807011494,late_availability,326.5788070114918,39154.578807011494
rate_2x,A3_ROI_FIRST,13,3f7f4f9948daaaa103214bb86008ff571d7010899e1d643f59ebcf8bb7d8d689,2223.421192988508,30,0,0,10000000.0,20.0,60,0.0,True,386.5788070114918,timely_sufficient,326.5788070114918,39196.578807011494
rate_2x,A4_PROGRESSIVE,13,3f7f4f9948daaaa103214bb86008ff571d7010899e1d643f59ebcf8bb7d8d689,2223.421192988508,30,0,0,10000000.0,20.0,60,0.0,True,403.0146214114918,timely_sufficient,326.5788070114918,39213.014621411494
rate_2x,A5_CONTACT_AWARE,13,3f7f4f9948daaaa103214bb86008ff571d7010899e1d643f59ebcf8bb7d8d689,2223.421192988508,30,0,0,10000000.0,20.0,60,0.0,False,39166.578807011494,late_availability,326.5788070114918,39136.578807011494
rate_2x,A6_THREAD_AWARE_PRIORITY,13,3f7f4f9948daaaa103214bb86008ff571d7010899e1d643f59ebcf8bb7d8d689,2223.421192988508,30,0,0,10000000.0,20.0,60,0.0,True,386.5951910114918,timely_sufficient,326.5788070114918,39213.014621411494
rate_2x,A0_GROUND_ONLY,14,f3926b545e21f84bea6c9ecea65c8a2645a32f0f5819b1a414c68f18307ebb81,41795.95486579752,30,0,0,10000000.0,20.0,60,0.0,False,54494.04513420248,late_availability,1374.0451342024826,54464.04513420248
rate_2x,A1_COMPRESSED_FULL,14,f3926b545e21f84bea6c9ecea65c8a2645a32f0f5819b1a414c68f18307ebb81,41795.95486579752,30,0,0,10000000.0,20.0,60,0.0,False,7014.045134202483,late_availability,1374.0451342024826,6984.045134202483
rate_2x,A2_QUICKLOOK_FIRST,14,f3926b545e21f84bea6c9ecea65c8a2645a32f0f5819b1a414c68f18307ebb81,41795.95486579752,30,0,0,10000000.0,20.0,60,0.0,False,54510.04513420248,late_availability,1374.0451342024826,54480.04513420248
rate_2x,A3_ROI_FIRST,14,f3926b545e21f84bea6c9ecea65c8a2645a32f0f5819b1a414c68f18307ebb81,41795.95486579752,30,0,0,10000000.0,20.0,60,0.0,False,6784.045134202483,late_availability,1374.0451342024826,54504.04513420248
rate_2x,A4_PROGRESSIVE,14,f3926b545e21f84bea6c9ecea65c8a2645a32f0f5819b1a414c68f18307ebb81,41795.95486579752,30,0,0,10000000.0,20.0,60,0.0,False,6800.480948602482,late_availability,1374.0451342024826,54520.48094860248
rate_2x,A5_CONTACT_AWARE,14,f3926b545e21f84bea6c9ecea65c8a2645a32f0f5819b1a414c68f18307ebb81,41795.95486579752,30,0,0,10000000.0,20.0,60,0.0,False,7014.045134202483,late_availability,1374.0451342024826,6984.045134202483
rate_2x,A6_THREAD_AWARE_PRIORITY,14,f3926b545e21f84bea6c9ecea65c8a2645a32f0f5819b1a414c68f18307ebb81,41795.95486579752,30,0,0,10000000.0,20.0,60,0.0,False,6784.061518202482,late_availability,1374.0451342024826,54520.48094860248
rate_2x,A0_GROUND_ONLY,15,f7d314bc7118e70e0527bb72132d140d6af4305dcc1248cc940e82b8baeb39c4,161247.47134785925,30,0,0,10000000.0,20.0,60,0.0,False,nan,incomplete_transfer,482.5286521407543,
rate_2x,A1_COMPRESSED_FULL,15,f7d314bc7118e70e0527bb72132d140d6af4305dcc1248cc940e82b8baeb39c4,161247.47134785925,30,0,0,10000000.0,20.0,60,0.0,True,772.5286521407543,timely_sufficient,482.5286521407543,742.5286521407543
rate_2x,A2_QUICKLOOK_FIRST,15,f7d314bc7118e70e0527bb72132d140d6af4305dcc1248cc940e82b8baeb39c4,161247.47134785925,30,0,0,10000000.0,20.0,60,0.0,False,nan,incomplete_transfer,482.5286521407543,
rate_2x,A3_ROI_FIRST,15,f7d314bc7118e70e0527bb72132d140d6af4305dcc1248cc940e82b8baeb39c4,161247.47134785925,30,0,0,10000000.0,20.0,60,0.0,True,542.5286521407543,timely_sufficient,482.5286521407543,
rate_2x,A4_PROGRESSIVE,15,f7d314bc7118e70e0527bb72132d140d6af4305dcc1248cc940e82b8baeb39c4,161247.47134785925,30,0,0,10000000.0,20.0,60,0.0,True,558.9644665407543,timely_sufficient,482.5286521407543,
rate_2x,A5_CONTACT_AWARE,15,f7d314bc7118e70e0527bb72132d140d6af4305dcc1248cc940e82b8baeb39c4,161247.47134785925,30,0,0,10000000.0,20.0,60,0.0,True,772.5286521407543,timely_sufficient,482.5286521407543,742.5286521407543
rate_2x,A6_THREAD_AWARE_PRIORITY,15,f7d314bc7118e70e0527bb72132d140d6af4305dcc1248cc940e82b8baeb39c4,161247.47134785925,30,0,0,10000000.0,20.0,60,0.0,True,542.5450361407543,timely_sufficient,482.5286521407543,
rate_2x,A0_GROUND_ONLY,16,ee99b89909f6a5e8ca3bac0920ca70e5cdd867266f9d3942f86132854bf4956d,78181.82051197265,30,0,0,10000000.0,20.0,60,0.0,False,48168.17948802735,late_availability,568.1794880273519,48138.17948802735
rate_2x,A1_COMPRESSED_FULL,16,ee99b89909f6a5e8ca3bac0920ca70e5cdd867266f9d3942f86132854bf4956d,78181.82051197265,30,0,0,10000000.0,20.0,60,0.0,False,6198.179488027352,late_availability,568.1794880273519,6168.179488027352
rate_2x,A2_QUICKLOOK_FIRST,16,ee99b89909f6a5e8ca3bac0920ca70e5cdd867266f9d3942f86132854bf4956d,78181.82051197265,30,0,0,10000000.0,20.0,60,0.0,False,48186.17948802735,late_availability,568.1794880273519,48156.17948802735
rate_2x,A3_ROI_FIRST,16,ee99b89909f6a5e8ca3bac0920ca70e5cdd867266f9d3942f86132854bf4956d,78181.82051197265,30,0,0,10000000.0,20.0,60,0.0,True,628.1794880273519,timely_sufficient,568.1794880273519,48198.17948802735
rate_2x,A4_PROGRESSIVE,16,ee99b89909f6a5e8ca3bac0920ca70e5cdd867266f9d3942f86132854bf4956d,78181.82051197265,30,0,0,10000000.0,20.0,60,0.0,True,644.6153024273519,timely_sufficient,568.1794880273519,53524.61530242735
rate_2x,A5_CONTACT_AWARE,16,ee99b89909f6a5e8ca3bac0920ca70e5cdd867266f9d3942f86132854bf4956d,78181.82051197265,30,0,0,10000000.0,20.0,60,0.0,False,48168.17948802735,late_availability,568.1794880273519,48138.17948802735
rate_2x,A6_THREAD_AWARE_PRIORITY,16,ee99b89909f6a5e8ca3bac0920ca70e5cdd867266f9d3942f86132854bf4956d,78181.82051197265,30,0,0,10000000.0,20.0,60,0.0,True,628.1958720273519,timely_sufficient,568.1794880273519,53524.61530242735
rate_2x,A0_GROUND_ONLY,17,62022495ba0a5237dc02b1367b8baddc0a3ce2bf8119e076aaeb9e950f5b1b68,135271.13657556393,30,0,0,10000000.0,20.0,60,0.0,False,nan,incomplete_transfer,178.86342443607282,
rate_2x,A1_COMPRESSED_FULL,17,62022495ba0a5237dc02b1367b8baddc0a3ce2bf8119e076aaeb9e950f5b1b68,135271.13657556393,30,0,0,10000000.0,20.0,60,0.0,False,5838.863424436073,late_availability,178.86342443607282,5808.863424436073
rate_2x,A2_QUICKLOOK_FIRST,17,62022495ba0a5237dc02b1367b8baddc0a3ce2bf8119e076aaeb9e950f5b1b68,135271.13657556393,30,0,0,10000000.0,20.0,60,0.0,False,nan,incomplete_transfer,178.86342443607282,
rate_2x,A3_ROI_FIRST,17,62022495ba0a5237dc02b1367b8baddc0a3ce2bf8119e076aaeb9e950f5b1b68,135271.13657556393,30,0,0,10000000.0,20.0,60,0.0,True,238.86342443607282,timely_sufficient,178.86342443607282,
rate_2x,A4_PROGRESSIVE,17,62022495ba0a5237dc02b1367b8baddc0a3ce2bf8119e076aaeb9e950f5b1b68,135271.13657556393,30,0,0,10000000.0,20.0,60,0.0,True,255.29923883607282,timely_sufficient,178.86342443607282,
rate_2x,A5_CONTACT_AWARE,17,62022495ba0a5237dc02b1367b8baddc0a3ce2bf8119e076aaeb9e950f5b1b68,135271.13657556393,30,0,0,10000000.0,20.0,60,0.0,False,nan,incomplete_transfer,178.86342443607282,
rate_2x,A6_THREAD_AWARE_PRIORITY,17,62022495ba0a5237dc02b1367b8baddc0a3ce2bf8119e076aaeb9e950f5b1b68,135271.13657556393,30,0,0,10000000.0,20.0,60,0.0,True,238.87980843607284,timely_sufficient,178.86342443607282,
rate_2x,A0_GROUND_ONLY,18,9893c2ea9017e5ee5f0371b50485b4b9a7f99e82205cf1f8a49c5ca3a947b20c,165135.03257907528,30,0,0,10000000.0,20.0,60,0.0,False,nan,incomplete_transfer,344.96742092471686,
rate_2x,A1_COMPRESSED_FULL,18,9893c2ea9017e5ee5f0371b50485b4b9a7f99e82205cf1f8a49c5ca3a947b20c,165135.03257907528,30,0,0,10000000.0,20.0,60,0.0,False,nan,incomplete_transfer,344.96742092471686,
rate_2x,A2_QUICKLOOK_FIRST,18,9893c2ea9017e5ee5f0371b50485b4b9a7f99e82205cf1f8a49c5ca3a947b20c,165135.03257907528,30,0,0,10000000.0,20.0,60,0.0,False,nan,incomplete_transfer,344.96742092471686,
rate_2x,A3_ROI_FIRST,18,9893c2ea9017e5ee5f0371b50485b4b9a7f99e82205cf1f8a49c5ca3a947b20c,165135.03257907528,30,0,0,10000000.0,20.0,60,0.0,True,414.96742092471686,timely_sufficient,344.96742092471686,
rate_2x,A4_PROGRESSIVE,18,9893c2ea9017e5ee5f0371b50485b4b9a7f99e82205cf1f8a49c5ca3a947b20c,165135.03257907528,30,0,0,10000000.0,20.0,60,0.0,True,431.4032353247169,timely_sufficient,344.96742092471686,
rate_2x,A5_CONTACT_AWARE,18,9893c2ea9017e5ee5f0371b50485b4b9a7f99e82205cf1f8a49c5ca3a947b20c,165135.03257907528,30,0,0,10000000.0,20.0,60,0.0,False,nan,incomplete_transfer,344.96742092471686,
rate_2x,A6_THREAD_AWARE_PRIORITY,18,9893c2ea9017e5ee5f0371b50485b4b9a7f99e82205cf1f8a49c5ca3a947b20c,165135.03257907528,30,0,0,10000000.0,20.0,60,0.0,True,414.9838049247169,timely_sufficient,344.96742092471686,
rate_2x,A0_GROUND_ONLY,19,cb92a9e50b241b0ba93c648d1c7734eb4a247f3e8ac31f62122a058b6487e939,130327.40996119597,30,0,0,10000000.0,20.0,60,0.0,False,nan,incomplete_transfer,862.5900388040318,
rate_2x,A1_COMPRESSED_FULL,19,cb92a9e50b241b0ba93c648d1c7734eb4a247f3e8ac31f62122a058b6487e939,130327.40996119597,30,0,0,10000000.0,20.0,60,0.0,False,6502.590038804032,late_availability,862.5900388040318,6472.590038804032
rate_2x,A2_QUICKLOOK_FIRST,19,cb92a9e50b241b0ba93c648d1c7734eb4a247f3e8ac31f62122a058b6487e939,130327.40996119597,30,0,0,10000000.0,20.0,60,0.0,False,nan,incomplete_transfer,862.5900388040318,
rate_2x,A3_ROI_FIRST,19,cb92a9e50b241b0ba93c648d1c7734eb4a247f3e8ac31f62122a058b6487e939,130327.40996119597,30,0,0,10000000.0,20.0,60,0.0,False,6272.590038804032,late_availability,862.5900388040318,
rate_2x,A4_PROGRESSIVE,19,cb92a9e50b241b0ba93c648d1c7734eb4a247f3e8ac31f62122a058b6487e939,130327.40996119597,30,0,0,10000000.0,20.0,60,0.0,False,6289.025853204032,late_availability,862.5900388040318,
rate_2x,A5_CONTACT_AWARE,19,cb92a9e50b241b0ba93c648d1c7734eb4a247f3e8ac31f62122a058b6487e939,130327.40996119597,30,0,0,10000000.0,20.0,60,0.0,False,6502.590038804032,late_availability,862.5900388040318,6472.590038804032
rate_2x,A6_THREAD_AWARE_PRIORITY,19,cb92a9e50b241b0ba93c648d1c7734eb4a247f3e8ac31f62122a058b6487e939,130327.40996119597,30,0,0,10000000.0,20.0,60,0.0,False,6272.606422804031,late_availability,862.5900388040318,
rate_2x,A0_GROUND_ONLY,20,ea68eae2d5eef2a49e9386e2da3d80e17aa0c9dd01a8f21459dc0e1bb3577285,79271.02272901162,30,0,0,10000000.0,20.0,60,0.0,False,49028.977270988384,late_availability,1368.9772709883837,48998.977270988384
rate_2x,A1_COMPRESSED_FULL,20,ea68eae2d5eef2a49e9386e2da3d80e17aa0c9dd01a8f21459dc0e1bb3577285,79271.02272901162,30,0,0,10000000.0,20.0,60,0.0,False,7028.977270988384,late_availability,1368.9772709883837,6998.977270988384
rate_2x,A2_QUICKLOOK_FIRST,20,ea68eae2d5eef2a49e9386e2da3d80e17aa0c9dd01a8f21459dc0e1bb3577285,79271.02272901162,30,0,0,10000000.0,20.0,60,0.0,False,49046.977270988384,late_availability,1368.9772709883837,49016.977270988384
rate_2x,A3_ROI_FIRST,20,ea68eae2d5eef2a49e9386e2da3d80e17aa0c9dd01a8f21459dc0e1bb3577285,79271.02272901162,30,0,0,10000000.0,20.0,60,0.0,False,1428.9772709883837,late_availability,1368.9772709883837,87278.97727098838
rate_2x,A4_PROGRESSIVE,20,ea68eae2d5eef2a49e9386e2da3d80e17aa0c9dd01a8f21459dc0e1bb3577285,79271.02272901162,30,0,0,10000000.0,20.0,60,0.0,False,1445.4130853883837,late_availability,1368.9772709883837,87295.41308538838
rate_2x,A5_CONTACT_AWARE,20,ea68eae2d5eef2a49e9386e2da3d80e17aa0c9dd01a8f21459dc0e1bb3577285,79271.02272901162,30,0,0,10000000.0,20.0,60,0.0,False,49028.977270988384,late_availability,1368.9772709883837,48998.977270988384
rate_2x,A6_THREAD_AWARE_PRIORITY,20,ea68eae2d5eef2a49e9386e2da3d80e17aa0c9dd01a8f21459dc0e1bb3577285,79271.02272901162,30,0,0,10000000.0,20.0,60,0.0,False,1428.9936549883837,late_availability,1368.9772709883837,87295.41308538838
rate_2x,A0_GROUND_ONLY,21,79b6be373ae23f9e67d0a8b93e626bdf10f163d9c1b6292cd31773b8b4291056,88104.08775749971,30,0,0,10000000.0,20.0,60,0.0,False,39445.912242500286,late_availability,605.9122425002861,39415.912242500286
rate_2x,A1_COMPRESSED_FULL,21,79b6be373ae23f9e67d0a8b93e626bdf10f163d9c1b6292cd31773b8b4291056,88104.08775749971,30,0,0,10000000.0,20.0,60,0.0,False,33595.912242500286,late_availability,605.9122425002861,33565.912242500286
rate_2x,A2_QUICKLOOK_FIRST,21,79b6be373ae23f9e67d0a8b93e626bdf10f163d9c1b6292cd31773b8b4291056,88104.08775749971,30,0,0,10000000.0,20.0,60,0.0,False,39463.912242500286,late_availability,605.9122425002861,39433.912242500286
rate_2x,A3_ROI_FIRST,21,79b6be373ae23f9e67d0a8b93e626bdf10f163d9c1b6292cd31773b8b4291056,88104.08775749971,30,0,0,10000000.0,20.0,60,0.0,True,665.9122425002861,timely_sufficient,605.9122425002861,39475.912242500286
rate_2x,A4_PROGRESSIVE,21,79b6be373ae23f9e67d0a8b93e626bdf10f163d9c1b6292cd31773b8b4291056,88104.08775749971,30,0,0,10000000.0,20.0,60,0.0,True,682.3480569002861,timely_sufficient,605.9122425002861,39492.348056900286
rate_2x,A5_CONTACT_AWARE,21,79b6be373ae23f9e67d0a8b93e626bdf10f163d9c1b6292cd31773b8b4291056,88104.08775749971,30,0,0,10000000.0,20.0,60,0.0,False,39445.912242500286,late_availability,605.9122425002861,39415.912242500286
rate_2x,A6_THREAD_AWARE_PRIORITY,21,79b6be373ae23f9e67d0a8b93e626bdf10f163d9c1b6292cd31773b8b4291056,88104.08775749971,30,0,0,10000000.0,20.0,60,0.0,True,665.9286265002861,timely_sufficient,605.9122425002861,39492.348056900286
rate_2x,A0_GROUND_ONLY,22,d90a46d6de35483a0de4323e7135de3769cabfefc1f863d76df9a10ff72ef25f,125915.27799004433,30,0,0,10000000.0,20.0,60,0.0,False,39044.72200995567,late_availability,204.72200995567255,39014.72200995567
rate_2x,A1_COMPRESSED_FULL,22,d90a46d6de35483a0de4323e7135de3769cabfefc1f863d76df9a10ff72ef25f,125915.27799004433,30,0,0,10000000.0,20.0,60,0.0,True,494.72200995567255,timely_sufficient,204.72200995567255,464.72200995567255
rate_2x,A2_QUICKLOOK_FIRST,22,d90a46d6de35483a0de4323e7135de3769cabfefc1f863d76df9a10ff72ef25f,125915.27799004433,30,0,0,10000000.0,20.0,60,0.0,False,39062.72200995567,late_availability,204.72200995567255,39032.72200995567
rate_2x,A3_ROI_FIRST,22,d90a46d6de35483a0de4323e7135de3769cabfefc1f863d76df9a10ff72ef25f,125915.27799004433,30,0,0,10000000.0,20.0,60,0.0,True,264.72200995567255,timely_sufficient,204.72200995567255,44414.72200995567
rate_2x,A4_PROGRESSIVE,22,d90a46d6de35483a0de4323e7135de3769cabfefc1f863d76df9a10ff72ef25f,125915.27799004433,30,0,0,10000000.0,20.0,60,0.0,True,281.1578243556726,timely_sufficient,204.72200995567255,44431.15782435567
rate_2x,A5_CONTACT_AWARE,22,d90a46d6de35483a0de4323e7135de3769cabfefc1f863d76df9a10ff72ef25f,125915.27799004433,30,0,0,10000000.0,20.0,60,0.0,True,494.72200995567255,timely_sufficient,204.72200995567255,464.72200995567255
rate_2x,A6_THREAD_AWARE_PRIORITY,22,d90a46d6de35483a0de4323e7135de3769cabfefc1f863d76df9a10ff72ef25f,125915.27799004433,30,0,0,10000000.0,20.0,60,0.0,True,264.73839395567256,timely_sufficient,204.72200995567255,44431.15782435567
rate_2x,A0_GROUND_ONLY,23,81bf8deb9db6f9f278f9f9f654b8741481674a4e6ea0de4dd5cbb220a71d481d,91925.60430622347,30,0,0,10000000.0,20.0,60,0.0,False,44864.39569377653,late_availability,444.3956937765324,44834.39569377653
rate_2x,A1_COMPRESSED_FULL,23,81bf8deb9db6f9f278f9f9f654b8741481674a4e6ea0de4dd5cbb220a71d481d,91925.60430622347,30,0,0,10000000.0,20.0,60,0.0,False,6104.395693776532,late_availability,444.3956937765324,6074.395693776532
rate_2x,A2_QUICKLOOK_FIRST,23,81bf8deb9db6f9f278f9f9f654b8741481674a4e6ea0de4dd5cbb220a71d481d,91925.60430622347,30,0,0,10000000.0,20.0,60,0.0,False,44882.39569377653,late_availability,444.3956937765324,44852.39569377653
rate_2x,A3_ROI_FIRST,23,81bf8deb9db6f9f278f9f9f654b8741481674a4e6ea0de4dd5cbb220a71d481d,91925.60430622347,30,0,0,10000000.0,20.0,60,0.0,True,504.3956937765324,timely_sufficient,444.3956937765324,44894.39569377653
rate_2x,A4_PROGRESSIVE,23,81bf8deb9db6f9f278f9f9f654b8741481674a4e6ea0de4dd5cbb220a71d481d,91925.60430622347,30,0,0,10000000.0,20.0,60,0.0,True,520.8315081765325,timely_sufficient,444.3956937765324,44910.83150817653
rate_2x,A5_CONTACT_AWARE,23,81bf8deb9db6f9f278f9f9f654b8741481674a4e6ea0de4dd5cbb220a71d481d,91925.60430622347,30,0,0,10000000.0,20.0,60,0.0,False,44864.39569377653,late_availability,444.3956937765324,44834.39569377653
rate_2x,A6_THREAD_AWARE_PRIORITY,23,81bf8deb9db6f9f278f9f9f654b8741481674a4e6ea0de4dd5cbb220a71d481d,91925.60430622347,30,0,0,10000000.0,20.0,60,0.0,True,504.41207777653244,timely_sufficient,444.3956937765324,44910.83150817653
processing_2x,A0_GROUND_ONLY,0,ca4f577ad8e71e1e150861cee4e7d5f2bba1eb7a12539ebc18821b5360b1879c,71203.2493812608,30,0,0,5000000.0,40.0,60,0.0,False,nan,incomplete_transfer,106.75061873919913,
processing_2x,A1_COMPRESSED_FULL,0,ca4f577ad8e71e1e150861cee4e7d5f2bba1eb7a12539ebc18821b5360b1879c,71203.2493812608,30,0,0,5000000.0,40.0,60,0.0,False,47726.7506187392,late_availability,106.75061873919913,47696.7506187392
processing_2x,A2_QUICKLOOK_FIRST,0,ca4f577ad8e71e1e150861cee4e7d5f2bba1eb7a12539ebc18821b5360b1879c,71203.2493812608,30,0,0,5000000.0,40.0,60,0.0,False,nan,incomplete_transfer,106.75061873919913,
processing_2x,A3_ROI_FIRST,0,ca4f577ad8e71e1e150861cee4e7d5f2bba1eb7a12539ebc18821b5360b1879c,71203.2493812608,30,0,0,5000000.0,40.0,60,0.0,True,226.75061873919913,timely_sufficient,106.75061873919913,
processing_2x,A4_PROGRESSIVE,0,ca4f577ad8e71e1e150861cee4e7d5f2bba1eb7a12539ebc18821b5360b1879c,71203.2493812608,30,0,0,5000000.0,40.0,60,0.0,False,47329.6222475392,late_availability,106.75061873919913,
processing_2x,A5_CONTACT_AWARE,0,ca4f577ad8e71e1e150861cee4e7d5f2bba1eb7a12539ebc18821b5360b1879c,71203.2493812608,30,0,0,5000000.0,40.0,60,0.0,False,nan,incomplete_transfer,106.75061873919913,
processing_2x,A6_THREAD_AWARE_PRIORITY,0,ca4f577ad8e71e1e150861cee4e7d5f2bba1eb7a12539ebc18821b5360b1879c,71203.2493812608,30,0,0,5000000.0,40.0,60,0.0,True,226.78338673919913,timely_sufficient,106.75061873919913,
processing_2x,A0_GROUND_ONLY,1,d9812535f85a2b8392b1489a47e186c9f417c5de2c266ef57e561237174de333,71424.58273047769,30,0,0,5000000.0,40.0,60,0.0,False,86775.41726952231,late_availability,365.41726952230965,86745.41726952231
processing_2x,A1_COMPRESSED_FULL,1,d9812535f85a2b8392b1489a47e186c9f417c5de2c266ef57e561237174de333,71424.58273047769,30,0,0,5000000.0,40.0,60,0.0,False,6225.41726952231,late_availability,365.41726952230965,6195.41726952231
processing_2x,A2_QUICKLOOK_FIRST,1,d9812535f85a2b8392b1489a47e186c9f417c5de2c266ef57e561237174de333,71424.58273047769,30,0,0,5000000.0,40.0,60,0.0,False,92151.41726952231,late_availability,365.41726952230965,92121.41726952231
processing_2x,A3_ROI_FIRST,1,d9812535f85a2b8392b1489a47e186c9f417c5de2c266ef57e561237174de333,71424.58273047769,30,0,0,5000000.0,40.0,60,0.0,True,485.41726952230965,timely_sufficient,365.41726952230965,92205.41726952231
processing_2x,A4_PROGRESSIVE,1,d9812535f85a2b8392b1489a47e186c9f417c5de2c266ef57e561237174de333,71424.58273047769,30,0,0,5000000.0,40.0,60,0.0,True,518.2888983223097,timely_sufficient,365.41726952230965,92238.28889832231
processing_2x,A5_CONTACT_AWARE,1,d9812535f85a2b8392b1489a47e186c9f417c5de2c266ef57e561237174de333,71424.58273047769,30,0,0,5000000.0,40.0,60,0.0,False,86775.41726952231,late_availability,365.41726952230965,86745.41726952231
processing_2x,A6_THREAD_AWARE_PRIORITY,1,d9812535f85a2b8392b1489a47e186c9f417c5de2c266ef57e561237174de333,71424.58273047769,30,0,0,5000000.0,40.0,60,0.0,True,485.4500375223097,timely_sufficient,365.41726952230965,92238.28889832231
processing_2x,A0_GROUND_ONLY,2,68e9c61c97eafe694a2fc4d222ca0b09ccfe0aceb6dd91af15fd1f0c0117ba68,58205.71618563066,30,0,0,5000000.0,40.0,60,0.0,False,nan,incomplete_transfer,444.28381436933705,
processing_2x,A1_COMPRESSED_FULL,2,68e9c61c97eafe694a2fc4d222ca0b09ccfe0aceb6dd91af15fd1f0c0117ba68,58205.71618563066,30,0,0,5000000.0,40.0,60,0.0,False,44694.28381436934,late_availability,444.28381436933705,44664.28381436934
processing_2x,A2_QUICKLOOK_FIRST,2,68e9c61c97eafe694a2fc4d222ca0b09ccfe0aceb6dd91af15fd1f0c0117ba68,58205.71618563066,30,0,0,5000000.0,40.0,60,0.0,False,nan,incomplete_transfer,444.28381436933705,
processing_2x,A3_ROI_FIRST,2,68e9c61c97eafe694a2fc4d222ca0b09ccfe0aceb6dd91af15fd1f0c0117ba68,58205.71618563066,30,0,0,5000000.0,40.0,60,0.0,False,6074.283814369337,late_availability,444.28381436933705,
processing_2x,A4_PROGRESSIVE,2,68e9c61c97eafe694a2fc4d222ca0b09ccfe0aceb6dd91af15fd1f0c0117ba68,58205.71618563066,30,0,0,5000000.0,40.0,60,0.0,False,6107.155443169337,late_availability,444.28381436933705,
processing_2x,A5_CONTACT_AWARE,2,68e9c61c97eafe694a2fc4d222ca0b09ccfe0aceb6dd91af15fd1f0c0117ba68,58205.71618563066,30,0,0,5000000.0,40.0,60,0.0,False,nan,incomplete_transfer,444.28381436933705,
processing_2x,A6_THREAD_AWARE_PRIORITY,2,68e9c61c97eafe694a2fc4d222ca0b09ccfe0aceb6dd91af15fd1f0c0117ba68,58205.71618563066,30,0,0,5000000.0,40.0,60,0.0,False,6074.316582369337,late_availability,444.28381436933705,
processing_2x,A0_GROUND_ONLY,3,033d43f5bc62296a7cd0a20c65809a0584574b07c48c5e293a8bbb3f74e38bab,158611.93508804622,30,0,0,5000000.0,40.0,60,0.0,False,nan,incomplete_transfer,718.0649119537848,
processing_2x,A1_COMPRESSED_FULL,3,033d43f5bc62296a7cd0a20c65809a0584574b07c48c5e293a8bbb3f74e38bab,158611.93508804622,30,0,0,5000000.0,40.0,60,0.0,False,nan,incomplete_transfer,718.0649119537848,
processing_2x,A2_QUICKLOOK_FIRST,3,033d43f5bc62296a7cd0a20c65809a0584574b07c48c5e293a8bbb3f74e38bab,158611.93508804622,30,0,0,5000000.0,40.0,60,0.0,False,nan,incomplete_transfer,718.0649119537848,
processing_2x,A3_ROI_FIRST,3,033d43f5bc62296a7cd0a20c65809a0584574b07c48c5e293a8bbb3f74e38bab,158611.93508804622,30,0,0,5000000.0,40.0,60,0.0,True,838.0649119537848,timely_sufficient,718.0649119537848,
processing_2x,A4_PROGRESSIVE,3,033d43f5bc62296a7cd0a20c65809a0584574b07c48c5e293a8bbb3f74e38bab,158611.93508804622,30,0,0,5000000.0,40.0,60,0.0,False,nan,incomplete_transfer,718.0649119537848,
processing_2x,A5_CONTACT_AWARE,3,033d43f5bc62296a7cd0a20c65809a0584574b07c48c5e293a8bbb3f74e38bab,158611.93508804622,30,0,0,5000000.0,40.0,60,0.0,False,nan,incomplete_transfer,718.0649119537848,
processing_2x,A6_THREAD_AWARE_PRIORITY,3,033d43f5bc62296a7cd0a20c65809a0584574b07c48c5e293a8bbb3f74e38bab,158611.93508804622,30,0,0,5000000.0,40.0,60,0.0,True,838.0976799537848,timely_sufficient,718.0649119537848,
processing_2x,A0_GROUND_ONLY,4,7547a57927740dec4f6195505c186e899b3ec4e944c0f60cc81cef6d3071cf75,132436.21328815687,30,0,0,5000000.0,40.0,60,0.0,False,nan,incomplete_transfer,643.7867118431313,
processing_2x,A1_COMPRESSED_FULL,4,7547a57927740dec4f6195505c186e899b3ec4e944c0f60cc81cef6d3071cf75,132436.21328815687,30,0,0,5000000.0,40.0,60,0.0,False,nan,incomplete_transfer,643.7867118431313,
processing_2x,A2_QUICKLOOK_FIRST,4,7547a57927740dec4f6195505c186e899b3ec4e944c0f60cc81cef6d3071cf75,132436.21328815687,30,0,0,5000000.0,40.0,60,0.0,False,nan,incomplete_transfer,643.7867118431313,
processing_2x,A3_ROI_FIRST,4,7547a57927740dec4f6195505c186e899b3ec4e944c0f60cc81cef6d3071cf75,132436.21328815687,30,0,0,5000000.0,40.0,60,0.0,False,6073.786711843131,late_availability,643.7867118431313,
processing_2x,A4_PROGRESSIVE,4,7547a57927740dec4f6195505c186e899b3ec4e944c0f60cc81cef6d3071cf75,132436.21328815687,30,0,0,5000000.0,40.0,60,0.0,False,6106.658340643131,late_availability,643.7867118431313,
processing_2x,A5_CONTACT_AWARE,4,7547a57927740dec4f6195505c186e899b3ec4e944c0f60cc81cef6d3071cf75,132436.21328815687,30,0,0,5000000.0,40.0,60,0.0,False,nan,incomplete_transfer,643.7867118431313,
processing_2x,A6_THREAD_AWARE_PRIORITY,4,7547a57927740dec4f6195505c186e899b3ec4e944c0f60cc81cef6d3071cf75,132436.21328815687,30,0,0,5000000.0,40.0,60,0.0,False,6073.819479843131,late_availability,643.7867118431313,
processing_2x,A0_GROUND_ONLY,5,e0b6eff36a194b98624299cfeaf4bd76367851b3e08dd6764afc7342dacffec6,47831.79843658002,30,0,0,5000000.0,40.0,60,0.0,False,nan,incomplete_transfer,978.2015634199779,
processing_2x,A1_COMPRESSED_FULL,5,e0b6eff36a194b98624299cfeaf4bd76367851b3e08dd6764afc7342dacffec6,47831.79843658002,30,0,0,5000000.0,40.0,60,0.0,False,48448.20156341998,late_availability,978.2015634199779,48418.20156341998
processing_2x,A2_QUICKLOOK_FIRST,5,e0b6eff36a194b98624299cfeaf4bd76367851b3e08dd6764afc7342dacffec6,47831.79843658002,30,0,0,5000000.0,40.0,60,0.0,False,nan,incomplete_transfer,978.2015634199779,
processing_2x,A3_ROI_FIRST,5,e0b6eff36a194b98624299cfeaf4bd76367851b3e08dd6764afc7342dacffec6,47831.79843658002,30,0,0,5000000.0,40.0,60,0.0,False,1098.201563419978,late_availability,978.2015634199779,
processing_2x,A4_PROGRESSIVE,5,e0b6eff36a194b98624299cfeaf4bd76367851b3e08dd6764afc7342dacffec6,47831.79843658002,30,0,0,5000000.0,40.0,60,0.0,False,6561.0731922199775,late_availability,978.2015634199779,
processing_2x,A5_CONTACT_AWARE,5,e0b6eff36a194b98624299cfeaf4bd76367851b3e08dd6764afc7342dacffec6,47831.79843658002,30,0,0,5000000.0,40.0,60,0.0,False,nan,incomplete_transfer,978.2015634199779,
processing_2x,A6_THREAD_AWARE_PRIORITY,5,e0b6eff36a194b98624299cfeaf4bd76367851b3e08dd6764afc7342dacffec6,47831.79843658002,30,0,0,5000000.0,40.0,60,0.0,False,1098.234331419978,late_availability,978.2015634199779,
processing_2x,A0_GROUND_ONLY,6,fda9337482dc19d6aa0274ae04040c4163a736a677a7d029096f076ac8e218ee,162058.85659696194,30,0,0,5000000.0,40.0,60,0.0,False,nan,incomplete_transfer,961.1434030380624,
processing_2x,A1_COMPRESSED_FULL,6,fda9337482dc19d6aa0274ae04040c4163a736a677a7d029096f076ac8e218ee,162058.85659696194,30,0,0,5000000.0,40.0,60,0.0,False,nan,incomplete_transfer,961.1434030380624,
processing_2x,A2_QUICKLOOK_FIRST,6,fda9337482dc19d6aa0274ae04040c4163a736a677a7d029096f076ac8e218ee,162058.85659696194,30,0,0,5000000.0,40.0,60,0.0,False,nan,incomplete_transfer,961.1434030380624,
processing_2x,A3_ROI_FIRST,6,fda9337482dc19d6aa0274ae04040c4163a736a677a7d029096f076ac8e218ee,162058.85659696194,30,0,0,5000000.0,40.0,60,0.0,False,6411.143403038062,late_availability,961.1434030380624,
processing_2x,A4_PROGRESSIVE,6,fda9337482dc19d6aa0274ae04040c4163a736a677a7d029096f076ac8e218ee,162058.85659696194,30,0,0,5000000.0,40.0,60,0.0,False,6444.015031838062,late_availability,961.1434030380624,
processing_2x,A5_CONTACT_AWARE,6,fda9337482dc19d6aa0274ae04040c4163a736a677a7d029096f076ac8e218ee,162058.85659696194,30,0,0,5000000.0,40.0,60,0.0,False,nan,incomplete_transfer,961.1434030380624,
processing_2x,A6_THREAD_AWARE_PRIORITY,6,fda9337482dc19d6aa0274ae04040c4163a736a677a7d029096f076ac8e218ee,162058.85659696194,30,0,0,5000000.0,40.0,60,0.0,False,6411.176171038062,late_availability,961.1434030380624,
processing_2x,A0_GROUND_ONLY,7,1c872d30a5df33b5e5b37b5d07a13481b0fc243e9f87a5ca529540fe05a0a1b5,89694.63240020716,30,0,0,5000000.0,40.0,60,0.0,False,nan,incomplete_transfer,305.3675997928367,
processing_2x,A1_COMPRESSED_FULL,7,1c872d30a5df33b5e5b37b5d07a13481b0fc243e9f87a5ca529540fe05a0a1b5,89694.63240020716,30,0,0,5000000.0,40.0,60,0.0,False,47595.36759979284,late_availability,305.3675997928367,47565.36759979284
processing_2x,A2_QUICKLOOK_FIRST,7,1c872d30a5df33b5e5b37b5d07a13481b0fc243e9f87a5ca529540fe05a0a1b5,89694.63240020716,30,0,0,5000000.0,40.0,60,0.0,False,nan,incomplete_transfer,305.3675997928367,
processing_2x,A3_ROI_FIRST,7,1c872d30a5df33b5e5b37b5d07a13481b0fc243e9f87a5ca529540fe05a0a1b5,89694.63240020716,30,0,0,5000000.0,40.0,60,0.0,False,5765.367599792837,late_availability,305.3675997928367,
processing_2x,A4_PROGRESSIVE,7,1c872d30a5df33b5e5b37b5d07a13481b0fc243e9f87a5ca529540fe05a0a1b5,89694.63240020716,30,0,0,5000000.0,40.0,60,0.0,False,5798.239228592836,late_availability,305.3675997928367,
processing_2x,A5_CONTACT_AWARE,7,1c872d30a5df33b5e5b37b5d07a13481b0fc243e9f87a5ca529540fe05a0a1b5,89694.63240020716,30,0,0,5000000.0,40.0,60,0.0,False,nan,incomplete_transfer,305.3675997928367,
processing_2x,A6_THREAD_AWARE_PRIORITY,7,1c872d30a5df33b5e5b37b5d07a13481b0fc243e9f87a5ca529540fe05a0a1b5,89694.63240020716,30,0,0,5000000.0,40.0,60,0.0,False,5765.400367792837,late_availability,305.3675997928367,
processing_2x,A0_GROUND_ONLY,8,ca2787bcd7d733cd06bb406537315d8e17c205980b0319e168ddf43ad406d672,144902.43529740698,30,0,0,5000000.0,40.0,60,0.0,False,nan,incomplete_transfer,1287.564702593023,
processing_2x,A1_COMPRESSED_FULL,8,ca2787bcd7d733cd06bb406537315d8e17c205980b0319e168ddf43ad406d672,144902.43529740698,30,0,0,5000000.0,40.0,60,0.0,False,nan,incomplete_transfer,1287.564702593023,
processing_2x,A2_QUICKLOOK_FIRST,8,ca2787bcd7d733cd06bb406537315d8e17c205980b0319e168ddf43ad406d672,144902.43529740698,30,0,0,5000000.0,40.0,60,0.0,False,nan,incomplete_transfer,1287.564702593023,
processing_2x,A3_ROI_FIRST,8,ca2787bcd7d733cd06bb406537315d8e17c205980b0319e168ddf43ad406d672,144902.43529740698,30,0,0,5000000.0,40.0,60,0.0,False,1407.564702593023,late_availability,1287.564702593023,
processing_2x,A4_PROGRESSIVE,8,ca2787bcd7d733cd06bb406537315d8e17c205980b0319e168ddf43ad406d672,144902.43529740698,30,0,0,5000000.0,40.0,60,0.0,False,6900.436331393023,late_availability,1287.564702593023,
processing_2x,A5_CONTACT_AWARE,8,ca2787bcd7d733cd06bb406537315d8e17c205980b0319e168ddf43ad406d672,144902.43529740698,30,0,0,5000000.0,40.0,60,0.0,False,nan,incomplete_transfer,1287.564702593023,
processing_2x,A6_THREAD_AWARE_PRIORITY,8,ca2787bcd7d733cd06bb406537315d8e17c205980b0319e168ddf43ad406d672,144902.43529740698,30,0,0,5000000.0,40.0,60,0.0,False,1407.597470593023,late_availability,1287.564702593023,
processing_2x,A0_GROUND_ONLY,9,2e2af436f2a450b67f88e0f0830126c4b480280aff18c3146f01b4428476b0df,87958.18700346815,30,0,0,5000000.0,40.0,60,0.0,False,nan,incomplete_transfer,151.81299653185124,
processing_2x,A1_COMPRESSED_FULL,9,2e2af436f2a450b67f88e0f0830126c4b480280aff18c3146f01b4428476b0df,87958.18700346815,30,0,0,5000000.0,40.0,60,0.0,False,47551.81299653185,late_availability,151.81299653185124,47521.81299653185
processing_2x,A2_QUICKLOOK_FIRST,9,2e2af436f2a450b67f88e0f0830126c4b480280aff18c3146f01b4428476b0df,87958.18700346815,30,0,0,5000000.0,40.0,60,0.0,False,nan,incomplete_transfer,151.81299653185124,
processing_2x,A3_ROI_FIRST,9,2e2af436f2a450b67f88e0f0830126c4b480280aff18c3146f01b4428476b0df,87958.18700346815,30,0,0,5000000.0,40.0,60,0.0,False,5631.812996531851,late_availability,151.81299653185124,
processing_2x,A4_PROGRESSIVE,9,2e2af436f2a450b67f88e0f0830126c4b480280aff18c3146f01b4428476b0df,87958.18700346815,30,0,0,5000000.0,40.0,60,0.0,False,5664.684625331851,late_availability,151.81299653185124,
processing_2x,A5_CONTACT_AWARE,9,2e2af436f2a450b67f88e0f0830126c4b480280aff18c3146f01b4428476b0df,87958.18700346815,30,0,0,5000000.0,40.0,60,0.0,False,nan,incomplete_transfer,151.81299653185124,
processing_2x,A6_THREAD_AWARE_PRIORITY,9,2e2af436f2a450b67f88e0f0830126c4b480280aff18c3146f01b4428476b0df,87958.18700346815,30,0,0,5000000.0,40.0,60,0.0,False,5631.845764531851,late_availability,151.81299653185124,
processing_2x,A0_GROUND_ONLY,10,398d19042146f9466ae1827a1693cdcc8d3527f7f95dc8f61340c4f32d1e9a35,136841.14223680316,30,0,0,5000000.0,40.0,60,0.0,False,nan,incomplete_transfer,498.85776319683646,
processing_2x,A1_COMPRESSED_FULL,10,398d19042146f9466ae1827a1693cdcc8d3527f7f95dc8f61340c4f32d1e9a35,136841.14223680316,30,0,0,5000000.0,40.0,60,0.0,False,6358.8577631968365,late_availability,498.85776319683646,6328.8577631968365
processing_2x,A2_QUICKLOOK_FIRST,10,398d19042146f9466ae1827a1693cdcc8d3527f7f95dc8f61340c4f32d1e9a35,136841.14223680316,30,0,0,5000000.0,40.0,60,0.0,False,nan,incomplete_transfer,498.85776319683646,
processing_2x,A3_ROI_FIRST,10,398d19042146f9466ae1827a1693cdcc8d3527f7f95dc8f61340c4f32d1e9a35,136841.14223680316,30,0,0,5000000.0,40.0,60,0.0,True,618.8577631968365,timely_sufficient,498.85776319683646,
processing_2x,A4_PROGRESSIVE,10,398d19042146f9466ae1827a1693cdcc8d3527f7f95dc8f61340c4f32d1e9a35,136841.14223680316,30,0,0,5000000.0,40.0,60,0.0,True,651.7293919968365,timely_sufficient,498.85776319683646,
processing_2x,A5_CONTACT_AWARE,10,398d19042146f9466ae1827a1693cdcc8d3527f7f95dc8f61340c4f32d1e9a35,136841.14223680316,30,0,0,5000000.0,40.0,60,0.0,False,nan,incomplete_transfer,498.85776319683646,
processing_2x,A6_THREAD_AWARE_PRIORITY,10,398d19042146f9466ae1827a1693cdcc8d3527f7f95dc8f61340c4f32d1e9a35,136841.14223680316,30,0,0,5000000.0,40.0,60,0.0,True,618.8905311968365,timely_sufficient,498.85776319683646,
processing_2x,A0_GROUND_ONLY,11,5e71b36653c8a13bddf15fbb78aa2996d481721ff32a889fe7d160bba9b3273f,10757.589420950173,30,0,0,5000000.0,40.0,60,0.0,False,139882.4105790498,late_availability,582.410579049827,139852.4105790498
processing_2x,A1_COMPRESSED_FULL,11,5e71b36653c8a13bddf15fbb78aa2996d481721ff32a889fe7d160bba9b3273f,10757.589420950173,30,0,0,5000000.0,40.0,60,0.0,False,53532.41057904983,late_availability,582.410579049827,53502.41057904983
processing_2x,A2_QUICKLOOK_FIRST,11,5e71b36653c8a13bddf15fbb78aa2996d481721ff32a889fe7d160bba9b3273f,10757.589420950173,30,0,0,5000000.0,40.0,60,0.0,False,139914.4105790498,late_availability,582.410579049827,139884.4105790498
processing_2x,A3_ROI_FIRST,11,5e71b36653c8a13bddf15fbb78aa2996d481721ff32a889fe7d160bba9b3273f,10757.589420950173,30,0,0,5000000.0,40.0,60,0.0,False,6032.410579049827,late_availability,582.410579049827,139932.4105790498
processing_2x,A4_PROGRESSIVE,11,5e71b36653c8a13bddf15fbb78aa2996d481721ff32a889fe7d160bba9b3273f,10757.589420950173,30,0,0,5000000.0,40.0,60,0.0,False,6065.282207849827,late_availability,582.410579049827,139965.2822078498
processing_2x,A5_CONTACT_AWARE,11,5e71b36653c8a13bddf15fbb78aa2996d481721ff32a889fe7d160bba9b3273f,10757.589420950173,30,0,0,5000000.0,40.0,60,0.0,False,139882.4105790498,late_availability,582.410579049827,139852.4105790498
processing_2x,A6_THREAD_AWARE_PRIORITY,11,5e71b36653c8a13bddf15fbb78aa2996d481721ff32a889fe7d160bba9b3273f,10757.589420950173,30,0,0,5000000.0,40.0,60,0.0,False,6032.443347049827,late_availability,582.410579049827,139965.2822078498
processing_2x,A0_GROUND_ONLY,12,a203a9c8d5fac8926b60ddeecc09594befa7100e1508aec081732e10d387694d,88736.79289767242,30,0,0,5000000.0,40.0,60,0.0,False,nan,incomplete_transfer,1263.2071023275785,
processing_2x,A1_COMPRESSED_FULL,12,a203a9c8d5fac8926b60ddeecc09594befa7100e1508aec081732e10d387694d,88736.79289767242,30,0,0,5000000.0,40.0,60,0.0,False,48553.20710232758,late_availability,1263.2071023275785,48523.20710232758
processing_2x,A2_QUICKLOOK_FIRST,12,a203a9c8d5fac8926b60ddeecc09594befa7100e1508aec081732e10d387694d,88736.79289767242,30,0,0,5000000.0,40.0,60,0.0,False,nan,incomplete_transfer,1263.2071023275785,
processing_2x,A3_ROI_FIRST,12,a203a9c8d5fac8926b60ddeecc09594befa7100e1508aec081732e10d387694d,88736.79289767242,30,0,0,5000000.0,40.0,60,0.0,False,6723.2071023275785,late_availability,1263.2071023275785,
processing_2x,A4_PROGRESSIVE,12,a203a9c8d5fac8926b60ddeecc09594befa7100e1508aec081732e10d387694d,88736.79289767242,30,0,0,5000000.0,40.0,60,0.0,False,6756.078731127578,late_availability,1263.2071023275785,
processing_2x,A5_CONTACT_AWARE,12,a203a9c8d5fac8926b60ddeecc09594befa7100e1508aec081732e10d387694d,88736.79289767242,30,0,0,5000000.0,40.0,60,0.0,False,nan,incomplete_transfer,1263.2071023275785,
processing_2x,A6_THREAD_AWARE_PRIORITY,12,a203a9c8d5fac8926b60ddeecc09594befa7100e1508aec081732e10d387694d,88736.79289767242,30,0,0,5000000.0,40.0,60,0.0,False,6723.2398703275785,late_availability,1263.2071023275785,
processing_2x,A0_GROUND_ONLY,13,3f7f4f9948daaaa103214bb86008ff571d7010899e1d643f59ebcf8bb7d8d689,2223.421192988508,30,0,0,5000000.0,40.0,60,0.0,False,86736.5788070115,late_availability,326.5788070114918,86706.5788070115
processing_2x,A1_COMPRESSED_FULL,13,3f7f4f9948daaaa103214bb86008ff571d7010899e1d643f59ebcf8bb7d8d689,2223.421192988508,30,0,0,5000000.0,40.0,60,0.0,False,33576.578807011494,late_availability,326.5788070114918,33546.578807011494
processing_2x,A2_QUICKLOOK_FIRST,13,3f7f4f9948daaaa103214bb86008ff571d7010899e1d643f59ebcf8bb7d8d689,2223.421192988508,30,0,0,5000000.0,40.0,60,0.0,False,119472.5788070115,late_availability,326.5788070114918,119442.5788070115
processing_2x,A3_ROI_FIRST,13,3f7f4f9948daaaa103214bb86008ff571d7010899e1d643f59ebcf8bb7d8d689,2223.421192988508,30,0,0,5000000.0,40.0,60,0.0,True,446.5788070114918,timely_sufficient,326.5788070114918,119526.5788070115
processing_2x,A4_PROGRESSIVE,13,3f7f4f9948daaaa103214bb86008ff571d7010899e1d643f59ebcf8bb7d8d689,2223.421192988508,30,0,0,5000000.0,40.0,60,0.0,True,479.4504358114918,timely_sufficient,326.5788070114918,119559.4504358115
processing_2x,A5_CONTACT_AWARE,13,3f7f4f9948daaaa103214bb86008ff571d7010899e1d643f59ebcf8bb7d8d689,2223.421192988508,30,0,0,5000000.0,40.0,60,0.0,False,86736.5788070115,late_availability,326.5788070114918,86706.5788070115
processing_2x,A6_THREAD_AWARE_PRIORITY,13,3f7f4f9948daaaa103214bb86008ff571d7010899e1d643f59ebcf8bb7d8d689,2223.421192988508,30,0,0,5000000.0,40.0,60,0.0,True,446.6115750114918,timely_sufficient,326.5788070114918,119559.4504358115
processing_2x,A0_GROUND_ONLY,14,f3926b545e21f84bea6c9ecea65c8a2645a32f0f5819b1a414c68f18307ebb81,41795.95486579752,30,0,0,5000000.0,40.0,60,0.0,False,98884.04513420249,late_availability,1374.0451342024826,98854.04513420249
processing_2x,A1_COMPRESSED_FULL,14,f3926b545e21f84bea6c9ecea65c8a2645a32f0f5819b1a414c68f18307ebb81,41795.95486579752,30,0,0,5000000.0,40.0,60,0.0,False,12684.045134202483,late_availability,1374.0451342024826,12654.045134202483
processing_2x,A2_QUICKLOOK_FIRST,14,f3926b545e21f84bea6c9ecea65c8a2645a32f0f5819b1a414c68f18307ebb81,41795.95486579752,30,0,0,5000000.0,40.0,60,0.0,False,98916.04513420249,late_availability,1374.0451342024826,98886.04513420249
processing_2x,A3_ROI_FIRST,14,f3926b545e21f84bea6c9ecea65c8a2645a32f0f5819b1a414c68f18307ebb81,41795.95486579752,30,0,0,5000000.0,40.0,60,0.0,False,6824.045134202483,late_availability,1374.0451342024826,
processing_2x,A4_PROGRESSIVE,14,f3926b545e21f84bea6c9ecea65c8a2645a32f0f5819b1a414c68f18307ebb81,41795.95486579752,30,0,0,5000000.0,40.0,60,0.0,False,6856.916763002482,late_availability,1374.0451342024826,
processing_2x,A5_CONTACT_AWARE,14,f3926b545e21f84bea6c9ecea65c8a2645a32f0f5819b1a414c68f18307ebb81,41795.95486579752,30,0,0,5000000.0,40.0,60,0.0,False,98884.04513420249,late_availability,1374.0451342024826,98854.04513420249
processing_2x,A6_THREAD_AWARE_PRIORITY,14,f3926b545e21f84bea6c9ecea65c8a2645a32f0f5819b1a414c68f18307ebb81,41795.95486579752,30,0,0,5000000.0,40.0,60,0.0,False,6824.077902202483,late_availability,1374.0451342024826,
processing_2x,A0_GROUND_ONLY,15,f7d314bc7118e70e0527bb72132d140d6af4305dcc1248cc940e82b8baeb39c4,161247.47134785925,30,0,0,5000000.0,40.0,60,0.0,False,nan,incomplete_transfer,482.5286521407543,
processing_2x,A1_COMPRESSED_FULL,15,f7d314bc7118e70e0527bb72132d140d6af4305dcc1248cc940e82b8baeb39c4,161247.47134785925,30,0,0,5000000.0,40.0,60,0.0,False,nan,incomplete_transfer,482.5286521407543,
processing_2x,A2_QUICKLOOK_FIRST,15,f7d314bc7118e70e0527bb72132d140d6af4305dcc1248cc940e82b8baeb39c4,161247.47134785925,30,0,0,5000000.0,40.0,60,0.0,False,nan,incomplete_transfer,482.5286521407543,
processing_2x,A3_ROI_FIRST,15,f7d314bc7118e70e0527bb72132d140d6af4305dcc1248cc940e82b8baeb39c4,161247.47134785925,30,0,0,5000000.0,40.0,60,0.0,True,602.5286521407543,timely_sufficient,482.5286521407543,
processing_2x,A4_PROGRESSIVE,15,f7d314bc7118e70e0527bb72132d140d6af4305dcc1248cc940e82b8baeb39c4,161247.47134785925,30,0,0,5000000.0,40.0,60,0.0,True,635.4002809407543,timely_sufficient,482.5286521407543,
processing_2x,A5_CONTACT_AWARE,15,f7d314bc7118e70e0527bb72132d140d6af4305dcc1248cc940e82b8baeb39c4,161247.47134785925,30,0,0,5000000.0,40.0,60,0.0,False,nan,incomplete_transfer,482.5286521407543,
processing_2x,A6_THREAD_AWARE_PRIORITY,15,f7d314bc7118e70e0527bb72132d140d6af4305dcc1248cc940e82b8baeb39c4,161247.47134785925,30,0,0,5000000.0,40.0,60,0.0,True,602.5614201407543,timely_sufficient,482.5286521407543,
processing_2x,A0_GROUND_ONLY,16,ee99b89909f6a5e8ca3bac0920ca70e5cdd867266f9d3942f86132854bf4956d,78181.82051197265,30,0,0,5000000.0,40.0,60,0.0,False,92318.17948802735,late_availability,568.1794880273519,92288.17948802735
processing_2x,A1_COMPRESSED_FULL,16,ee99b89909f6a5e8ca3bac0920ca70e5cdd867266f9d3942f86132854bf4956d,78181.82051197265,30,0,0,5000000.0,40.0,60,0.0,False,47888.17948802735,late_availability,568.1794880273519,47858.17948802735
processing_2x,A2_QUICKLOOK_FIRST,16,ee99b89909f6a5e8ca3bac0920ca70e5cdd867266f9d3942f86132854bf4956d,78181.82051197265,30,0,0,5000000.0,40.0,60,0.0,False,92354.17948802735,late_availability,568.1794880273519,92324.17948802735
processing_2x,A3_ROI_FIRST,16,ee99b89909f6a5e8ca3bac0920ca70e5cdd867266f9d3942f86132854bf4956d,78181.82051197265,30,0,0,5000000.0,40.0,60,0.0,False,6028.179488027352,late_availability,568.1794880273519,92408.17948802735
processing_2x,A4_PROGRESSIVE,16,ee99b89909f6a5e8ca3bac0920ca70e5cdd867266f9d3942f86132854bf4956d,78181.82051197265,30,0,0,5000000.0,40.0,60,0.0,False,6061.0511168273515,late_availability,568.1794880273519,92441.05111682735
processing_2x,A5_CONTACT_AWARE,16,ee99b89909f6a5e8ca3bac0920ca70e5cdd867266f9d3942f86132854bf4956d,78181.82051197265,30,0,0,5000000.0,40.0,60,0.0,False,92318.17948802735,late_availability,568.1794880273519,92288.17948802735
processing_2x,A6_THREAD_AWARE_PRIORITY,16,ee99b89909f6a5e8ca3bac0920ca70e5cdd867266f9d3942f86132854bf4956d,78181.82051197265,30,0,0,5000000.0,40.0,60,0.0,False,6028.212256027352,late_availability,568.1794880273519,92441.05111682735
processing_2x,A0_GROUND_ONLY,17,62022495ba0a5237dc02b1367b8baddc0a3ce2bf8119e076aaeb9e950f5b1b68,135271.13657556393,30,0,0,5000000.0,40.0,60,0.0,False,nan,incomplete_transfer,178.86342443607282,
processing_2x,A1_COMPRESSED_FULL,17,62022495ba0a5237dc02b1367b8baddc0a3ce2bf8119e076aaeb9e950f5b1b68,135271.13657556393,30,0,0,5000000.0,40.0,60,0.0,False,6098.863424436073,late_availability,178.86342443607282,6068.863424436073
processing_2x,A2_QUICKLOOK_FIRST,17,62022495ba0a5237dc02b1367b8baddc0a3ce2bf8119e076aaeb9e950f5b1b68,135271.13657556393,30,0,0,5000000.0,40.0,60,0.0,False,nan,incomplete_transfer,178.86342443607282,
processing_2x,A3_ROI_FIRST,17,62022495ba0a5237dc02b1367b8baddc0a3ce2bf8119e076aaeb9e950f5b1b68,135271.13657556393,30,0,0,5000000.0,40.0,60,0.0,True,298.8634244360728,timely_sufficient,178.86342443607282,
processing_2x,A4_PROGRESSIVE,17,62022495ba0a5237dc02b1367b8baddc0a3ce2bf8119e076aaeb9e950f5b1b68,135271.13657556393,30,0,0,5000000.0,40.0,60,0.0,True,331.7350532360728,timely_sufficient,178.86342443607282,
processing_2x,A5_CONTACT_AWARE,17,62022495ba0a5237dc02b1367b8baddc0a3ce2bf8119e076aaeb9e950f5b1b68,135271.13657556393,30,0,0,5000000.0,40.0,60,0.0,False,nan,incomplete_transfer,178.86342443607282,
processing_2x,A6_THREAD_AWARE_PRIORITY,17,62022495ba0a5237dc02b1367b8baddc0a3ce2bf8119e076aaeb9e950f5b1b68,135271.13657556393,30,0,0,5000000.0,40.0,60,0.0,True,298.89619243607285,timely_sufficient,178.86342443607282,
processing_2x,A0_GROUND_ONLY,18,9893c2ea9017e5ee5f0371b50485b4b9a7f99e82205cf1f8a49c5ca3a947b20c,165135.03257907528,30,0,0,5000000.0,40.0,60,0.0,False,nan,incomplete_transfer,344.96742092471686,
processing_2x,A1_COMPRESSED_FULL,18,9893c2ea9017e5ee5f0371b50485b4b9a7f99e82205cf1f8a49c5ca3a947b20c,165135.03257907528,30,0,0,5000000.0,40.0,60,0.0,False,nan,incomplete_transfer,344.96742092471686,
processing_2x,A2_QUICKLOOK_FIRST,18,9893c2ea9017e5ee5f0371b50485b4b9a7f99e82205cf1f8a49c5ca3a947b20c,165135.03257907528,30,0,0,5000000.0,40.0,60,0.0,False,nan,incomplete_transfer,344.96742092471686,
processing_2x,A3_ROI_FIRST,18,9893c2ea9017e5ee5f0371b50485b4b9a7f99e82205cf1f8a49c5ca3a947b20c,165135.03257907528,30,0,0,5000000.0,40.0,60,0.0,True,464.96742092471686,timely_sufficient,344.96742092471686,
processing_2x,A4_PROGRESSIVE,18,9893c2ea9017e5ee5f0371b50485b4b9a7f99e82205cf1f8a49c5ca3a947b20c,165135.03257907528,30,0,0,5000000.0,40.0,60,0.0,True,497.83904972471686,timely_sufficient,344.96742092471686,
processing_2x,A5_CONTACT_AWARE,18,9893c2ea9017e5ee5f0371b50485b4b9a7f99e82205cf1f8a49c5ca3a947b20c,165135.03257907528,30,0,0,5000000.0,40.0,60,0.0,False,nan,incomplete_transfer,344.96742092471686,
processing_2x,A6_THREAD_AWARE_PRIORITY,18,9893c2ea9017e5ee5f0371b50485b4b9a7f99e82205cf1f8a49c5ca3a947b20c,165135.03257907528,30,0,0,5000000.0,40.0,60,0.0,True,465.0001889247169,timely_sufficient,344.96742092471686,
processing_2x,A0_GROUND_ONLY,19,cb92a9e50b241b0ba93c648d1c7734eb4a247f3e8ac31f62122a058b6487e939,130327.40996119597,30,0,0,5000000.0,40.0,60,0.0,False,nan,incomplete_transfer,862.5900388040318,
processing_2x,A1_COMPRESSED_FULL,19,cb92a9e50b241b0ba93c648d1c7734eb4a247f3e8ac31f62122a058b6487e939,130327.40996119597,30,0,0,5000000.0,40.0,60,0.0,False,nan,incomplete_transfer,862.5900388040318,
processing_2x,A2_QUICKLOOK_FIRST,19,cb92a9e50b241b0ba93c648d1c7734eb4a247f3e8ac31f62122a058b6487e939,130327.40996119597,30,0,0,5000000.0,40.0,60,0.0,False,nan,incomplete_transfer,862.5900388040318,
processing_2x,A3_ROI_FIRST,19,cb92a9e50b241b0ba93c648d1c7734eb4a247f3e8ac31f62122a058b6487e939,130327.40996119597,30,0,0,5000000.0,40.0,60,0.0,False,6312.590038804032,late_availability,862.5900388040318,
processing_2x,A4_PROGRESSIVE,19,cb92a9e50b241b0ba93c648d1c7734eb4a247f3e8ac31f62122a058b6487e939,130327.40996119597,30,0,0,5000000.0,40.0,60,0.0,False,6345.461667604031,late_availability,862.5900388040318,
processing_2x,A5_CONTACT_AWARE,19,cb92a9e50b241b0ba93c648d1c7734eb4a247f3e8ac31f62122a058b6487e939,130327.40996119597,30,0,0,5000000.0,40.0,60,0.0,False,nan,incomplete_transfer,862.5900388040318,
processing_2x,A6_THREAD_AWARE_PRIORITY,19,cb92a9e50b241b0ba93c648d1c7734eb4a247f3e8ac31f62122a058b6487e939,130327.40996119597,30,0,0,5000000.0,40.0,60,0.0,False,6312.622806804032,late_availability,862.5900388040318,
processing_2x,A0_GROUND_ONLY,20,ea68eae2d5eef2a49e9386e2da3d80e17aa0c9dd01a8f21459dc0e1bb3577285,79271.02272901162,30,0,0,5000000.0,40.0,60,0.0,False,nan,incomplete_transfer,1368.9772709883837,
processing_2x,A1_COMPRESSED_FULL,20,ea68eae2d5eef2a49e9386e2da3d80e17aa0c9dd01a8f21459dc0e1bb3577285,79271.02272901162,30,0,0,5000000.0,40.0,60,0.0,False,48748.977270988384,late_availability,1368.9772709883837,48718.977270988384
processing_2x,A2_QUICKLOOK_FIRST,20,ea68eae2d5eef2a49e9386e2da3d80e17aa0c9dd01a8f21459dc0e1bb3577285,79271.02272901162,30,0,0,5000000.0,40.0,60,0.0,False,nan,incomplete_transfer,1368.9772709883837,
processing_2x,A3_ROI_FIRST,20,ea68eae2d5eef2a49e9386e2da3d80e17aa0c9dd01a8f21459dc0e1bb3577285,79271.02272901162,30,0,0,5000000.0,40.0,60,0.0,False,1488.9772709883837,late_availability,1368.9772709883837,
processing_2x,A4_PROGRESSIVE,20,ea68eae2d5eef2a49e9386e2da3d80e17aa0c9dd01a8f21459dc0e1bb3577285,79271.02272901162,30,0,0,5000000.0,40.0,60,0.0,False,6891.848899788383,late_availability,1368.9772709883837,
processing_2x,A5_CONTACT_AWARE,20,ea68eae2d5eef2a49e9386e2da3d80e17aa0c9dd01a8f21459dc0e1bb3577285,79271.02272901162,30,0,0,5000000.0,40.0,60,0.0,False,nan,incomplete_transfer,1368.9772709883837,
processing_2x,A6_THREAD_AWARE_PRIORITY,20,ea68eae2d5eef2a49e9386e2da3d80e17aa0c9dd01a8f21459dc0e1bb3577285,79271.02272901162,30,0,0,5000000.0,40.0,60,0.0,False,1489.0100389883837,late_availability,1368.9772709883837,
processing_2x,A0_GROUND_ONLY,21,79b6be373ae23f9e67d0a8b93e626bdf10f163d9c1b6292cd31773b8b4291056,88104.08775749971,30,0,0,5000000.0,40.0,60,0.0,False,nan,incomplete_transfer,605.9122425002861,
processing_2x,A1_COMPRESSED_FULL,21,79b6be373ae23f9e67d0a8b93e626bdf10f163d9c1b6292cd31773b8b4291056,88104.08775749971,30,0,0,5000000.0,40.0,60,0.0,False,39165.912242500286,late_availability,605.9122425002861,39135.912242500286
processing_2x,A2_QUICKLOOK_FIRST,21,79b6be373ae23f9e67d0a8b93e626bdf10f163d9c1b6292cd31773b8b4291056,88104.08775749971,30,0,0,5000000.0,40.0,60,0.0,False,nan,incomplete_transfer,605.9122425002861,
processing_2x,A3_ROI_FIRST,21,79b6be373ae23f9e67d0a8b93e626bdf10f163d9c1b6292cd31773b8b4291056,88104.08775749971,30,0,0,5000000.0,40.0,60,0.0,True,725.9122425002861,timely_sufficient,605.9122425002861,
processing_2x,A4_PROGRESSIVE,21,79b6be373ae23f9e67d0a8b93e626bdf10f163d9c1b6292cd31773b8b4291056,88104.08775749971,30,0,0,5000000.0,40.0,60,0.0,True,758.7838713002861,timely_sufficient,605.9122425002861,
processing_2x,A5_CONTACT_AWARE,21,79b6be373ae23f9e67d0a8b93e626bdf10f163d9c1b6292cd31773b8b4291056,88104.08775749971,30,0,0,5000000.0,40.0,60,0.0,False,nan,incomplete_transfer,605.9122425002861,
processing_2x,A6_THREAD_AWARE_PRIORITY,21,79b6be373ae23f9e67d0a8b93e626bdf10f163d9c1b6292cd31773b8b4291056,88104.08775749971,30,0,0,5000000.0,40.0,60,0.0,True,725.9450105002861,timely_sufficient,605.9122425002861,
processing_2x,A0_GROUND_ONLY,22,d90a46d6de35483a0de4323e7135de3769cabfefc1f863d76df9a10ff72ef25f,125915.27799004433,30,0,0,5000000.0,40.0,60,0.0,False,nan,incomplete_transfer,204.72200995567255,
processing_2x,A1_COMPRESSED_FULL,22,d90a46d6de35483a0de4323e7135de3769cabfefc1f863d76df9a10ff72ef25f,125915.27799004433,30,0,0,5000000.0,40.0,60,0.0,False,6064.722009955673,late_availability,204.72200995567255,6034.722009955673
processing_2x,A2_QUICKLOOK_FIRST,22,d90a46d6de35483a0de4323e7135de3769cabfefc1f863d76df9a10ff72ef25f,125915.27799004433,30,0,0,5000000.0,40.0,60,0.0,False,nan,incomplete_transfer,204.72200995567255,
processing_2x,A3_ROI_FIRST,22,d90a46d6de35483a0de4323e7135de3769cabfefc1f863d76df9a10ff72ef25f,125915.27799004433,30,0,0,5000000.0,40.0,60,0.0,True,324.72200995567255,timely_sufficient,204.72200995567255,
processing_2x,A4_PROGRESSIVE,22,d90a46d6de35483a0de4323e7135de3769cabfefc1f863d76df9a10ff72ef25f,125915.27799004433,30,0,0,5000000.0,40.0,60,0.0,True,357.59363875567254,timely_sufficient,204.72200995567255,
processing_2x,A5_CONTACT_AWARE,22,d90a46d6de35483a0de4323e7135de3769cabfefc1f863d76df9a10ff72ef25f,125915.27799004433,30,0,0,5000000.0,40.0,60,0.0,False,nan,incomplete_transfer,204.72200995567255,
processing_2x,A6_THREAD_AWARE_PRIORITY,22,d90a46d6de35483a0de4323e7135de3769cabfefc1f863d76df9a10ff72ef25f,125915.27799004433,30,0,0,5000000.0,40.0,60,0.0,True,324.7547779556726,timely_sufficient,204.72200995567255,
processing_2x,A0_GROUND_ONLY,23,81bf8deb9db6f9f278f9f9f654b8741481674a4e6ea0de4dd5cbb220a71d481d,91925.60430622347,30,0,0,5000000.0,40.0,60,0.0,False,nan,incomplete_transfer,444.3956937765324,
processing_2x,A1_COMPRESSED_FULL,23,81bf8deb9db6f9f278f9f9f654b8741481674a4e6ea0de4dd5cbb220a71d481d,91925.60430622347,30,0,0,5000000.0,40.0,60,0.0,False,6364.395693776532,late_availability,444.3956937765324,6334.395693776532
processing_2x,A2_QUICKLOOK_FIRST,23,81bf8deb9db6f9f278f9f9f654b8741481674a4e6ea0de4dd5cbb220a71d481d,91925.60430622347,30,0,0,5000000.0,40.0,60,0.0,False,nan,incomplete_transfer,444.3956937765324,
processing_2x,A3_ROI_FIRST,23,81bf8deb9db6f9f278f9f9f654b8741481674a4e6ea0de4dd5cbb220a71d481d,91925.60430622347,30,0,0,5000000.0,40.0,60,0.0,True,564.3956937765324,timely_sufficient,444.3956937765324,
processing_2x,A4_PROGRESSIVE,23,81bf8deb9db6f9f278f9f9f654b8741481674a4e6ea0de4dd5cbb220a71d481d,91925.60430622347,30,0,0,5000000.0,40.0,60,0.0,True,597.2673225765325,timely_sufficient,444.3956937765324,
processing_2x,A5_CONTACT_AWARE,23,81bf8deb9db6f9f278f9f9f654b8741481674a4e6ea0de4dd5cbb220a71d481d,91925.60430622347,30,0,0,5000000.0,40.0,60,0.0,False,nan,incomplete_transfer,444.3956937765324,
processing_2x,A6_THREAD_AWARE_PRIORITY,23,81bf8deb9db6f9f278f9f9f654b8741481674a4e6ea0de4dd5cbb220a71d481d,91925.60430622347,30,0,0,5000000.0,40.0,60,0.0,True,564.4284617765325,timely_sufficient,444.3956937765324,
sampling_5s,A0_GROUND_ONLY,0,8c9eacd4fa302dc075b3b1db88f14de0d3a3aad237f4c21c5ba18518260940b8,71203.2493812608,5,0,0,5000000.0,20.0,60,0.0,False,nan,incomplete_transfer,96.75061873919913,
sampling_5s,A1_COMPRESSED_FULL,0,8c9eacd4fa302dc075b3b1db88f14de0d3a3aad237f4c21c5ba18518260940b8,71203.2493812608,5,0,0,5000000.0,20.0,60,0.0,False,47671.7506187392,late_availability,96.75061873919913,47641.7506187392
sampling_5s,A2_QUICKLOOK_FIRST,0,8c9eacd4fa302dc075b3b1db88f14de0d3a3aad237f4c21c5ba18518260940b8,71203.2493812608,5,0,0,5000000.0,20.0,60,0.0,False,nan,incomplete_transfer,96.75061873919913,
sampling_5s,A3_ROI_FIRST,0,8c9eacd4fa302dc075b3b1db88f14de0d3a3aad237f4c21c5ba18518260940b8,71203.2493812608,5,0,0,5000000.0,20.0,60,0.0,True,196.75061873919913,timely_sufficient,96.75061873919913,
sampling_5s,A4_PROGRESSIVE,0,8c9eacd4fa302dc075b3b1db88f14de0d3a3aad237f4c21c5ba18518260940b8,71203.2493812608,5,0,0,5000000.0,20.0,60,0.0,True,229.62224753919912,timely_sufficient,96.75061873919913,
sampling_5s,A5_CONTACT_AWARE,0,8c9eacd4fa302dc075b3b1db88f14de0d3a3aad237f4c21c5ba18518260940b8,71203.2493812608,5,0,0,5000000.0,20.0,60,0.0,False,nan,incomplete_transfer,96.75061873919913,
sampling_5s,A6_THREAD_AWARE_PRIORITY,0,8c9eacd4fa302dc075b3b1db88f14de0d3a3aad237f4c21c5ba18518260940b8,71203.2493812608,5,0,0,5000000.0,20.0,60,0.0,True,196.78338673919913,timely_sufficient,96.75061873919913,
sampling_5s,A0_GROUND_ONLY,1,df0880cdbed6e2993e8a59ac077a45afc31d021f05cfa168a800487e6db698fb,71424.58273047769,5,0,0,5000000.0,20.0,60,0.0,False,86715.41726952231,late_availability,370.41726952230965,86685.41726952231
sampling_5s,A1_COMPRESSED_FULL,1,df0880cdbed6e2993e8a59ac077a45afc31d021f05cfa168a800487e6db698fb,71424.58273047769,5,0,0,5000000.0,20.0,60,0.0,False,6200.41726952231,late_availability,370.41726952230965,6170.41726952231
sampling_5s,A2_QUICKLOOK_FIRST,1,df0880cdbed6e2993e8a59ac077a45afc31d021f05cfa168a800487e6db698fb,71424.58273047769,5,0,0,5000000.0,20.0,60,0.0,False,86749.41726952231,late_availability,370.41726952230965,86719.41726952231
sampling_5s,A3_ROI_FIRST,1,df0880cdbed6e2993e8a59ac077a45afc31d021f05cfa168a800487e6db698fb,71424.58273047769,5,0,0,5000000.0,20.0,60,0.0,True,470.41726952230965,timely_sufficient,370.41726952230965,92090.41726952231
sampling_5s,A4_PROGRESSIVE,1,df0880cdbed6e2993e8a59ac077a45afc31d021f05cfa168a800487e6db698fb,71424.58273047769,5,0,0,5000000.0,20.0,60,0.0,True,503.28889832230965,timely_sufficient,370.41726952230965,92123.28889832231
sampling_5s,A5_CONTACT_AWARE,1,df0880cdbed6e2993e8a59ac077a45afc31d021f05cfa168a800487e6db698fb,71424.58273047769,5,0,0,5000000.0,20.0,60,0.0,False,86715.41726952231,late_availability,370.41726952230965,86685.41726952231
sampling_5s,A6_THREAD_AWARE_PRIORITY,1,df0880cdbed6e2993e8a59ac077a45afc31d021f05cfa168a800487e6db698fb,71424.58273047769,5,0,0,5000000.0,20.0,60,0.0,True,470.4500375223097,timely_sufficient,370.41726952230965,92123.28889832231
sampling_5s,A0_GROUND_ONLY,2,c36e787b2793d0b91227d9ec8848522fb95b63f840f98e614fb9775a9ea54629,58205.71618563066,5,0,0,5000000.0,20.0,60,0.0,False,nan,incomplete_transfer,434.28381436933705,
sampling_5s,A1_COMPRESSED_FULL,2,c36e787b2793d0b91227d9ec8848522fb95b63f840f98e614fb9775a9ea54629,58205.71618563066,5,0,0,5000000.0,20.0,60,0.0,False,44674.28381436934,late_availability,434.28381436933705,44644.28381436934
sampling_5s,A2_QUICKLOOK_FIRST,2,c36e787b2793d0b91227d9ec8848522fb95b63f840f98e614fb9775a9ea54629,58205.71618563066,5,0,0,5000000.0,20.0,60,0.0,False,nan,incomplete_transfer,434.28381436933705,
sampling_5s,A3_ROI_FIRST,2,c36e787b2793d0b91227d9ec8848522fb95b63f840f98e614fb9775a9ea54629,58205.71618563066,5,0,0,5000000.0,20.0,60,0.0,False,6074.283814369337,late_availability,434.28381436933705,
sampling_5s,A4_PROGRESSIVE,2,c36e787b2793d0b91227d9ec8848522fb95b63f840f98e614fb9775a9ea54629,58205.71618563066,5,0,0,5000000.0,20.0,60,0.0,False,6107.155443169337,late_availability,434.28381436933705,
sampling_5s,A5_CONTACT_AWARE,2,c36e787b2793d0b91227d9ec8848522fb95b63f840f98e614fb9775a9ea54629,58205.71618563066,5,0,0,5000000.0,20.0,60,0.0,False,nan,incomplete_transfer,434.28381436933705,
sampling_5s,A6_THREAD_AWARE_PRIORITY,2,c36e787b2793d0b91227d9ec8848522fb95b63f840f98e614fb9775a9ea54629,58205.71618563066,5,0,0,5000000.0,20.0,60,0.0,False,6074.316582369337,late_availability,434.28381436933705,
sampling_5s,A0_GROUND_ONLY,3,a3b69999f74b3489dbba1f630b56aed286cd7d79e46e197e50e9d717266bf0de,158611.93508804622,5,0,0,5000000.0,20.0,60,0.0,False,nan,incomplete_transfer,733.0649119537848,
sampling_5s,A1_COMPRESSED_FULL,3,a3b69999f74b3489dbba1f630b56aed286cd7d79e46e197e50e9d717266bf0de,158611.93508804622,5,0,0,5000000.0,20.0,60,0.0,False,nan,incomplete_transfer,733.0649119537848,
sampling_5s,A2_QUICKLOOK_FIRST,3,a3b69999f74b3489dbba1f630b56aed286cd7d79e46e197e50e9d717266bf0de,158611.93508804622,5,0,0,5000000.0,20.0,60,0.0,False,nan,incomplete_transfer,733.0649119537848,
sampling_5s,A3_ROI_FIRST,3,a3b69999f74b3489dbba1f630b56aed286cd7d79e46e197e50e9d717266bf0de,158611.93508804622,5,0,0,5000000.0,20.0,60,0.0,True,833.0649119537848,timely_sufficient,733.0649119537848,
sampling_5s,A4_PROGRESSIVE,3,a3b69999f74b3489dbba1f630b56aed286cd7d79e46e197e50e9d717266bf0de,158611.93508804622,5,0,0,5000000.0,20.0,60,0.0,True,865.9365407537848,timely_sufficient,733.0649119537848,
sampling_5s,A5_CONTACT_AWARE,3,a3b69999f74b3489dbba1f630b56aed286cd7d79e46e197e50e9d717266bf0de,158611.93508804622,5,0,0,5000000.0,20.0,60,0.0,False,nan,incomplete_transfer,733.0649119537848,
sampling_5s,A6_THREAD_AWARE_PRIORITY,3,a3b69999f74b3489dbba1f630b56aed286cd7d79e46e197e50e9d717266bf0de,158611.93508804622,5,0,0,5000000.0,20.0,60,0.0,True,833.0976799537848,timely_sufficient,733.0649119537848,
sampling_5s,A0_GROUND_ONLY,4,ceb39348ed04b19b316767836bf6f83d2c77abd98a60a9a0706023b5d0897404,132436.21328815687,5,0,0,5000000.0,20.0,60,0.0,False,nan,incomplete_transfer,633.7867118431313,
sampling_5s,A1_COMPRESSED_FULL,4,ceb39348ed04b19b316767836bf6f83d2c77abd98a60a9a0706023b5d0897404,132436.21328815687,5,0,0,5000000.0,20.0,60,0.0,False,6463.786711843131,late_availability,633.7867118431313,6433.786711843131
sampling_5s,A2_QUICKLOOK_FIRST,4,ceb39348ed04b19b316767836bf6f83d2c77abd98a60a9a0706023b5d0897404,132436.21328815687,5,0,0,5000000.0,20.0,60,0.0,False,nan,incomplete_transfer,633.7867118431313,
sampling_5s,A3_ROI_FIRST,4,ceb39348ed04b19b316767836bf6f83d2c77abd98a60a9a0706023b5d0897404,132436.21328815687,5,0,0,5000000.0,20.0,60,0.0,True,733.7867118431313,timely_sufficient,633.7867118431313,
sampling_5s,A4_PROGRESSIVE,4,ceb39348ed04b19b316767836bf6f83d2c77abd98a60a9a0706023b5d0897404,132436.21328815687,5,0,0,5000000.0,20.0,60,0.0,False,6066.658340643131,late_availability,633.7867118431313,
sampling_5s,A5_CONTACT_AWARE,4,ceb39348ed04b19b316767836bf6f83d2c77abd98a60a9a0706023b5d0897404,132436.21328815687,5,0,0,5000000.0,20.0,60,0.0,False,nan,incomplete_transfer,633.7867118431313,
sampling_5s,A6_THREAD_AWARE_PRIORITY,4,ceb39348ed04b19b316767836bf6f83d2c77abd98a60a9a0706023b5d0897404,132436.21328815687,5,0,0,5000000.0,20.0,60,0.0,True,733.8194798431314,timely_sufficient,633.7867118431313,
sampling_5s,A0_GROUND_ONLY,5,b0e5377de10cdabd12ad8ed0ac265ef57a9cffd6b42d3b8e8b317d17feb53f90,47831.79843658002,5,0,0,5000000.0,20.0,60,0.0,False,nan,incomplete_transfer,983.2015634199779,
sampling_5s,A1_COMPRESSED_FULL,5,b0e5377de10cdabd12ad8ed0ac265ef57a9cffd6b42d3b8e8b317d17feb53f90,47831.79843658002,5,0,0,5000000.0,20.0,60,0.0,False,48378.20156341998,late_availability,983.2015634199779,48348.20156341998
sampling_5s,A2_QUICKLOOK_FIRST,5,b0e5377de10cdabd12ad8ed0ac265ef57a9cffd6b42d3b8e8b317d17feb53f90,47831.79843658002,5,0,0,5000000.0,20.0,60,0.0,False,nan,incomplete_transfer,983.2015634199779,
sampling_5s,A3_ROI_FIRST,5,b0e5377de10cdabd12ad8ed0ac265ef57a9cffd6b42d3b8e8b317d17feb53f90,47831.79843658002,5,0,0,5000000.0,20.0,60,0.0,False,1083.201563419978,late_availability,983.2015634199779,
sampling_5s,A4_PROGRESSIVE,5,b0e5377de10cdabd12ad8ed0ac265ef57a9cffd6b42d3b8e8b317d17feb53f90,47831.79843658002,5,0,0,5000000.0,20.0,60,0.0,False,1116.073192219978,late_availability,983.2015634199779,
sampling_5s,A5_CONTACT_AWARE,5,b0e5377de10cdabd12ad8ed0ac265ef57a9cffd6b42d3b8e8b317d17feb53f90,47831.79843658002,5,0,0,5000000.0,20.0,60,0.0,False,nan,incomplete_transfer,983.2015634199779,
sampling_5s,A6_THREAD_AWARE_PRIORITY,5,b0e5377de10cdabd12ad8ed0ac265ef57a9cffd6b42d3b8e8b317d17feb53f90,47831.79843658002,5,0,0,5000000.0,20.0,60,0.0,False,1083.234331419978,late_availability,983.2015634199779,
sampling_5s,A0_GROUND_ONLY,6,9d381e53a2dc10402981f5c09e595bbc2126e4111d6513ccc00d07e5c46b4cb0,162058.85659696194,5,0,0,5000000.0,20.0,60,0.0,False,nan,incomplete_transfer,961.1434030380624,
sampling_5s,A1_COMPRESSED_FULL,6,9d381e53a2dc10402981f5c09e595bbc2126e4111d6513ccc00d07e5c46b4cb0,162058.85659696194,5,0,0,5000000.0,20.0,60,0.0,False,nan,incomplete_transfer,961.1434030380624,
sampling_5s,A2_QUICKLOOK_FIRST,6,9d381e53a2dc10402981f5c09e595bbc2126e4111d6513ccc00d07e5c46b4cb0,162058.85659696194,5,0,0,5000000.0,20.0,60,0.0,False,nan,incomplete_transfer,961.1434030380624,
sampling_5s,A3_ROI_FIRST,6,9d381e53a2dc10402981f5c09e595bbc2126e4111d6513ccc00d07e5c46b4cb0,162058.85659696194,5,0,0,5000000.0,20.0,60,0.0,False,6406.143403038062,late_availability,961.1434030380624,
sampling_5s,A4_PROGRESSIVE,6,9d381e53a2dc10402981f5c09e595bbc2126e4111d6513ccc00d07e5c46b4cb0,162058.85659696194,5,0,0,5000000.0,20.0,60,0.0,False,6439.015031838062,late_availability,961.1434030380624,
sampling_5s,A5_CONTACT_AWARE,6,9d381e53a2dc10402981f5c09e595bbc2126e4111d6513ccc00d07e5c46b4cb0,162058.85659696194,5,0,0,5000000.0,20.0,60,0.0,False,nan,incomplete_transfer,961.1434030380624,
sampling_5s,A6_THREAD_AWARE_PRIORITY,6,9d381e53a2dc10402981f5c09e595bbc2126e4111d6513ccc00d07e5c46b4cb0,162058.85659696194,5,0,0,5000000.0,20.0,60,0.0,False,6406.176171038062,late_availability,961.1434030380624,
sampling_5s,A0_GROUND_ONLY,7,0e4dadcf84fa1f4dc79adb3dba2be69856c21e4ff2dfea1d745f0833d79ae86d,89694.63240020716,5,0,0,5000000.0,20.0,60,0.0,False,nan,incomplete_transfer,300.3675997928367,
sampling_5s,A1_COMPRESSED_FULL,7,0e4dadcf84fa1f4dc79adb3dba2be69856c21e4ff2dfea1d745f0833d79ae86d,89694.63240020716,5,0,0,5000000.0,20.0,60,0.0,False,6125.367599792837,late_availability,300.3675997928367,6095.367599792837
sampling_5s,A2_QUICKLOOK_FIRST,7,0e4dadcf84fa1f4dc79adb3dba2be69856c21e4ff2dfea1d745f0833d79ae86d,89694.63240020716,5,0,0,5000000.0,20.0,60,0.0,False,nan,incomplete_transfer,300.3675997928367,
sampling_5s,A3_ROI_FIRST,7,0e4dadcf84fa1f4dc79adb3dba2be69856c21e4ff2dfea1d745f0833d79ae86d,89694.63240020716,5,0,0,5000000.0,20.0,60,0.0,True,400.3675997928367,timely_sufficient,300.3675997928367,
sampling_5s,A4_PROGRESSIVE,7,0e4dadcf84fa1f4dc79adb3dba2be69856c21e4ff2dfea1d745f0833d79ae86d,89694.63240020716,5,0,0,5000000.0,20.0,60,0.0,False,5728.239228592836,late_availability,300.3675997928367,
sampling_5s,A5_CONTACT_AWARE,7,0e4dadcf84fa1f4dc79adb3dba2be69856c21e4ff2dfea1d745f0833d79ae86d,89694.63240020716,5,0,0,5000000.0,20.0,60,0.0,False,nan,incomplete_transfer,300.3675997928367,
sampling_5s,A6_THREAD_AWARE_PRIORITY,7,0e4dadcf84fa1f4dc79adb3dba2be69856c21e4ff2dfea1d745f0833d79ae86d,89694.63240020716,5,0,0,5000000.0,20.0,60,0.0,True,400.40036779283673,timely_sufficient,300.3675997928367,
sampling_5s,A0_GROUND_ONLY,8,2983109f61a42346d62a8f46a1bafcfb0bccb000727026d705fe4a32c50c888d,144902.43529740698,5,0,0,5000000.0,20.0,60,0.0,False,nan,incomplete_transfer,1297.564702593023,
sampling_5s,A1_COMPRESSED_FULL,8,2983109f61a42346d62a8f46a1bafcfb0bccb000727026d705fe4a32c50c888d,144902.43529740698,5,0,0,5000000.0,20.0,60,0.0,False,nan,incomplete_transfer,1297.564702593023,
sampling_5s,A2_QUICKLOOK_FIRST,8,2983109f61a42346d62a8f46a1bafcfb0bccb000727026d705fe4a32c50c888d,144902.43529740698,5,0,0,5000000.0,20.0,60,0.0,False,nan,incomplete_transfer,1297.564702593023,
sampling_5s,A3_ROI_FIRST,8,2983109f61a42346d62a8f46a1bafcfb0bccb000727026d705fe4a32c50c888d,144902.43529740698,5,0,0,5000000.0,20.0,60,0.0,False,1397.564702593023,late_availability,1297.564702593023,
sampling_5s,A4_PROGRESSIVE,8,2983109f61a42346d62a8f46a1bafcfb0bccb000727026d705fe4a32c50c888d,144902.43529740698,5,0,0,5000000.0,20.0,60,0.0,False,1430.436331393023,late_availability,1297.564702593023,
sampling_5s,A5_CONTACT_AWARE,8,2983109f61a42346d62a8f46a1bafcfb0bccb000727026d705fe4a32c50c888d,144902.43529740698,5,0,0,5000000.0,20.0,60,0.0,False,nan,incomplete_transfer,1297.564702593023,
sampling_5s,A6_THREAD_AWARE_PRIORITY,8,2983109f61a42346d62a8f46a1bafcfb0bccb000727026d705fe4a32c50c888d,144902.43529740698,5,0,0,5000000.0,20.0,60,0.0,False,1397.597470593023,late_availability,1297.564702593023,
sampling_5s,A0_GROUND_ONLY,9,1ab1a5fe4362468e4c2db6ee85b9f7e6949229f66fd1f77f3021944a3ad03c99,87958.18700346815,5,0,0,5000000.0,20.0,60,0.0,False,nan,incomplete_transfer,156.81299653185124,
sampling_5s,A1_COMPRESSED_FULL,9,1ab1a5fe4362468e4c2db6ee85b9f7e6949229f66fd1f77f3021944a3ad03c99,87958.18700346815,5,0,0,5000000.0,20.0,60,0.0,False,47481.81299653185,late_availability,156.81299653185124,47451.81299653185
sampling_5s,A2_QUICKLOOK_FIRST,9,1ab1a5fe4362468e4c2db6ee85b9f7e6949229f66fd1f77f3021944a3ad03c99,87958.18700346815,5,0,0,5000000.0,20.0,60,0.0,False,nan,incomplete_transfer,156.81299653185124,
sampling_5s,A3_ROI_FIRST,9,1ab1a5fe4362468e4c2db6ee85b9f7e6949229f66fd1f77f3021944a3ad03c99,87958.18700346815,5,0,0,5000000.0,20.0,60,0.0,False,5606.812996531851,late_availability,156.81299653185124,
sampling_5s,A4_PROGRESSIVE,9,1ab1a5fe4362468e4c2db6ee85b9f7e6949229f66fd1f77f3021944a3ad03c99,87958.18700346815,5,0,0,5000000.0,20.0,60,0.0,False,5639.684625331851,late_availability,156.81299653185124,
sampling_5s,A5_CONTACT_AWARE,9,1ab1a5fe4362468e4c2db6ee85b9f7e6949229f66fd1f77f3021944a3ad03c99,87958.18700346815,5,0,0,5000000.0,20.0,60,0.0,False,nan,incomplete_transfer,156.81299653185124,
sampling_5s,A6_THREAD_AWARE_PRIORITY,9,1ab1a5fe4362468e4c2db6ee85b9f7e6949229f66fd1f77f3021944a3ad03c99,87958.18700346815,5,0,0,5000000.0,20.0,60,0.0,False,5606.845764531851,late_availability,156.81299653185124,
sampling_5s,A0_GROUND_ONLY,10,9d434ec5928df18fe5ee1a16a9782c20d679fad023feb9715b4d8d6c64315e56,136841.14223680316,5,0,0,5000000.0,20.0,60,0.0,False,nan,incomplete_transfer,508.85776319683646,
sampling_5s,A1_COMPRESSED_FULL,10,9d434ec5928df18fe5ee1a16a9782c20d679fad023feb9715b4d8d6c64315e56,136841.14223680316,5,0,0,5000000.0,20.0,60,0.0,False,6338.8577631968365,late_availability,508.85776319683646,6308.8577631968365
sampling_5s,A2_QUICKLOOK_FIRST,10,9d434ec5928df18fe5ee1a16a9782c20d679fad023feb9715b4d8d6c64315e56,136841.14223680316,5,0,0,5000000.0,20.0,60,0.0,False,nan,incomplete_transfer,508.85776319683646,
sampling_5s,A3_ROI_FIRST,10,9d434ec5928df18fe5ee1a16a9782c20d679fad023feb9715b4d8d6c64315e56,136841.14223680316,5,0,0,5000000.0,20.0,60,0.0,True,608.8577631968365,timely_sufficient,508.85776319683646,
sampling_5s,A4_PROGRESSIVE,10,9d434ec5928df18fe5ee1a16a9782c20d679fad023feb9715b4d8d6c64315e56,136841.14223680316,5,0,0,5000000.0,20.0,60,0.0,True,641.7293919968365,timely_sufficient,508.85776319683646,
sampling_5s,A5_CONTACT_AWARE,10,9d434ec5928df18fe5ee1a16a9782c20d679fad023feb9715b4d8d6c64315e56,136841.14223680316,5,0,0,5000000.0,20.0,60,0.0,False,nan,incomplete_transfer,508.85776319683646,
sampling_5s,A6_THREAD_AWARE_PRIORITY,10,9d434ec5928df18fe5ee1a16a9782c20d679fad023feb9715b4d8d6c64315e56,136841.14223680316,5,0,0,5000000.0,20.0,60,0.0,True,608.8905311968365,timely_sufficient,508.85776319683646,
sampling_5s,A0_GROUND_ONLY,11,a701eee510e9f019ee09c4f35c9d6d62e0094dab40e7b1c567a3a530cd13a52f,10757.589420950173,5,0,0,5000000.0,20.0,60,0.0,False,139782.4105790498,late_availability,577.410579049827,139752.4105790498
sampling_5s,A1_COMPRESSED_FULL,11,a701eee510e9f019ee09c4f35c9d6d62e0094dab40e7b1c567a3a530cd13a52f,10757.589420950173,5,0,0,5000000.0,20.0,60,0.0,False,53487.41057904983,late_availability,577.410579049827,53457.41057904983
sampling_5s,A2_QUICKLOOK_FIRST,11,a701eee510e9f019ee09c4f35c9d6d62e0094dab40e7b1c567a3a530cd13a52f,10757.589420950173,5,0,0,5000000.0,20.0,60,0.0,False,139814.4105790498,late_availability,577.410579049827,139784.4105790498
sampling_5s,A3_ROI_FIRST,11,a701eee510e9f019ee09c4f35c9d6d62e0094dab40e7b1c567a3a530cd13a52f,10757.589420950173,5,0,0,5000000.0,20.0,60,0.0,False,6012.410579049827,late_availability,577.410579049827,139832.4105790498
sampling_5s,A4_PROGRESSIVE,11,a701eee510e9f019ee09c4f35c9d6d62e0094dab40e7b1c567a3a530cd13a52f,10757.589420950173,5,0,0,5000000.0,20.0,60,0.0,False,6045.282207849827,late_availability,577.410579049827,139865.2822078498
sampling_5s,A5_CONTACT_AWARE,11,a701eee510e9f019ee09c4f35c9d6d62e0094dab40e7b1c567a3a530cd13a52f,10757.589420950173,5,0,0,5000000.0,20.0,60,0.0,False,139782.4105790498,late_availability,577.410579049827,139752.4105790498
sampling_5s,A6_THREAD_AWARE_PRIORITY,11,a701eee510e9f019ee09c4f35c9d6d62e0094dab40e7b1c567a3a530cd13a52f,10757.589420950173,5,0,0,5000000.0,20.0,60,0.0,False,6012.443347049827,late_availability,577.410579049827,139865.2822078498
sampling_5s,A0_GROUND_ONLY,12,32512a14c8f16c1437e98681dac7ff79f3ce3ac959354edb8ad7a3eb50ad6ae3,88736.79289767242,5,0,0,5000000.0,20.0,60,0.0,False,nan,incomplete_transfer,1258.2071023275785,
sampling_5s,A1_COMPRESSED_FULL,12,32512a14c8f16c1437e98681dac7ff79f3ce3ac959354edb8ad7a3eb50ad6ae3,88736.79289767242,5,0,0,5000000.0,20.0,60,0.0,False,7083.2071023275785,late_availability,1258.2071023275785,7053.2071023275785
sampling_5s,A2_QUICKLOOK_FIRST,12,32512a14c8f16c1437e98681dac7ff79f3ce3ac959354edb8ad7a3eb50ad6ae3,88736.79289767242,5,0,0,5000000.0,20.0,60,0.0,False,nan,incomplete_transfer,1258.2071023275785,
sampling_5s,A3_ROI_FIRST,12,32512a14c8f16c1437e98681dac7ff79f3ce3ac959354edb8ad7a3eb50ad6ae3,88736.79289767242,5,0,0,5000000.0,20.0,60,0.0,False,1358.2071023275785,late_availability,1258.2071023275785,
sampling_5s,A4_PROGRESSIVE,12,32512a14c8f16c1437e98681dac7ff79f3ce3ac959354edb8ad7a3eb50ad6ae3,88736.79289767242,5,0,0,5000000.0,20.0,60,0.0,False,6686.078731127578,late_availability,1258.2071023275785,
sampling_5s,A5_CONTACT_AWARE,12,32512a14c8f16c1437e98681dac7ff79f3ce3ac959354edb8ad7a3eb50ad6ae3,88736.79289767242,5,0,0,5000000.0,20.0,60,0.0,False,nan,incomplete_transfer,1258.2071023275785,
sampling_5s,A6_THREAD_AWARE_PRIORITY,12,32512a14c8f16c1437e98681dac7ff79f3ce3ac959354edb8ad7a3eb50ad6ae3,88736.79289767242,5,0,0,5000000.0,20.0,60,0.0,False,1358.2398703275785,late_availability,1258.2071023275785,
sampling_5s,A0_GROUND_ONLY,13,24344446043d126466a1dfe1d094f366fa3198f72218f33e285c855564ef919c,2223.421192988508,5,0,0,5000000.0,20.0,60,0.0,False,86626.5788070115,late_availability,331.5788070114918,86596.5788070115
sampling_5s,A1_COMPRESSED_FULL,13,24344446043d126466a1dfe1d094f366fa3198f72218f33e285c855564ef919c,2223.421192988508,5,0,0,5000000.0,20.0,60,0.0,False,33531.578807011494,late_availability,331.5788070114918,33501.578807011494
sampling_5s,A2_QUICKLOOK_FIRST,13,24344446043d126466a1dfe1d094f366fa3198f72218f33e285c855564ef919c,2223.421192988508,5,0,0,5000000.0,20.0,60,0.0,False,86660.5788070115,late_availability,331.5788070114918,86630.5788070115
sampling_5s,A3_ROI_FIRST,13,24344446043d126466a1dfe1d094f366fa3198f72218f33e285c855564ef919c,2223.421192988508,5,0,0,5000000.0,20.0,60,0.0,True,431.5788070114918,timely_sufficient,331.5788070114918,86696.5788070115
sampling_5s,A4_PROGRESSIVE,13,24344446043d126466a1dfe1d094f366fa3198f72218f33e285c855564ef919c,2223.421192988508,5,0,0,5000000.0,20.0,60,0.0,True,464.4504358114918,timely_sufficient,331.5788070114918,86729.4504358115
sampling_5s,A5_CONTACT_AWARE,13,24344446043d126466a1dfe1d094f366fa3198f72218f33e285c855564ef919c,2223.421192988508,5,0,0,5000000.0,20.0,60,0.0,False,86626.5788070115,late_availability,331.5788070114918,86596.5788070115
sampling_5s,A6_THREAD_AWARE_PRIORITY,13,24344446043d126466a1dfe1d094f366fa3198f72218f33e285c855564ef919c,2223.421192988508,5,0,0,5000000.0,20.0,60,0.0,True,431.6115750114918,timely_sufficient,331.5788070114918,86729.4504358115
sampling_5s,A0_GROUND_ONLY,14,1522c82486c0f5fd9f040377a953abda3ded6427fc14c1ef02ecbcff9bad4b3a,41795.95486579752,5,0,0,5000000.0,20.0,60,0.0,False,124849.04513420249,late_availability,64.04513420248259,124819.04513420249
sampling_5s,A1_COMPRESSED_FULL,14,1522c82486c0f5fd9f040377a953abda3ded6427fc14c1ef02ecbcff9bad4b3a,41795.95486579752,5,0,0,5000000.0,20.0,60,0.0,False,38779.04513420248,late_availability,64.04513420248259,38749.04513420248
sampling_5s,A2_QUICKLOOK_FIRST,14,1522c82486c0f5fd9f040377a953abda3ded6427fc14c1ef02ecbcff9bad4b3a,41795.95486579752,5,0,0,5000000.0,20.0,60,0.0,False,124883.04513420249,late_availability,64.04513420248259,124853.04513420249
sampling_5s,A3_ROI_FIRST,14,1522c82486c0f5fd9f040377a953abda3ded6427fc14c1ef02ecbcff9bad4b3a,41795.95486579752,5,0,0,5000000.0,20.0,60,0.0,True,164.0451342024826,timely_sufficient,64.04513420248259,124919.04513420249
sampling_5s,A4_PROGRESSIVE,14,1522c82486c0f5fd9f040377a953abda3ded6427fc14c1ef02ecbcff9bad4b3a,41795.95486579752,5,0,0,5000000.0,20.0,60,0.0,True,196.91676300248258,timely_sufficient,64.04513420248259,124951.91676300249
sampling_5s,A5_CONTACT_AWARE,14,1522c82486c0f5fd9f040377a953abda3ded6427fc14c1ef02ecbcff9bad4b3a,41795.95486579752,5,0,0,5000000.0,20.0,60,0.0,False,124849.04513420249,late_availability,64.04513420248259,124819.04513420249
sampling_5s,A6_THREAD_AWARE_PRIORITY,14,1522c82486c0f5fd9f040377a953abda3ded6427fc14c1ef02ecbcff9bad4b3a,41795.95486579752,5,0,0,5000000.0,20.0,60,0.0,True,164.0779022024826,timely_sufficient,64.04513420248259,124951.91676300249
sampling_5s,A0_GROUND_ONLY,15,15b8671cffdf3db9102d2b62f5080237e2bc64ff05e3e86327498ec74136c97e,161247.47134785925,5,0,0,5000000.0,20.0,60,0.0,False,nan,incomplete_transfer,477.5286521407543,
sampling_5s,A1_COMPRESSED_FULL,15,15b8671cffdf3db9102d2b62f5080237e2bc64ff05e3e86327498ec74136c97e,161247.47134785925,5,0,0,5000000.0,20.0,60,0.0,False,nan,incomplete_transfer,477.5286521407543,
sampling_5s,A2_QUICKLOOK_FIRST,15,15b8671cffdf3db9102d2b62f5080237e2bc64ff05e3e86327498ec74136c97e,161247.47134785925,5,0,0,5000000.0,20.0,60,0.0,False,nan,incomplete_transfer,477.5286521407543,
sampling_5s,A3_ROI_FIRST,15,15b8671cffdf3db9102d2b62f5080237e2bc64ff05e3e86327498ec74136c97e,161247.47134785925,5,0,0,5000000.0,20.0,60,0.0,True,577.5286521407543,timely_sufficient,477.5286521407543,
sampling_5s,A4_PROGRESSIVE,15,15b8671cffdf3db9102d2b62f5080237e2bc64ff05e3e86327498ec74136c97e,161247.47134785925,5,0,0,5000000.0,20.0,60,0.0,True,610.4002809407543,timely_sufficient,477.5286521407543,
sampling_5s,A5_CONTACT_AWARE,15,15b8671cffdf3db9102d2b62f5080237e2bc64ff05e3e86327498ec74136c97e,161247.47134785925,5,0,0,5000000.0,20.0,60,0.0,False,nan,incomplete_transfer,477.5286521407543,
sampling_5s,A6_THREAD_AWARE_PRIORITY,15,15b8671cffdf3db9102d2b62f5080237e2bc64ff05e3e86327498ec74136c97e,161247.47134785925,5,0,0,5000000.0,20.0,60,0.0,True,577.5614201407543,timely_sufficient,477.5286521407543,
sampling_5s,A0_GROUND_ONLY,16,e5e400799e442bd690767705267bc4699a95fc3313c01817882797989fc85ecc,78181.82051197265,5,0,0,5000000.0,20.0,60,0.0,False,92183.17948802735,late_availability,578.1794880273519,92153.17948802735
sampling_5s,A1_COMPRESSED_FULL,16,e5e400799e442bd690767705267bc4699a95fc3313c01817882797989fc85ecc,78181.82051197265,5,0,0,5000000.0,20.0,60,0.0,False,6408.179488027352,late_availability,578.1794880273519,6378.179488027352
sampling_5s,A2_QUICKLOOK_FIRST,16,e5e400799e442bd690767705267bc4699a95fc3313c01817882797989fc85ecc,78181.82051197265,5,0,0,5000000.0,20.0,60,0.0,False,92217.17948802735,late_availability,578.1794880273519,92187.17948802735
sampling_5s,A3_ROI_FIRST,16,e5e400799e442bd690767705267bc4699a95fc3313c01817882797989fc85ecc,78181.82051197265,5,0,0,5000000.0,20.0,60,0.0,False,5978.179488027352,late_availability,578.1794880273519,92253.17948802735
sampling_5s,A4_PROGRESSIVE,16,e5e400799e442bd690767705267bc4699a95fc3313c01817882797989fc85ecc,78181.82051197265,5,0,0,5000000.0,20.0,60,0.0,False,6011.0511168273515,late_availability,578.1794880273519,92286.05111682735
sampling_5s,A5_CONTACT_AWARE,16,e5e400799e442bd690767705267bc4699a95fc3313c01817882797989fc85ecc,78181.82051197265,5,0,0,5000000.0,20.0,60,0.0,False,92183.17948802735,late_availability,578.1794880273519,92153.17948802735
sampling_5s,A6_THREAD_AWARE_PRIORITY,16,e5e400799e442bd690767705267bc4699a95fc3313c01817882797989fc85ecc,78181.82051197265,5,0,0,5000000.0,20.0,60,0.0,False,5978.212256027352,late_availability,578.1794880273519,92286.05111682735
sampling_5s,A0_GROUND_ONLY,17,8e93f7c513dcdab66580ed3a63fc4a850018baf0256eb12db69809ec84dfb324,135271.13657556393,5,0,0,5000000.0,20.0,60,0.0,False,nan,incomplete_transfer,173.86342443607282,
sampling_5s,A1_COMPRESSED_FULL,17,8e93f7c513dcdab66580ed3a63fc4a850018baf0256eb12db69809ec84dfb324,135271.13657556393,5,0,0,5000000.0,20.0,60,0.0,False,6048.863424436073,late_availability,173.86342443607282,6018.863424436073
sampling_5s,A2_QUICKLOOK_FIRST,17,8e93f7c513dcdab66580ed3a63fc4a850018baf0256eb12db69809ec84dfb324,135271.13657556393,5,0,0,5000000.0,20.0,60,0.0,False,nan,incomplete_transfer,173.86342443607282,
sampling_5s,A3_ROI_FIRST,17,8e93f7c513dcdab66580ed3a63fc4a850018baf0256eb12db69809ec84dfb324,135271.13657556393,5,0,0,5000000.0,20.0,60,0.0,True,273.8634244360728,timely_sufficient,173.86342443607282,
sampling_5s,A4_PROGRESSIVE,17,8e93f7c513dcdab66580ed3a63fc4a850018baf0256eb12db69809ec84dfb324,135271.13657556393,5,0,0,5000000.0,20.0,60,0.0,True,306.7350532360728,timely_sufficient,173.86342443607282,
sampling_5s,A5_CONTACT_AWARE,17,8e93f7c513dcdab66580ed3a63fc4a850018baf0256eb12db69809ec84dfb324,135271.13657556393,5,0,0,5000000.0,20.0,60,0.0,False,nan,incomplete_transfer,173.86342443607282,
sampling_5s,A6_THREAD_AWARE_PRIORITY,17,8e93f7c513dcdab66580ed3a63fc4a850018baf0256eb12db69809ec84dfb324,135271.13657556393,5,0,0,5000000.0,20.0,60,0.0,True,273.89619243607285,timely_sufficient,173.86342443607282,
sampling_5s,A0_GROUND_ONLY,18,26185edcf01f1f0b71bc7ffa1372c9388812540b76254408983fe2b65d90f3c4,165135.03257907528,5,0,0,5000000.0,20.0,60,0.0,False,nan,incomplete_transfer,344.96742092471686,
sampling_5s,A1_COMPRESSED_FULL,18,26185edcf01f1f0b71bc7ffa1372c9388812540b76254408983fe2b65d90f3c4,165135.03257907528,5,0,0,5000000.0,20.0,60,0.0,False,nan,incomplete_transfer,344.96742092471686,
sampling_5s,A2_QUICKLOOK_FIRST,18,26185edcf01f1f0b71bc7ffa1372c9388812540b76254408983fe2b65d90f3c4,165135.03257907528,5,0,0,5000000.0,20.0,60,0.0,False,nan,incomplete_transfer,344.96742092471686,
sampling_5s,A3_ROI_FIRST,18,26185edcf01f1f0b71bc7ffa1372c9388812540b76254408983fe2b65d90f3c4,165135.03257907528,5,0,0,5000000.0,20.0,60,0.0,True,444.96742092471686,timely_sufficient,344.96742092471686,
sampling_5s,A4_PROGRESSIVE,18,26185edcf01f1f0b71bc7ffa1372c9388812540b76254408983fe2b65d90f3c4,165135.03257907528,5,0,0,5000000.0,20.0,60,0.0,True,477.83904972471686,timely_sufficient,344.96742092471686,
sampling_5s,A5_CONTACT_AWARE,18,26185edcf01f1f0b71bc7ffa1372c9388812540b76254408983fe2b65d90f3c4,165135.03257907528,5,0,0,5000000.0,20.0,60,0.0,False,nan,incomplete_transfer,344.96742092471686,
sampling_5s,A6_THREAD_AWARE_PRIORITY,18,26185edcf01f1f0b71bc7ffa1372c9388812540b76254408983fe2b65d90f3c4,165135.03257907528,5,0,0,5000000.0,20.0,60,0.0,True,445.0001889247169,timely_sufficient,344.96742092471686,
sampling_5s,A0_GROUND_ONLY,19,b0a263eb4438c77b6508aaa26a28cece335d9ba54e78addeb7c3bf01beb34a26,130327.40996119597,5,0,0,5000000.0,20.0,60,0.0,False,nan,incomplete_transfer,857.5900388040318,
sampling_5s,A1_COMPRESSED_FULL,19,b0a263eb4438c77b6508aaa26a28cece335d9ba54e78addeb7c3bf01beb34a26,130327.40996119597,5,0,0,5000000.0,20.0,60,0.0,False,nan,incomplete_transfer,857.5900388040318,
sampling_5s,A2_QUICKLOOK_FIRST,19,b0a263eb4438c77b6508aaa26a28cece335d9ba54e78addeb7c3bf01beb34a26,130327.40996119597,5,0,0,5000000.0,20.0,60,0.0,False,nan,incomplete_transfer,857.5900388040318,
sampling_5s,A3_ROI_FIRST,19,b0a263eb4438c77b6508aaa26a28cece335d9ba54e78addeb7c3bf01beb34a26,130327.40996119597,5,0,0,5000000.0,20.0,60,0.0,False,6307.590038804032,late_availability,857.5900388040318,
sampling_5s,A4_PROGRESSIVE,19,b0a263eb4438c77b6508aaa26a28cece335d9ba54e78addeb7c3bf01beb34a26,130327.40996119597,5,0,0,5000000.0,20.0,60,0.0,False,6340.461667604031,late_availability,857.5900388040318,
sampling_5s,A5_CONTACT_AWARE,19,b0a263eb4438c77b6508aaa26a28cece335d9ba54e78addeb7c3bf01beb34a26,130327.40996119597,5,0,0,5000000.0,20.0,60,0.0,False,nan,incomplete_transfer,857.5900388040318,
sampling_5s,A6_THREAD_AWARE_PRIORITY,19,b0a263eb4438c77b6508aaa26a28cece335d9ba54e78addeb7c3bf01beb34a26,130327.40996119597,5,0,0,5000000.0,20.0,60,0.0,False,6307.622806804032,late_availability,857.5900388040318,
sampling_5s,A0_GROUND_ONLY,20,1dcb20f8055878ed0c5793f2517beb4a1c1eef68064f8474ef6549be85855c36,79271.02272901162,5,0,0,5000000.0,20.0,60,0.0,False,93298.97727098838,late_availability,1373.9772709883837,93268.97727098838
sampling_5s,A1_COMPRESSED_FULL,20,1dcb20f8055878ed0c5793f2517beb4a1c1eef68064f8474ef6549be85855c36,79271.02272901162,5,0,0,5000000.0,20.0,60,0.0,False,48678.977270988384,late_availability,1373.9772709883837,48648.977270988384
sampling_5s,A2_QUICKLOOK_FIRST,20,1dcb20f8055878ed0c5793f2517beb4a1c1eef68064f8474ef6549be85855c36,79271.02272901162,5,0,0,5000000.0,20.0,60,0.0,False,93332.97727098838,late_availability,1373.9772709883837,93302.97727098838
sampling_5s,A3_ROI_FIRST,20,1dcb20f8055878ed0c5793f2517beb4a1c1eef68064f8474ef6549be85855c36,79271.02272901162,5,0,0,5000000.0,20.0,60,0.0,False,1473.9772709883837,late_availability,1373.9772709883837,
sampling_5s,A4_PROGRESSIVE,20,1dcb20f8055878ed0c5793f2517beb4a1c1eef68064f8474ef6549be85855c36,79271.02272901162,5,0,0,5000000.0,20.0,60,0.0,False,1506.8488997883837,late_availability,1373.9772709883837,
sampling_5s,A5_CONTACT_AWARE,20,1dcb20f8055878ed0c5793f2517beb4a1c1eef68064f8474ef6549be85855c36,79271.02272901162,5,0,0,5000000.0,20.0,60,0.0,False,93298.97727098838,late_availability,1373.9772709883837,93268.97727098838
sampling_5s,A6_THREAD_AWARE_PRIORITY,20,1dcb20f8055878ed0c5793f2517beb4a1c1eef68064f8474ef6549be85855c36,79271.02272901162,5,0,0,5000000.0,20.0,60,0.0,False,1474.0100389883837,late_availability,1373.9772709883837,
sampling_5s,A0_GROUND_ONLY,21,bdbda8f66ac3873dc8833df59a3cfcdc8528461125f881852f2a92ee61bc6324,88104.08775749971,5,0,0,5000000.0,20.0,60,0.0,False,nan,incomplete_transfer,595.9122425002861,
sampling_5s,A1_COMPRESSED_FULL,21,bdbda8f66ac3873dc8833df59a3cfcdc8528461125f881852f2a92ee61bc6324,88104.08775749971,5,0,0,5000000.0,20.0,60,0.0,False,33795.912242500286,late_availability,595.9122425002861,33765.912242500286
sampling_5s,A2_QUICKLOOK_FIRST,21,bdbda8f66ac3873dc8833df59a3cfcdc8528461125f881852f2a92ee61bc6324,88104.08775749971,5,0,0,5000000.0,20.0,60,0.0,False,nan,incomplete_transfer,595.9122425002861,
sampling_5s,A3_ROI_FIRST,21,bdbda8f66ac3873dc8833df59a3cfcdc8528461125f881852f2a92ee61bc6324,88104.08775749971,5,0,0,5000000.0,20.0,60,0.0,True,695.9122425002861,timely_sufficient,595.9122425002861,
sampling_5s,A4_PROGRESSIVE,21,bdbda8f66ac3873dc8833df59a3cfcdc8528461125f881852f2a92ee61bc6324,88104.08775749971,5,0,0,5000000.0,20.0,60,0.0,True,728.7838713002861,timely_sufficient,595.9122425002861,
sampling_5s,A5_CONTACT_AWARE,21,bdbda8f66ac3873dc8833df59a3cfcdc8528461125f881852f2a92ee61bc6324,88104.08775749971,5,0,0,5000000.0,20.0,60,0.0,False,nan,incomplete_transfer,595.9122425002861,
sampling_5s,A6_THREAD_AWARE_PRIORITY,21,bdbda8f66ac3873dc8833df59a3cfcdc8528461125f881852f2a92ee61bc6324,88104.08775749971,5,0,0,5000000.0,20.0,60,0.0,True,695.9450105002861,timely_sufficient,595.9122425002861,
sampling_5s,A0_GROUND_ONLY,22,e1c3e9c975ba337bd7db35595da0f1e1c62bf4fe2c70ae9c768853e040cd4a43,125915.27799004433,5,0,0,5000000.0,20.0,60,0.0,False,nan,incomplete_transfer,189.72200995567255,
sampling_5s,A1_COMPRESSED_FULL,22,e1c3e9c975ba337bd7db35595da0f1e1c62bf4fe2c70ae9c768853e040cd4a43,125915.27799004433,5,0,0,5000000.0,20.0,60,0.0,False,6014.722009955673,late_availability,189.72200995567255,5984.722009955673
sampling_5s,A2_QUICKLOOK_FIRST,22,e1c3e9c975ba337bd7db35595da0f1e1c62bf4fe2c70ae9c768853e040cd4a43,125915.27799004433,5,0,0,5000000.0,20.0,60,0.0,False,nan,incomplete_transfer,189.72200995567255,
sampling_5s,A3_ROI_FIRST,22,e1c3e9c975ba337bd7db35595da0f1e1c62bf4fe2c70ae9c768853e040cd4a43,125915.27799004433,5,0,0,5000000.0,20.0,60,0.0,True,289.72200995567255,timely_sufficient,189.72200995567255,
sampling_5s,A4_PROGRESSIVE,22,e1c3e9c975ba337bd7db35595da0f1e1c62bf4fe2c70ae9c768853e040cd4a43,125915.27799004433,5,0,0,5000000.0,20.0,60,0.0,True,322.59363875567254,timely_sufficient,189.72200995567255,
sampling_5s,A5_CONTACT_AWARE,22,e1c3e9c975ba337bd7db35595da0f1e1c62bf4fe2c70ae9c768853e040cd4a43,125915.27799004433,5,0,0,5000000.0,20.0,60,0.0,False,nan,incomplete_transfer,189.72200995567255,
sampling_5s,A6_THREAD_AWARE_PRIORITY,22,e1c3e9c975ba337bd7db35595da0f1e1c62bf4fe2c70ae9c768853e040cd4a43,125915.27799004433,5,0,0,5000000.0,20.0,60,0.0,True,289.7547779556726,timely_sufficient,189.72200995567255,
sampling_5s,A0_GROUND_ONLY,23,7baf6b409a12e40d51123461fe009df48d6344c829e1523baf72b33a953ee802,91925.60430622347,5,0,0,5000000.0,20.0,60,0.0,False,nan,incomplete_transfer,449.3956937765324,
sampling_5s,A1_COMPRESSED_FULL,23,7baf6b409a12e40d51123461fe009df48d6344c829e1523baf72b33a953ee802,91925.60430622347,5,0,0,5000000.0,20.0,60,0.0,False,6314.395693776532,late_availability,449.3956937765324,6284.395693776532
sampling_5s,A2_QUICKLOOK_FIRST,23,7baf6b409a12e40d51123461fe009df48d6344c829e1523baf72b33a953ee802,91925.60430622347,5,0,0,5000000.0,20.0,60,0.0,False,nan,incomplete_transfer,449.3956937765324,
sampling_5s,A3_ROI_FIRST,23,7baf6b409a12e40d51123461fe009df48d6344c829e1523baf72b33a953ee802,91925.60430622347,5,0,0,5000000.0,20.0,60,0.0,True,549.3956937765324,timely_sufficient,449.3956937765324,
sampling_5s,A4_PROGRESSIVE,23,7baf6b409a12e40d51123461fe009df48d6344c829e1523baf72b33a953ee802,91925.60430622347,5,0,0,5000000.0,20.0,60,0.0,True,582.2673225765325,timely_sufficient,449.3956937765324,
sampling_5s,A5_CONTACT_AWARE,23,7baf6b409a12e40d51123461fe009df48d6344c829e1523baf72b33a953ee802,91925.60430622347,5,0,0,5000000.0,20.0,60,0.0,False,nan,incomplete_transfer,449.3956937765324,
sampling_5s,A6_THREAD_AWARE_PRIORITY,23,7baf6b409a12e40d51123461fe009df48d6344c829e1523baf72b33a953ee802,91925.60430622347,5,0,0,5000000.0,20.0,60,0.0,True,549.4284617765325,timely_sufficient,449.3956937765324,
next_day,A0_GROUND_ONLY,0,b09d74b4ef697cf399a81fbe2397d0fa19c590dc746e73222bdcb04fcc5c6475,71203.2493812608,30,86400,0,5000000.0,20.0,60,0.0,False,92156.7506187392,late_availability,316.7506187391991,92126.7506187392
next_day,A1_COMPRESSED_FULL,0,b09d74b4ef697cf399a81fbe2397d0fa19c590dc746e73222bdcb04fcc5c6475,71203.2493812608,30,86400,0,5000000.0,20.0,60,0.0,False,6186.750618739199,late_availability,316.7506187391991,6156.750618739199
next_day,A2_QUICKLOOK_FIRST,0,b09d74b4ef697cf399a81fbe2397d0fa19c590dc746e73222bdcb04fcc5c6475,71203.2493812608,30,86400,0,5000000.0,20.0,60,0.0,False,92190.7506187392,late_availability,316.7506187391991,92160.7506187392
next_day,A3_ROI_FIRST,0,b09d74b4ef697cf399a81fbe2397d0fa19c590dc746e73222bdcb04fcc5c6475,71203.2493812608,30,86400,0,5000000.0,20.0,60,0.0,True,416.7506187391991,timely_sufficient,316.7506187391991,92226.7506187392
next_day,A4_PROGRESSIVE,0,b09d74b4ef697cf399a81fbe2397d0fa19c590dc746e73222bdcb04fcc5c6475,71203.2493812608,30,86400,0,5000000.0,20.0,60,0.0,True,449.6222475391991,timely_sufficient,316.7506187391991,92259.6222475392
next_day,A5_CONTACT_AWARE,0,b09d74b4ef697cf399a81fbe2397d0fa19c590dc746e73222bdcb04fcc5c6475,71203.2493812608,30,86400,0,5000000.0,20.0,60,0.0,False,92156.7506187392,late_availability,316.7506187391991,92126.7506187392
next_day,A6_THREAD_AWARE_PRIORITY,0,b09d74b4ef697cf399a81fbe2397d0fa19c590dc746e73222bdcb04fcc5c6475,71203.2493812608,30,86400,0,5000000.0,20.0,60,0.0,True,416.78338673919916,timely_sufficient,316.7506187391991,92259.6222475392
next_day,A0_GROUND_ONLY,1,b6347a2527d2a367a81c917d15dd92c3af8c4c6c3c4632d2e7b8d76e5190e2b5,71424.58273047769,30,86400,0,5000000.0,20.0,60,0.0,False,91935.41726952231,late_availability,95.41726952230965,91905.41726952231
next_day,A1_COMPRESSED_FULL,1,b6347a2527d2a367a81c917d15dd92c3af8c4c6c3c4632d2e7b8d76e5190e2b5,71424.58273047769,30,86400,0,5000000.0,20.0,60,0.0,False,5965.41726952231,late_availability,95.41726952230965,5935.41726952231
next_day,A2_QUICKLOOK_FIRST,1,b6347a2527d2a367a81c917d15dd92c3af8c4c6c3c4632d2e7b8d76e5190e2b5,71424.58273047769,30,86400,0,5000000.0,20.0,60,0.0,False,91969.41726952231,late_availability,95.41726952230965,91939.41726952231
next_day,A3_ROI_FIRST,1,b6347a2527d2a367a81c917d15dd92c3af8c4c6c3c4632d2e7b8d76e5190e2b5,71424.58273047769,30,86400,0,5000000.0,20.0,60,0.0,True,195.41726952230965,timely_sufficient,95.41726952230965,92005.41726952231
next_day,A4_PROGRESSIVE,1,b6347a2527d2a367a81c917d15dd92c3af8c4c6c3c4632d2e7b8d76e5190e2b5,71424.58273047769,30,86400,0,5000000.0,20.0,60,0.0,True,228.28889832230965,timely_sufficient,95.41726952230965,92038.28889832231
next_day,A5_CONTACT_AWARE,1,b6347a2527d2a367a81c917d15dd92c3af8c4c6c3c4632d2e7b8d76e5190e2b5,71424.58273047769,30,86400,0,5000000.0,20.0,60,0.0,False,91935.41726952231,late_availability,95.41726952230965,91905.41726952231
next_day,A6_THREAD_AWARE_PRIORITY,1,b6347a2527d2a367a81c917d15dd92c3af8c4c6c3c4632d2e7b8d76e5190e2b5,71424.58273047769,30,86400,0,5000000.0,20.0,60,0.0,True,195.45003752230966,timely_sufficient,95.41726952230965,92038.28889832231
next_day,A0_GROUND_ONLY,2,100e40b33b0b31351a59cce05c6fa7d0195407cde315a22ee19e6149473dfdbe,58205.71618563066,30,86400,0,5000000.0,20.0,60,0.0,False,nan,incomplete_transfer,174.28381436933705,
next_day,A1_COMPRESSED_FULL,2,100e40b33b0b31351a59cce05c6fa7d0195407cde315a22ee19e6149473dfdbe,58205.71618563066,30,86400,0,5000000.0,20.0,60,0.0,False,44454.28381436934,late_availability,174.28381436933705,44424.28381436934
next_day,A2_QUICKLOOK_FIRST,2,100e40b33b0b31351a59cce05c6fa7d0195407cde315a22ee19e6149473dfdbe,58205.71618563066,30,86400,0,5000000.0,20.0,60,0.0,False,nan,incomplete_transfer,174.28381436933705,
next_day,A3_ROI_FIRST,2,100e40b33b0b31351a59cce05c6fa7d0195407cde315a22ee19e6149473dfdbe,58205.71618563066,30,86400,0,5000000.0,20.0,60,0.0,False,5834.283814369337,late_availability,174.28381436933705,
next_day,A4_PROGRESSIVE,2,100e40b33b0b31351a59cce05c6fa7d0195407cde315a22ee19e6149473dfdbe,58205.71618563066,30,86400,0,5000000.0,20.0,60,0.0,False,5867.155443169337,late_availability,174.28381436933705,
next_day,A5_CONTACT_AWARE,2,100e40b33b0b31351a59cce05c6fa7d0195407cde315a22ee19e6149473dfdbe,58205.71618563066,30,86400,0,5000000.0,20.0,60,0.0,False,nan,incomplete_transfer,174.28381436933705,
next_day,A6_THREAD_AWARE_PRIORITY,2,100e40b33b0b31351a59cce05c6fa7d0195407cde315a22ee19e6149473dfdbe,58205.71618563066,30,86400,0,5000000.0,20.0,60,0.0,False,5834.316582369337,late_availability,174.28381436933705,
next_day,A0_GROUND_ONLY,3,e29d7deaf727dd23244bf1b6381373fdc1ca0bf05eca402dbe97f62914962cce,158611.93508804622,30,86400,0,5000000.0,20.0,60,0.0,False,nan,incomplete_transfer,478.06491195378476,
next_day,A1_COMPRESSED_FULL,3,e29d7deaf727dd23244bf1b6381373fdc1ca0bf05eca402dbe97f62914962cce,158611.93508804622,30,86400,0,5000000.0,20.0,60,0.0,False,nan,incomplete_transfer,478.06491195378476,
next_day,A2_QUICKLOOK_FIRST,3,e29d7deaf727dd23244bf1b6381373fdc1ca0bf05eca402dbe97f62914962cce,158611.93508804622,30,86400,0,5000000.0,20.0,60,0.0,False,nan,incomplete_transfer,478.06491195378476,
next_day,A3_ROI_FIRST,3,e29d7deaf727dd23244bf1b6381373fdc1ca0bf05eca402dbe97f62914962cce,158611.93508804622,30,86400,0,5000000.0,20.0,60,0.0,True,578.0649119537848,timely_sufficient,478.06491195378476,
next_day,A4_PROGRESSIVE,3,e29d7deaf727dd23244bf1b6381373fdc1ca0bf05eca402dbe97f62914962cce,158611.93508804622,30,86400,0,5000000.0,20.0,60,0.0,True,610.9365407537848,timely_sufficient,478.06491195378476,
next_day,A5_CONTACT_AWARE,3,e29d7deaf727dd23244bf1b6381373fdc1ca0bf05eca402dbe97f62914962cce,158611.93508804622,30,86400,0,5000000.0,20.0,60,0.0,False,nan,incomplete_transfer,478.06491195378476,
next_day,A6_THREAD_AWARE_PRIORITY,3,e29d7deaf727dd23244bf1b6381373fdc1ca0bf05eca402dbe97f62914962cce,158611.93508804622,30,86400,0,5000000.0,20.0,60,0.0,True,578.0976799537848,timely_sufficient,478.06491195378476,
next_day,A0_GROUND_ONLY,4,64d1cfb61ebf0724e09f87e44254fdead00f5307cecad9b1fd97bcfc51e145f7,132436.21328815687,30,86400,0,5000000.0,20.0,60,0.0,False,nan,incomplete_transfer,373.78671184313134,
next_day,A1_COMPRESSED_FULL,4,64d1cfb61ebf0724e09f87e44254fdead00f5307cecad9b1fd97bcfc51e145f7,132436.21328815687,30,86400,0,5000000.0,20.0,60,0.0,False,nan,incomplete_transfer,373.78671184313134,
next_day,A2_QUICKLOOK_FIRST,4,64d1cfb61ebf0724e09f87e44254fdead00f5307cecad9b1fd97bcfc51e145f7,132436.21328815687,30,86400,0,5000000.0,20.0,60,0.0,False,nan,incomplete_transfer,373.78671184313134,
next_day,A3_ROI_FIRST,4,64d1cfb61ebf0724e09f87e44254fdead00f5307cecad9b1fd97bcfc51e145f7,132436.21328815687,30,86400,0,5000000.0,20.0,60,0.0,False,5813.786711843131,late_availability,373.78671184313134,
next_day,A4_PROGRESSIVE,4,64d1cfb61ebf0724e09f87e44254fdead00f5307cecad9b1fd97bcfc51e145f7,132436.21328815687,30,86400,0,5000000.0,20.0,60,0.0,False,5846.658340643131,late_availability,373.78671184313134,
next_day,A5_CONTACT_AWARE,4,64d1cfb61ebf0724e09f87e44254fdead00f5307cecad9b1fd97bcfc51e145f7,132436.21328815687,30,86400,0,5000000.0,20.0,60,0.0,False,nan,incomplete_transfer,373.78671184313134,
next_day,A6_THREAD_AWARE_PRIORITY,4,64d1cfb61ebf0724e09f87e44254fdead00f5307cecad9b1fd97bcfc51e145f7,132436.21328815687,30,86400,0,5000000.0,20.0,60,0.0,False,5813.819479843131,late_availability,373.78671184313134,
next_day,A0_GROUND_ONLY,5,15fe24162a6a4beeb3542e18aaa267a57e7bfa8e489baa0773031b07cb42f3b1,47831.79843658002,30,86400,0,5000000.0,20.0,60,0.0,False,nan,incomplete_transfer,738.2015634199779,
next_day,A1_COMPRESSED_FULL,5,15fe24162a6a4beeb3542e18aaa267a57e7bfa8e489baa0773031b07cb42f3b1,47831.79843658002,30,86400,0,5000000.0,20.0,60,0.0,False,48128.20156341998,late_availability,738.2015634199779,48098.20156341998
next_day,A2_QUICKLOOK_FIRST,5,15fe24162a6a4beeb3542e18aaa267a57e7bfa8e489baa0773031b07cb42f3b1,47831.79843658002,30,86400,0,5000000.0,20.0,60,0.0,False,nan,incomplete_transfer,738.2015634199779,
next_day,A3_ROI_FIRST,5,15fe24162a6a4beeb3542e18aaa267a57e7bfa8e489baa0773031b07cb42f3b1,47831.79843658002,30,86400,0,5000000.0,20.0,60,0.0,True,838.2015634199779,timely_sufficient,738.2015634199779,
next_day,A4_PROGRESSIVE,5,15fe24162a6a4beeb3542e18aaa267a57e7bfa8e489baa0773031b07cb42f3b1,47831.79843658002,30,86400,0,5000000.0,20.0,60,0.0,True,871.073192219978,timely_sufficient,738.2015634199779,
next_day,A5_CONTACT_AWARE,5,15fe24162a6a4beeb3542e18aaa267a57e7bfa8e489baa0773031b07cb42f3b1,47831.79843658002,30,86400,0,5000000.0,20.0,60,0.0,False,nan,incomplete_transfer,738.2015634199779,
next_day,A6_THREAD_AWARE_PRIORITY,5,15fe24162a6a4beeb3542e18aaa267a57e7bfa8e489baa0773031b07cb42f3b1,47831.79843658002,30,86400,0,5000000.0,20.0,60,0.0,True,838.2343314199779,timely_sufficient,738.2015634199779,
next_day,A0_GROUND_ONLY,6,e223a3e14a4b84a25f21575ee89029f82a09c7b58906610108154bbfd0b58224,162058.85659696194,30,86400,0,5000000.0,20.0,60,0.0,False,nan,incomplete_transfer,721.1434030380624,
next_day,A1_COMPRESSED_FULL,6,e223a3e14a4b84a25f21575ee89029f82a09c7b58906610108154bbfd0b58224,162058.85659696194,30,86400,0,5000000.0,20.0,60,0.0,False,nan,incomplete_transfer,721.1434030380624,
next_day,A2_QUICKLOOK_FIRST,6,e223a3e14a4b84a25f21575ee89029f82a09c7b58906610108154bbfd0b58224,162058.85659696194,30,86400,0,5000000.0,20.0,60,0.0,False,nan,incomplete_transfer,721.1434030380624,
next_day,A3_ROI_FIRST,6,e223a3e14a4b84a25f21575ee89029f82a09c7b58906610108154bbfd0b58224,162058.85659696194,30,86400,0,5000000.0,20.0,60,0.0,False,6171.143403038062,late_availability,721.1434030380624,
next_day,A4_PROGRESSIVE,6,e223a3e14a4b84a25f21575ee89029f82a09c7b58906610108154bbfd0b58224,162058.85659696194,30,86400,0,5000000.0,20.0,60,0.0,False,6204.015031838062,late_availability,721.1434030380624,
next_day,A5_CONTACT_AWARE,6,e223a3e14a4b84a25f21575ee89029f82a09c7b58906610108154bbfd0b58224,162058.85659696194,30,86400,0,5000000.0,20.0,60,0.0,False,nan,incomplete_transfer,721.1434030380624,
next_day,A6_THREAD_AWARE_PRIORITY,6,e223a3e14a4b84a25f21575ee89029f82a09c7b58906610108154bbfd0b58224,162058.85659696194,30,86400,0,5000000.0,20.0,60,0.0,False,6171.176171038062,late_availability,721.1434030380624,
next_day,A0_GROUND_ONLY,7,70d22510804eb8ec91e93b5e5307314d63415771e978c579fba346a3e0701f58,89694.63240020716,30,86400,0,5000000.0,20.0,60,0.0,False,nan,incomplete_transfer,1925.3675997928367,
next_day,A1_COMPRESSED_FULL,7,70d22510804eb8ec91e93b5e5307314d63415771e978c579fba346a3e0701f58,89694.63240020716,30,86400,0,5000000.0,20.0,60,0.0,False,49285.36759979284,late_availability,1925.3675997928367,49255.36759979284
next_day,A2_QUICKLOOK_FIRST,7,70d22510804eb8ec91e93b5e5307314d63415771e978c579fba346a3e0701f58,89694.63240020716,30,86400,0,5000000.0,20.0,60,0.0,False,nan,incomplete_transfer,1925.3675997928367,
next_day,A3_ROI_FIRST,7,70d22510804eb8ec91e93b5e5307314d63415771e978c579fba346a3e0701f58,89694.63240020716,30,86400,0,5000000.0,20.0,60,0.0,False,2025.3675997928367,late_availability,1925.3675997928367,
next_day,A4_PROGRESSIVE,7,70d22510804eb8ec91e93b5e5307314d63415771e978c579fba346a3e0701f58,89694.63240020716,30,86400,0,5000000.0,20.0,60,0.0,False,2058.2392285928368,late_availability,1925.3675997928367,
next_day,A5_CONTACT_AWARE,7,70d22510804eb8ec91e93b5e5307314d63415771e978c579fba346a3e0701f58,89694.63240020716,30,86400,0,5000000.0,20.0,60,0.0,False,nan,incomplete_transfer,1925.3675997928367,
next_day,A6_THREAD_AWARE_PRIORITY,7,70d22510804eb8ec91e93b5e5307314d63415771e978c579fba346a3e0701f58,89694.63240020716,30,86400,0,5000000.0,20.0,60,0.0,False,2025.4003677928367,late_availability,1925.3675997928367,
next_day,A0_GROUND_ONLY,8,8d19f39472da50b1888677754192e5c8042c81e3abf1f6a24d5d48bbc67b62f4,144902.43529740698,30,86400,0,5000000.0,20.0,60,0.0,False,nan,incomplete_transfer,1047.564702593023,
next_day,A1_COMPRESSED_FULL,8,8d19f39472da50b1888677754192e5c8042c81e3abf1f6a24d5d48bbc67b62f4,144902.43529740698,30,86400,0,5000000.0,20.0,60,0.0,False,nan,incomplete_transfer,1047.564702593023,
next_day,A2_QUICKLOOK_FIRST,8,8d19f39472da50b1888677754192e5c8042c81e3abf1f6a24d5d48bbc67b62f4,144902.43529740698,30,86400,0,5000000.0,20.0,60,0.0,False,nan,incomplete_transfer,1047.564702593023,
next_day,A3_ROI_FIRST,8,8d19f39472da50b1888677754192e5c8042c81e3abf1f6a24d5d48bbc67b62f4,144902.43529740698,30,86400,0,5000000.0,20.0,60,0.0,False,1147.564702593023,late_availability,1047.564702593023,
next_day,A4_PROGRESSIVE,8,8d19f39472da50b1888677754192e5c8042c81e3abf1f6a24d5d48bbc67b62f4,144902.43529740698,30,86400,0,5000000.0,20.0,60,0.0,False,1180.436331393023,late_availability,1047.564702593023,
next_day,A5_CONTACT_AWARE,8,8d19f39472da50b1888677754192e5c8042c81e3abf1f6a24d5d48bbc67b62f4,144902.43529740698,30,86400,0,5000000.0,20.0,60,0.0,False,nan,incomplete_transfer,1047.564702593023,
next_day,A6_THREAD_AWARE_PRIORITY,8,8d19f39472da50b1888677754192e5c8042c81e3abf1f6a24d5d48bbc67b62f4,144902.43529740698,30,86400,0,5000000.0,20.0,60,0.0,False,1147.597470593023,late_availability,1047.564702593023,
next_day,A0_GROUND_ONLY,9,77048bc537b78d89b4e6f840b874c3b779e770d090648e36a7b71ffa29c8e23f,87958.18700346815,30,86400,0,5000000.0,20.0,60,0.0,False,nan,incomplete_transfer,481.81299653185124,
next_day,A1_COMPRESSED_FULL,9,77048bc537b78d89b4e6f840b874c3b779e770d090648e36a7b71ffa29c8e23f,87958.18700346815,30,86400,0,5000000.0,20.0,60,0.0,False,39051.81299653185,late_availability,481.81299653185124,39021.81299653185
next_day,A2_QUICKLOOK_FIRST,9,77048bc537b78d89b4e6f840b874c3b779e770d090648e36a7b71ffa29c8e23f,87958.18700346815,30,86400,0,5000000.0,20.0,60,0.0,False,nan,incomplete_transfer,481.81299653185124,
next_day,A3_ROI_FIRST,9,77048bc537b78d89b4e6f840b874c3b779e770d090648e36a7b71ffa29c8e23f,87958.18700346815,30,86400,0,5000000.0,20.0,60,0.0,True,581.8129965318512,timely_sufficient,481.81299653185124,
next_day,A4_PROGRESSIVE,9,77048bc537b78d89b4e6f840b874c3b779e770d090648e36a7b71ffa29c8e23f,87958.18700346815,30,86400,0,5000000.0,20.0,60,0.0,True,614.6846253318513,timely_sufficient,481.81299653185124,
next_day,A5_CONTACT_AWARE,9,77048bc537b78d89b4e6f840b874c3b779e770d090648e36a7b71ffa29c8e23f,87958.18700346815,30,86400,0,5000000.0,20.0,60,0.0,False,nan,incomplete_transfer,481.81299653185124,
next_day,A6_THREAD_AWARE_PRIORITY,9,77048bc537b78d89b4e6f840b874c3b779e770d090648e36a7b71ffa29c8e23f,87958.18700346815,30,86400,0,5000000.0,20.0,60,0.0,True,581.8457645318513,timely_sufficient,481.81299653185124,
next_day,A0_GROUND_ONLY,10,a194d686a1dbe17a7e4617c66ef78ca8330af940e9f4e5d4c45cbb37b026467e,136841.14223680316,30,86400,0,5000000.0,20.0,60,0.0,False,nan,incomplete_transfer,258.85776319683646,
next_day,A1_COMPRESSED_FULL,10,a194d686a1dbe17a7e4617c66ef78ca8330af940e9f4e5d4c45cbb37b026467e,136841.14223680316,30,86400,0,5000000.0,20.0,60,0.0,False,6098.8577631968365,late_availability,258.85776319683646,6068.8577631968365
next_day,A2_QUICKLOOK_FIRST,10,a194d686a1dbe17a7e4617c66ef78ca8330af940e9f4e5d4c45cbb37b026467e,136841.14223680316,30,86400,0,5000000.0,20.0,60,0.0,False,nan,incomplete_transfer,258.85776319683646,
next_day,A3_ROI_FIRST,10,a194d686a1dbe17a7e4617c66ef78ca8330af940e9f4e5d4c45cbb37b026467e,136841.14223680316,30,86400,0,5000000.0,20.0,60,0.0,True,358.85776319683646,timely_sufficient,258.85776319683646,
next_day,A4_PROGRESSIVE,10,a194d686a1dbe17a7e4617c66ef78ca8330af940e9f4e5d4c45cbb37b026467e,136841.14223680316,30,86400,0,5000000.0,20.0,60,0.0,True,391.72939199683645,timely_sufficient,258.85776319683646,
next_day,A5_CONTACT_AWARE,10,a194d686a1dbe17a7e4617c66ef78ca8330af940e9f4e5d4c45cbb37b026467e,136841.14223680316,30,86400,0,5000000.0,20.0,60,0.0,False,nan,incomplete_transfer,258.85776319683646,
next_day,A6_THREAD_AWARE_PRIORITY,10,a194d686a1dbe17a7e4617c66ef78ca8330af940e9f4e5d4c45cbb37b026467e,136841.14223680316,30,86400,0,5000000.0,20.0,60,0.0,True,358.8905311968365,timely_sufficient,258.85776319683646,
next_day,A0_GROUND_ONLY,11,021588ab46ddcae6afff8cf1e8f89bfb84eca407137caa9c6b5a8dc9392bd152,10757.589420950173,30,86400,0,5000000.0,20.0,60,0.0,False,139492.4105790498,late_availability,312.410579049827,139462.4105790498
next_day,A1_COMPRESSED_FULL,11,021588ab46ddcae6afff8cf1e8f89bfb84eca407137caa9c6b5a8dc9392bd152,10757.589420950173,30,86400,0,5000000.0,20.0,60,0.0,False,11652.410579049827,late_availability,312.410579049827,11622.410579049827
next_day,A2_QUICKLOOK_FIRST,11,021588ab46ddcae6afff8cf1e8f89bfb84eca407137caa9c6b5a8dc9392bd152,10757.589420950173,30,86400,0,5000000.0,20.0,60,0.0,False,139524.4105790498,late_availability,312.410579049827,139494.4105790498
next_day,A3_ROI_FIRST,11,021588ab46ddcae6afff8cf1e8f89bfb84eca407137caa9c6b5a8dc9392bd152,10757.589420950173,30,86400,0,5000000.0,20.0,60,0.0,False,5762.410579049827,late_availability,312.410579049827,139542.4105790498
next_day,A4_PROGRESSIVE,11,021588ab46ddcae6afff8cf1e8f89bfb84eca407137caa9c6b5a8dc9392bd152,10757.589420950173,30,86400,0,5000000.0,20.0,60,0.0,False,5795.282207849827,late_availability,312.410579049827,139575.2822078498
next_day,A5_CONTACT_AWARE,11,021588ab46ddcae6afff8cf1e8f89bfb84eca407137caa9c6b5a8dc9392bd152,10757.589420950173,30,86400,0,5000000.0,20.0,60,0.0,False,139492.4105790498,late_availability,312.410579049827,139462.4105790498
next_day,A6_THREAD_AWARE_PRIORITY,11,021588ab46ddcae6afff8cf1e8f89bfb84eca407137caa9c6b5a8dc9392bd152,10757.589420950173,30,86400,0,5000000.0,20.0,60,0.0,False,5762.443347049827,late_availability,312.410579049827,139575.2822078498
next_day,A0_GROUND_ONLY,12,ef44d518bf2933a80ad50975e7b41aa691a55e168555562d9a933d98eee2cf51,88736.79289767242,30,86400,0,5000000.0,20.0,60,0.0,False,nan,incomplete_transfer,993.2071023275785,
next_day,A1_COMPRESSED_FULL,12,ef44d518bf2933a80ad50975e7b41aa691a55e168555562d9a933d98eee2cf51,88736.79289767242,30,86400,0,5000000.0,20.0,60,0.0,False,48293.20710232758,late_availability,993.2071023275785,48263.20710232758
next_day,A2_QUICKLOOK_FIRST,12,ef44d518bf2933a80ad50975e7b41aa691a55e168555562d9a933d98eee2cf51,88736.79289767242,30,86400,0,5000000.0,20.0,60,0.0,False,nan,incomplete_transfer,993.2071023275785,
next_day,A3_ROI_FIRST,12,ef44d518bf2933a80ad50975e7b41aa691a55e168555562d9a933d98eee2cf51,88736.79289767242,30,86400,0,5000000.0,20.0,60,0.0,False,6433.2071023275785,late_availability,993.2071023275785,
next_day,A4_PROGRESSIVE,12,ef44d518bf2933a80ad50975e7b41aa691a55e168555562d9a933d98eee2cf51,88736.79289767242,30,86400,0,5000000.0,20.0,60,0.0,False,6466.078731127578,late_availability,993.2071023275785,
next_day,A5_CONTACT_AWARE,12,ef44d518bf2933a80ad50975e7b41aa691a55e168555562d9a933d98eee2cf51,88736.79289767242,30,86400,0,5000000.0,20.0,60,0.0,False,nan,incomplete_transfer,993.2071023275785,
next_day,A6_THREAD_AWARE_PRIORITY,12,ef44d518bf2933a80ad50975e7b41aa691a55e168555562d9a933d98eee2cf51,88736.79289767242,30,86400,0,5000000.0,20.0,60,0.0,False,6433.2398703275785,late_availability,993.2071023275785,
next_day,A0_GROUND_ONLY,13,9af20afb3b6b336ec57e3ec8b2a93b368e0f3936b2def326c387e17a596adc4a,2223.421192988508,30,86400,0,5000000.0,20.0,60,0.0,False,86496.5788070115,late_availability,86.57880701149179,86466.5788070115
next_day,A1_COMPRESSED_FULL,13,9af20afb3b6b336ec57e3ec8b2a93b368e0f3936b2def326c387e17a596adc4a,2223.421192988508,30,86400,0,5000000.0,20.0,60,0.0,False,33316.578807011494,late_availability,86.57880701149179,33286.578807011494
next_day,A2_QUICKLOOK_FIRST,13,9af20afb3b6b336ec57e3ec8b2a93b368e0f3936b2def326c387e17a596adc4a,2223.421192988508,30,86400,0,5000000.0,20.0,60,0.0,False,119230.5788070115,late_availability,86.57880701149179,119200.5788070115
next_day,A3_ROI_FIRST,13,9af20afb3b6b336ec57e3ec8b2a93b368e0f3936b2def326c387e17a596adc4a,2223.421192988508,30,86400,0,5000000.0,20.0,60,0.0,True,186.5788070114918,timely_sufficient,86.57880701149179,119266.5788070115
next_day,A4_PROGRESSIVE,13,9af20afb3b6b336ec57e3ec8b2a93b368e0f3936b2def326c387e17a596adc4a,2223.421192988508,30,86400,0,5000000.0,20.0,60,0.0,True,219.4504358114918,timely_sufficient,86.57880701149179,119299.4504358115
next_day,A5_CONTACT_AWARE,13,9af20afb3b6b336ec57e3ec8b2a93b368e0f3936b2def326c387e17a596adc4a,2223.421192988508,30,86400,0,5000000.0,20.0,60,0.0,False,86496.5788070115,late_availability,86.57880701149179,86466.5788070115
next_day,A6_THREAD_AWARE_PRIORITY,13,9af20afb3b6b336ec57e3ec8b2a93b368e0f3936b2def326c387e17a596adc4a,2223.421192988508,30,86400,0,5000000.0,20.0,60,0.0,True,186.6115750114918,timely_sufficient,86.57880701149179,119299.4504358115
next_day,A0_GROUND_ONLY,14,55f230d9f68cead505025685c140092e5782fca2ebb5c970847cb345f6a8a895,41795.95486579752,30,86400,0,5000000.0,20.0,60,0.0,False,126754.04513420249,late_availability,1704.0451342024826,126724.04513420249
next_day,A1_COMPRESSED_FULL,14,55f230d9f68cead505025685c140092e5782fca2ebb5c970847cb345f6a8a895,41795.95486579752,30,86400,0,5000000.0,20.0,60,0.0,False,40424.04513420248,late_availability,1704.0451342024826,40394.04513420248
next_day,A2_QUICKLOOK_FIRST,14,55f230d9f68cead505025685c140092e5782fca2ebb5c970847cb345f6a8a895,41795.95486579752,30,86400,0,5000000.0,20.0,60,0.0,False,126788.04513420249,late_availability,1704.0451342024826,126758.04513420249
next_day,A3_ROI_FIRST,14,55f230d9f68cead505025685c140092e5782fca2ebb5c970847cb345f6a8a895,41795.95486579752,30,86400,0,5000000.0,20.0,60,0.0,False,1804.0451342024826,late_availability,1704.0451342024826,
next_day,A4_PROGRESSIVE,14,55f230d9f68cead505025685c140092e5782fca2ebb5c970847cb345f6a8a895,41795.95486579752,30,86400,0,5000000.0,20.0,60,0.0,False,1836.9167630024826,late_availability,1704.0451342024826,
next_day,A5_CONTACT_AWARE,14,55f230d9f68cead505025685c140092e5782fca2ebb5c970847cb345f6a8a895,41795.95486579752,30,86400,0,5000000.0,20.0,60,0.0,False,126754.04513420249,late_availability,1704.0451342024826,126724.04513420249
next_day,A6_THREAD_AWARE_PRIORITY,14,55f230d9f68cead505025685c140092e5782fca2ebb5c970847cb345f6a8a895,41795.95486579752,30,86400,0,5000000.0,20.0,60,0.0,False,1804.0779022024826,late_availability,1704.0451342024826,
next_day,A0_GROUND_ONLY,15,6bfd22626d5191750e950fd5da4ddbaf9a109d62ccf3fb97d920083293a08ef0,161247.47134785925,30,86400,0,5000000.0,20.0,60,0.0,False,nan,incomplete_transfer,212.52865214075428,
next_day,A1_COMPRESSED_FULL,15,6bfd22626d5191750e950fd5da4ddbaf9a109d62ccf3fb97d920083293a08ef0,161247.47134785925,30,86400,0,5000000.0,20.0,60,0.0,False,nan,incomplete_transfer,212.52865214075428,
next_day,A2_QUICKLOOK_FIRST,15,6bfd22626d5191750e950fd5da4ddbaf9a109d62ccf3fb97d920083293a08ef0,161247.47134785925,30,86400,0,5000000.0,20.0,60,0.0,False,nan,incomplete_transfer,212.52865214075428,
next_day,A3_ROI_FIRST,15,6bfd22626d5191750e950fd5da4ddbaf9a109d62ccf3fb97d920083293a08ef0,161247.47134785925,30,86400,0,5000000.0,20.0,60,0.0,True,312.5286521407543,timely_sufficient,212.52865214075428,
next_day,A4_PROGRESSIVE,15,6bfd22626d5191750e950fd5da4ddbaf9a109d62ccf3fb97d920083293a08ef0,161247.47134785925,30,86400,0,5000000.0,20.0,60,0.0,True,345.40028094075427,timely_sufficient,212.52865214075428,
next_day,A5_CONTACT_AWARE,15,6bfd22626d5191750e950fd5da4ddbaf9a109d62ccf3fb97d920083293a08ef0,161247.47134785925,30,86400,0,5000000.0,20.0,60,0.0,False,nan,incomplete_transfer,212.52865214075428,
next_day,A6_THREAD_AWARE_PRIORITY,15,6bfd22626d5191750e950fd5da4ddbaf9a109d62ccf3fb97d920083293a08ef0,161247.47134785925,30,86400,0,5000000.0,20.0,60,0.0,True,312.5614201407543,timely_sufficient,212.52865214075428,
next_day,A0_GROUND_ONLY,16,b51c37d55a48ec3edc27a4a437a375ecd3e7ade63475dab46ce92d3c370cc2c7,78181.82051197265,30,86400,0,5000000.0,20.0,60,0.0,False,92078.17948802735,late_availability,328.1794880273519,92048.17948802735
next_day,A1_COMPRESSED_FULL,16,b51c37d55a48ec3edc27a4a437a375ecd3e7ade63475dab46ce92d3c370cc2c7,78181.82051197265,30,86400,0,5000000.0,20.0,60,0.0,False,47628.17948802735,late_availability,328.1794880273519,47598.17948802735
next_day,A2_QUICKLOOK_FIRST,16,b51c37d55a48ec3edc27a4a437a375ecd3e7ade63475dab46ce92d3c370cc2c7,78181.82051197265,30,86400,0,5000000.0,20.0,60,0.0,False,92112.17948802735,late_availability,328.1794880273519,92082.17948802735
next_day,A3_ROI_FIRST,16,b51c37d55a48ec3edc27a4a437a375ecd3e7ade63475dab46ce92d3c370cc2c7,78181.82051197265,30,86400,0,5000000.0,20.0,60,0.0,False,5768.179488027352,late_availability,328.1794880273519,92148.17948802735
next_day,A4_PROGRESSIVE,16,b51c37d55a48ec3edc27a4a437a375ecd3e7ade63475dab46ce92d3c370cc2c7,78181.82051197265,30,86400,0,5000000.0,20.0,60,0.0,False,5801.0511168273515,late_availability,328.1794880273519,92181.05111682735
next_day,A5_CONTACT_AWARE,16,b51c37d55a48ec3edc27a4a437a375ecd3e7ade63475dab46ce92d3c370cc2c7,78181.82051197265,30,86400,0,5000000.0,20.0,60,0.0,False,92078.17948802735,late_availability,328.1794880273519,92048.17948802735
next_day,A6_THREAD_AWARE_PRIORITY,16,b51c37d55a48ec3edc27a4a437a375ecd3e7ade63475dab46ce92d3c370cc2c7,78181.82051197265,30,86400,0,5000000.0,20.0,60,0.0,False,5768.212256027352,late_availability,328.1794880273519,92181.05111682735
next_day,A0_GROUND_ONLY,17,9dde75cc9acb52ea7ad92e2211d8c0339519013c73c261156f602501e800a730,135271.13657556393,30,86400,0,5000000.0,20.0,60,0.0,False,nan,incomplete_transfer,1318.8634244360728,
next_day,A1_COMPRESSED_FULL,17,9dde75cc9acb52ea7ad92e2211d8c0339519013c73c261156f602501e800a730,135271.13657556393,30,86400,0,5000000.0,20.0,60,0.0,False,nan,incomplete_transfer,1318.8634244360728,
next_day,A2_QUICKLOOK_FIRST,17,9dde75cc9acb52ea7ad92e2211d8c0339519013c73c261156f602501e800a730,135271.13657556393,30,86400,0,5000000.0,20.0,60,0.0,False,nan,incomplete_transfer,1318.8634244360728,
next_day,A3_ROI_FIRST,17,9dde75cc9acb52ea7ad92e2211d8c0339519013c73c261156f602501e800a730,135271.13657556393,30,86400,0,5000000.0,20.0,60,0.0,False,1418.8634244360728,late_availability,1318.8634244360728,
next_day,A4_PROGRESSIVE,17,9dde75cc9acb52ea7ad92e2211d8c0339519013c73c261156f602501e800a730,135271.13657556393,30,86400,0,5000000.0,20.0,60,0.0,False,1451.7350532360729,late_availability,1318.8634244360728,
next_day,A5_CONTACT_AWARE,17,9dde75cc9acb52ea7ad92e2211d8c0339519013c73c261156f602501e800a730,135271.13657556393,30,86400,0,5000000.0,20.0,60,0.0,False,nan,incomplete_transfer,1318.8634244360728,
next_day,A6_THREAD_AWARE_PRIORITY,17,9dde75cc9acb52ea7ad92e2211d8c0339519013c73c261156f602501e800a730,135271.13657556393,30,86400,0,5000000.0,20.0,60,0.0,False,1418.8961924360729,late_availability,1318.8634244360728,
next_day,A0_GROUND_ONLY,18,3e4eed09a80ca68967768d4941ff390c62c5d594508d09d1dc0cb41e13cd5f05,165135.03257907528,30,86400,0,5000000.0,20.0,60,0.0,False,nan,incomplete_transfer,104.96742092471686,
next_day,A1_COMPRESSED_FULL,18,3e4eed09a80ca68967768d4941ff390c62c5d594508d09d1dc0cb41e13cd5f05,165135.03257907528,30,86400,0,5000000.0,20.0,60,0.0,False,nan,incomplete_transfer,104.96742092471686,
next_day,A2_QUICKLOOK_FIRST,18,3e4eed09a80ca68967768d4941ff390c62c5d594508d09d1dc0cb41e13cd5f05,165135.03257907528,30,86400,0,5000000.0,20.0,60,0.0,False,nan,incomplete_transfer,104.96742092471686,
next_day,A3_ROI_FIRST,18,3e4eed09a80ca68967768d4941ff390c62c5d594508d09d1dc0cb41e13cd5f05,165135.03257907528,30,86400,0,5000000.0,20.0,60,0.0,True,204.96742092471686,timely_sufficient,104.96742092471686,
next_day,A4_PROGRESSIVE,18,3e4eed09a80ca68967768d4941ff390c62c5d594508d09d1dc0cb41e13cd5f05,165135.03257907528,30,86400,0,5000000.0,20.0,60,0.0,True,237.83904972471686,timely_sufficient,104.96742092471686,
next_day,A5_CONTACT_AWARE,18,3e4eed09a80ca68967768d4941ff390c62c5d594508d09d1dc0cb41e13cd5f05,165135.03257907528,30,86400,0,5000000.0,20.0,60,0.0,False,nan,incomplete_transfer,104.96742092471686,
next_day,A6_THREAD_AWARE_PRIORITY,18,3e4eed09a80ca68967768d4941ff390c62c5d594508d09d1dc0cb41e13cd5f05,165135.03257907528,30,86400,0,5000000.0,20.0,60,0.0,True,205.00018892471687,timely_sufficient,104.96742092471686,
next_day,A0_GROUND_ONLY,19,36cf44080e4fde73a1d087c6cb0905dd0b0718cf084f790d8d36f9e770f593ea,130327.40996119597,30,86400,0,5000000.0,20.0,60,0.0,False,nan,incomplete_transfer,592.5900388040318,
next_day,A1_COMPRESSED_FULL,19,36cf44080e4fde73a1d087c6cb0905dd0b0718cf084f790d8d36f9e770f593ea,130327.40996119597,30,86400,0,5000000.0,20.0,60,0.0,False,nan,incomplete_transfer,592.5900388040318,
next_day,A2_QUICKLOOK_FIRST,19,36cf44080e4fde73a1d087c6cb0905dd0b0718cf084f790d8d36f9e770f593ea,130327.40996119597,30,86400,0,5000000.0,20.0,60,0.0,False,nan,incomplete_transfer,592.5900388040318,
next_day,A3_ROI_FIRST,19,36cf44080e4fde73a1d087c6cb0905dd0b0718cf084f790d8d36f9e770f593ea,130327.40996119597,30,86400,0,5000000.0,20.0,60,0.0,False,6072.590038804032,late_availability,592.5900388040318,
next_day,A4_PROGRESSIVE,19,36cf44080e4fde73a1d087c6cb0905dd0b0718cf084f790d8d36f9e770f593ea,130327.40996119597,30,86400,0,5000000.0,20.0,60,0.0,False,6105.461667604031,late_availability,592.5900388040318,
next_day,A5_CONTACT_AWARE,19,36cf44080e4fde73a1d087c6cb0905dd0b0718cf084f790d8d36f9e770f593ea,130327.40996119597,30,86400,0,5000000.0,20.0,60,0.0,False,nan,incomplete_transfer,592.5900388040318,
next_day,A6_THREAD_AWARE_PRIORITY,19,36cf44080e4fde73a1d087c6cb0905dd0b0718cf084f790d8d36f9e770f593ea,130327.40996119597,30,86400,0,5000000.0,20.0,60,0.0,False,6072.622806804032,late_availability,592.5900388040318,
next_day,A0_GROUND_ONLY,20,79443711e8a69cbf02af28f502a409ca977f0c2084113ea038c73971818431aa,79271.02272901162,30,86400,0,5000000.0,20.0,60,0.0,False,nan,incomplete_transfer,1128.9772709883837,
next_day,A1_COMPRESSED_FULL,20,79443711e8a69cbf02af28f502a409ca977f0c2084113ea038c73971818431aa,79271.02272901162,30,86400,0,5000000.0,20.0,60,0.0,False,48488.977270988384,late_availability,1128.9772709883837,48458.977270988384
next_day,A2_QUICKLOOK_FIRST,20,79443711e8a69cbf02af28f502a409ca977f0c2084113ea038c73971818431aa,79271.02272901162,30,86400,0,5000000.0,20.0,60,0.0,False,nan,incomplete_transfer,1128.9772709883837,
next_day,A3_ROI_FIRST,20,79443711e8a69cbf02af28f502a409ca977f0c2084113ea038c73971818431aa,79271.02272901162,30,86400,0,5000000.0,20.0,60,0.0,False,1228.9772709883837,late_availability,1128.9772709883837,
next_day,A4_PROGRESSIVE,20,79443711e8a69cbf02af28f502a409ca977f0c2084113ea038c73971818431aa,79271.02272901162,30,86400,0,5000000.0,20.0,60,0.0,False,6631.848899788383,late_availability,1128.9772709883837,
next_day,A5_CONTACT_AWARE,20,79443711e8a69cbf02af28f502a409ca977f0c2084113ea038c73971818431aa,79271.02272901162,30,86400,0,5000000.0,20.0,60,0.0,False,nan,incomplete_transfer,1128.9772709883837,
next_day,A6_THREAD_AWARE_PRIORITY,20,79443711e8a69cbf02af28f502a409ca977f0c2084113ea038c73971818431aa,79271.02272901162,30,86400,0,5000000.0,20.0,60,0.0,False,1229.0100389883837,late_availability,1128.9772709883837,
next_day,A0_GROUND_ONLY,21,9f26e951723cd798d4a66ed749ccd1f2a9bf05d19411d01757d238b8fdddafc6,88104.08775749971,30,86400,0,5000000.0,20.0,60,0.0,False,nan,incomplete_transfer,335.9122425002861,
next_day,A1_COMPRESSED_FULL,21,9f26e951723cd798d4a66ed749ccd1f2a9bf05d19411d01757d238b8fdddafc6,88104.08775749971,30,86400,0,5000000.0,20.0,60,0.0,False,38905.912242500286,late_availability,335.9122425002861,38875.912242500286
next_day,A2_QUICKLOOK_FIRST,21,9f26e951723cd798d4a66ed749ccd1f2a9bf05d19411d01757d238b8fdddafc6,88104.08775749971,30,86400,0,5000000.0,20.0,60,0.0,False,nan,incomplete_transfer,335.9122425002861,
next_day,A3_ROI_FIRST,21,9f26e951723cd798d4a66ed749ccd1f2a9bf05d19411d01757d238b8fdddafc6,88104.08775749971,30,86400,0,5000000.0,20.0,60,0.0,True,435.9122425002861,timely_sufficient,335.9122425002861,
next_day,A4_PROGRESSIVE,21,9f26e951723cd798d4a66ed749ccd1f2a9bf05d19411d01757d238b8fdddafc6,88104.08775749971,30,86400,0,5000000.0,20.0,60,0.0,True,468.7838713002861,timely_sufficient,335.9122425002861,
next_day,A5_CONTACT_AWARE,21,9f26e951723cd798d4a66ed749ccd1f2a9bf05d19411d01757d238b8fdddafc6,88104.08775749971,30,86400,0,5000000.0,20.0,60,0.0,False,nan,incomplete_transfer,335.9122425002861,
next_day,A6_THREAD_AWARE_PRIORITY,21,9f26e951723cd798d4a66ed749ccd1f2a9bf05d19411d01757d238b8fdddafc6,88104.08775749971,30,86400,0,5000000.0,20.0,60,0.0,True,435.9450105002861,timely_sufficient,335.9122425002861,
next_day,A0_GROUND_ONLY,22,c03abe03d7bf1c65d07b2a3c006d478385ea71bc9aa5bfd464c46c5fe5ae0bb3,125915.27799004433,30,86400,0,5000000.0,20.0,60,0.0,False,nan,incomplete_transfer,1344.7220099556725,
next_day,A1_COMPRESSED_FULL,22,c03abe03d7bf1c65d07b2a3c006d478385ea71bc9aa5bfd464c46c5fe5ae0bb3,125915.27799004433,30,86400,0,5000000.0,20.0,60,0.0,False,nan,incomplete_transfer,1344.7220099556725,
next_day,A2_QUICKLOOK_FIRST,22,c03abe03d7bf1c65d07b2a3c006d478385ea71bc9aa5bfd464c46c5fe5ae0bb3,125915.27799004433,30,86400,0,5000000.0,20.0,60,0.0,False,nan,incomplete_transfer,1344.7220099556725,
next_day,A3_ROI_FIRST,22,c03abe03d7bf1c65d07b2a3c006d478385ea71bc9aa5bfd464c46c5fe5ae0bb3,125915.27799004433,30,86400,0,5000000.0,20.0,60,0.0,False,1444.7220099556725,late_availability,1344.7220099556725,
next_day,A4_PROGRESSIVE,22,c03abe03d7bf1c65d07b2a3c006d478385ea71bc9aa5bfd464c46c5fe5ae0bb3,125915.27799004433,30,86400,0,5000000.0,20.0,60,0.0,False,1477.5936387556726,late_availability,1344.7220099556725,
next_day,A5_CONTACT_AWARE,22,c03abe03d7bf1c65d07b2a3c006d478385ea71bc9aa5bfd464c46c5fe5ae0bb3,125915.27799004433,30,86400,0,5000000.0,20.0,60,0.0,False,nan,incomplete_transfer,1344.7220099556725,
next_day,A6_THREAD_AWARE_PRIORITY,22,c03abe03d7bf1c65d07b2a3c006d478385ea71bc9aa5bfd464c46c5fe5ae0bb3,125915.27799004433,30,86400,0,5000000.0,20.0,60,0.0,False,1444.7547779556726,late_availability,1344.7220099556725,
next_day,A0_GROUND_ONLY,23,a0f3f5eb34d0e6cc4f15c17228a9990aed80eed98288736c970578b9f72763b7,91925.60430622347,30,86400,0,5000000.0,20.0,60,0.0,False,nan,incomplete_transfer,204.39569377653243,
next_day,A1_COMPRESSED_FULL,23,a0f3f5eb34d0e6cc4f15c17228a9990aed80eed98288736c970578b9f72763b7,91925.60430622347,30,86400,0,5000000.0,20.0,60,0.0,False,6104.395693776532,late_availability,204.39569377653243,6074.395693776532
next_day,A2_QUICKLOOK_FIRST,23,a0f3f5eb34d0e6cc4f15c17228a9990aed80eed98288736c970578b9f72763b7,91925.60430622347,30,86400,0,5000000.0,20.0,60,0.0,False,nan,incomplete_transfer,204.39569377653243,
next_day,A3_ROI_FIRST,23,a0f3f5eb34d0e6cc4f15c17228a9990aed80eed98288736c970578b9f72763b7,91925.60430622347,30,86400,0,5000000.0,20.0,60,0.0,True,304.3956937765324,timely_sufficient,204.39569377653243,
next_day,A4_PROGRESSIVE,23,a0f3f5eb34d0e6cc4f15c17228a9990aed80eed98288736c970578b9f72763b7,91925.60430622347,30,86400,0,5000000.0,20.0,60,0.0,True,337.2673225765324,timely_sufficient,204.39569377653243,
next_day,A5_CONTACT_AWARE,23,a0f3f5eb34d0e6cc4f15c17228a9990aed80eed98288736c970578b9f72763b7,91925.60430622347,30,86400,0,5000000.0,20.0,60,0.0,False,nan,incomplete_transfer,204.39569377653243,
next_day,A6_THREAD_AWARE_PRIORITY,23,a0f3f5eb34d0e6cc4f15c17228a9990aed80eed98288736c970578b9f72763b7,91925.60430622347,30,86400,0,5000000.0,20.0,60,0.0,True,304.42846177653246,timely_sufficient,204.39569377653243,
aoi_shift_1deg,A0_GROUND_ONLY,0,ca4f577ad8e71e1e150861cee4e7d5f2bba1eb7a12539ebc18821b5360b1879c,71203.2493812608,30,0,1,5000000.0,20.0,60,0.0,False,nan,incomplete_transfer,106.75061873919913,
aoi_shift_1deg,A1_COMPRESSED_FULL,0,ca4f577ad8e71e1e150861cee4e7d5f2bba1eb7a12539ebc18821b5360b1879c,71203.2493812608,30,0,1,5000000.0,20.0,60,0.0,False,47706.7506187392,late_availability,106.75061873919913,47676.7506187392
aoi_shift_1deg,A2_QUICKLOOK_FIRST,0,ca4f577ad8e71e1e150861cee4e7d5f2bba1eb7a12539ebc18821b5360b1879c,71203.2493812608,30,0,1,5000000.0,20.0,60,0.0,False,nan,incomplete_transfer,106.75061873919913,
aoi_shift_1deg,A3_ROI_FIRST,0,ca4f577ad8e71e1e150861cee4e7d5f2bba1eb7a12539ebc18821b5360b1879c,71203.2493812608,30,0,1,5000000.0,20.0,60,0.0,True,206.75061873919913,timely_sufficient,106.75061873919913,
aoi_shift_1deg,A4_PROGRESSIVE,0,ca4f577ad8e71e1e150861cee4e7d5f2bba1eb7a12539ebc18821b5360b1879c,71203.2493812608,30,0,1,5000000.0,20.0,60,0.0,True,239.62224753919912,timely_sufficient,106.75061873919913,
aoi_shift_1deg,A5_CONTACT_AWARE,0,ca4f577ad8e71e1e150861cee4e7d5f2bba1eb7a12539ebc18821b5360b1879c,71203.2493812608,30,0,1,5000000.0,20.0,60,0.0,False,nan,incomplete_transfer,106.75061873919913,
aoi_shift_1deg,A6_THREAD_AWARE_PRIORITY,0,ca4f577ad8e71e1e150861cee4e7d5f2bba1eb7a12539ebc18821b5360b1879c,71203.2493812608,30,0,1,5000000.0,20.0,60,0.0,True,206.78338673919913,timely_sufficient,106.75061873919913,
aoi_shift_1deg,A0_GROUND_ONLY,1,d9812535f85a2b8392b1489a47e186c9f417c5de2c266ef57e561237174de333,71424.58273047769,30,0,1,5000000.0,20.0,60,0.0,False,86775.41726952231,late_availability,365.41726952230965,86745.41726952231
aoi_shift_1deg,A1_COMPRESSED_FULL,1,d9812535f85a2b8392b1489a47e186c9f417c5de2c266ef57e561237174de333,71424.58273047769,30,0,1,5000000.0,20.0,60,0.0,False,6205.41726952231,late_availability,365.41726952230965,6175.41726952231
aoi_shift_1deg,A2_QUICKLOOK_FIRST,1,d9812535f85a2b8392b1489a47e186c9f417c5de2c266ef57e561237174de333,71424.58273047769,30,0,1,5000000.0,20.0,60,0.0,False,92149.41726952231,late_availability,365.41726952230965,92119.41726952231
aoi_shift_1deg,A3_ROI_FIRST,1,d9812535f85a2b8392b1489a47e186c9f417c5de2c266ef57e561237174de333,71424.58273047769,30,0,1,5000000.0,20.0,60,0.0,True,465.41726952230965,timely_sufficient,365.41726952230965,92185.41726952231
aoi_shift_1deg,A4_PROGRESSIVE,1,d9812535f85a2b8392b1489a47e186c9f417c5de2c266ef57e561237174de333,71424.58273047769,30,0,1,5000000.0,20.0,60,0.0,True,498.28889832230965,timely_sufficient,365.41726952230965,92218.28889832231
aoi_shift_1deg,A5_CONTACT_AWARE,1,d9812535f85a2b8392b1489a47e186c9f417c5de2c266ef57e561237174de333,71424.58273047769,30,0,1,5000000.0,20.0,60,0.0,False,86775.41726952231,late_availability,365.41726952230965,86745.41726952231
aoi_shift_1deg,A6_THREAD_AWARE_PRIORITY,1,d9812535f85a2b8392b1489a47e186c9f417c5de2c266ef57e561237174de333,71424.58273047769,30,0,1,5000000.0,20.0,60,0.0,True,465.4500375223097,timely_sufficient,365.41726952230965,92218.28889832231
aoi_shift_1deg,A0_GROUND_ONLY,2,8cca84d0545f4fb3ba43dd6b5188edade444503fd9f3c4ce4a08adfd7ab1b910,58205.71618563066,30,0,1,5000000.0,20.0,60,0.0,False,nan,incomplete_transfer,414.28381436933705,
aoi_shift_1deg,A1_COMPRESSED_FULL,2,8cca84d0545f4fb3ba43dd6b5188edade444503fd9f3c4ce4a08adfd7ab1b910,58205.71618563066,30,0,1,5000000.0,20.0,60,0.0,False,44694.28381436934,late_availability,414.28381436933705,44664.28381436934
aoi_shift_1deg,A2_QUICKLOOK_FIRST,2,8cca84d0545f4fb3ba43dd6b5188edade444503fd9f3c4ce4a08adfd7ab1b910,58205.71618563066,30,0,1,5000000.0,20.0,60,0.0,False,nan,incomplete_transfer,414.28381436933705,
aoi_shift_1deg,A3_ROI_FIRST,2,8cca84d0545f4fb3ba43dd6b5188edade444503fd9f3c4ce4a08adfd7ab1b910,58205.71618563066,30,0,1,5000000.0,20.0,60,0.0,False,6074.283814369337,late_availability,414.28381436933705,
aoi_shift_1deg,A4_PROGRESSIVE,2,8cca84d0545f4fb3ba43dd6b5188edade444503fd9f3c4ce4a08adfd7ab1b910,58205.71618563066,30,0,1,5000000.0,20.0,60,0.0,False,6107.155443169337,late_availability,414.28381436933705,
aoi_shift_1deg,A5_CONTACT_AWARE,2,8cca84d0545f4fb3ba43dd6b5188edade444503fd9f3c4ce4a08adfd7ab1b910,58205.71618563066,30,0,1,5000000.0,20.0,60,0.0,False,nan,incomplete_transfer,414.28381436933705,
aoi_shift_1deg,A6_THREAD_AWARE_PRIORITY,2,8cca84d0545f4fb3ba43dd6b5188edade444503fd9f3c4ce4a08adfd7ab1b910,58205.71618563066,30,0,1,5000000.0,20.0,60,0.0,False,6074.316582369337,late_availability,414.28381436933705,
aoi_shift_1deg,A0_GROUND_ONLY,3,6a235117c11cebb9dea010e3fb68cf2ba67d9ec320a484c71e5bbfd4dcfbc0c9,158611.93508804622,30,0,1,5000000.0,20.0,60,0.0,False,nan,incomplete_transfer,748.0649119537848,
aoi_shift_1deg,A1_COMPRESSED_FULL,3,6a235117c11cebb9dea010e3fb68cf2ba67d9ec320a484c71e5bbfd4dcfbc0c9,158611.93508804622,30,0,1,5000000.0,20.0,60,0.0,False,nan,incomplete_transfer,748.0649119537848,
aoi_shift_1deg,A2_QUICKLOOK_FIRST,3,6a235117c11cebb9dea010e3fb68cf2ba67d9ec320a484c71e5bbfd4dcfbc0c9,158611.93508804622,30,0,1,5000000.0,20.0,60,0.0,False,nan,incomplete_transfer,748.0649119537848,
aoi_shift_1deg,A3_ROI_FIRST,3,6a235117c11cebb9dea010e3fb68cf2ba67d9ec320a484c71e5bbfd4dcfbc0c9,158611.93508804622,30,0,1,5000000.0,20.0,60,0.0,True,848.0649119537848,timely_sufficient,748.0649119537848,
aoi_shift_1deg,A4_PROGRESSIVE,3,6a235117c11cebb9dea010e3fb68cf2ba67d9ec320a484c71e5bbfd4dcfbc0c9,158611.93508804622,30,0,1,5000000.0,20.0,60,0.0,False,nan,incomplete_transfer,748.0649119537848,
aoi_shift_1deg,A5_CONTACT_AWARE,3,6a235117c11cebb9dea010e3fb68cf2ba67d9ec320a484c71e5bbfd4dcfbc0c9,158611.93508804622,30,0,1,5000000.0,20.0,60,0.0,False,nan,incomplete_transfer,748.0649119537848,
aoi_shift_1deg,A6_THREAD_AWARE_PRIORITY,3,6a235117c11cebb9dea010e3fb68cf2ba67d9ec320a484c71e5bbfd4dcfbc0c9,158611.93508804622,30,0,1,5000000.0,20.0,60,0.0,True,848.0976799537848,timely_sufficient,748.0649119537848,
aoi_shift_1deg,A0_GROUND_ONLY,4,7547a57927740dec4f6195505c186e899b3ec4e944c0f60cc81cef6d3071cf75,132436.21328815687,30,0,1,5000000.0,20.0,60,0.0,False,nan,incomplete_transfer,643.7867118431313,
aoi_shift_1deg,A1_COMPRESSED_FULL,4,7547a57927740dec4f6195505c186e899b3ec4e944c0f60cc81cef6d3071cf75,132436.21328815687,30,0,1,5000000.0,20.0,60,0.0,False,nan,incomplete_transfer,643.7867118431313,
aoi_shift_1deg,A2_QUICKLOOK_FIRST,4,7547a57927740dec4f6195505c186e899b3ec4e944c0f60cc81cef6d3071cf75,132436.21328815687,30,0,1,5000000.0,20.0,60,0.0,False,nan,incomplete_transfer,643.7867118431313,
aoi_shift_1deg,A3_ROI_FIRST,4,7547a57927740dec4f6195505c186e899b3ec4e944c0f60cc81cef6d3071cf75,132436.21328815687,30,0,1,5000000.0,20.0,60,0.0,False,6053.786711843131,late_availability,643.7867118431313,
aoi_shift_1deg,A4_PROGRESSIVE,4,7547a57927740dec4f6195505c186e899b3ec4e944c0f60cc81cef6d3071cf75,132436.21328815687,30,0,1,5000000.0,20.0,60,0.0,False,6086.658340643131,late_availability,643.7867118431313,
aoi_shift_1deg,A5_CONTACT_AWARE,4,7547a57927740dec4f6195505c186e899b3ec4e944c0f60cc81cef6d3071cf75,132436.21328815687,30,0,1,5000000.0,20.0,60,0.0,False,nan,incomplete_transfer,643.7867118431313,
aoi_shift_1deg,A6_THREAD_AWARE_PRIORITY,4,7547a57927740dec4f6195505c186e899b3ec4e944c0f60cc81cef6d3071cf75,132436.21328815687,30,0,1,5000000.0,20.0,60,0.0,False,6053.819479843131,late_availability,643.7867118431313,
aoi_shift_1deg,A0_GROUND_ONLY,5,35384e653804994ea9ad6f8889f397f0df83786e3ec7c82c76c2c8e3c91c3a60,47831.79843658002,30,0,1,5000000.0,20.0,60,0.0,False,nan,incomplete_transfer,1008.2015634199779,
aoi_shift_1deg,A1_COMPRESSED_FULL,5,35384e653804994ea9ad6f8889f397f0df83786e3ec7c82c76c2c8e3c91c3a60,47831.79843658002,30,0,1,5000000.0,20.0,60,0.0,False,48458.20156341998,late_availability,1008.2015634199779,48428.20156341998
aoi_shift_1deg,A2_QUICKLOOK_FIRST,5,35384e653804994ea9ad6f8889f397f0df83786e3ec7c82c76c2c8e3c91c3a60,47831.79843658002,30,0,1,5000000.0,20.0,60,0.0,False,nan,incomplete_transfer,1008.2015634199779,
aoi_shift_1deg,A3_ROI_FIRST,5,35384e653804994ea9ad6f8889f397f0df83786e3ec7c82c76c2c8e3c91c3a60,47831.79843658002,30,0,1,5000000.0,20.0,60,0.0,False,1108.201563419978,late_availability,1008.2015634199779,
aoi_shift_1deg,A4_PROGRESSIVE,5,35384e653804994ea9ad6f8889f397f0df83786e3ec7c82c76c2c8e3c91c3a60,47831.79843658002,30,0,1,5000000.0,20.0,60,0.0,False,6571.0731922199775,late_availability,1008.2015634199779,
aoi_shift_1deg,A5_CONTACT_AWARE,5,35384e653804994ea9ad6f8889f397f0df83786e3ec7c82c76c2c8e3c91c3a60,47831.79843658002,30,0,1,5000000.0,20.0,60,0.0,False,nan,incomplete_transfer,1008.2015634199779,
aoi_shift_1deg,A6_THREAD_AWARE_PRIORITY,5,35384e653804994ea9ad6f8889f397f0df83786e3ec7c82c76c2c8e3c91c3a60,47831.79843658002,30,0,1,5000000.0,20.0,60,0.0,False,1108.234331419978,late_availability,1008.2015634199779,
aoi_shift_1deg,A0_GROUND_ONLY,6,fda9337482dc19d6aa0274ae04040c4163a736a677a7d029096f076ac8e218ee,162058.85659696194,30,0,1,5000000.0,20.0,60,0.0,False,nan,incomplete_transfer,961.1434030380624,
aoi_shift_1deg,A1_COMPRESSED_FULL,6,fda9337482dc19d6aa0274ae04040c4163a736a677a7d029096f076ac8e218ee,162058.85659696194,30,0,1,5000000.0,20.0,60,0.0,False,nan,incomplete_transfer,961.1434030380624,
aoi_shift_1deg,A2_QUICKLOOK_FIRST,6,fda9337482dc19d6aa0274ae04040c4163a736a677a7d029096f076ac8e218ee,162058.85659696194,30,0,1,5000000.0,20.0,60,0.0,False,nan,incomplete_transfer,961.1434030380624,
aoi_shift_1deg,A3_ROI_FIRST,6,fda9337482dc19d6aa0274ae04040c4163a736a677a7d029096f076ac8e218ee,162058.85659696194,30,0,1,5000000.0,20.0,60,0.0,False,6411.143403038062,late_availability,961.1434030380624,
aoi_shift_1deg,A4_PROGRESSIVE,6,fda9337482dc19d6aa0274ae04040c4163a736a677a7d029096f076ac8e218ee,162058.85659696194,30,0,1,5000000.0,20.0,60,0.0,False,6444.015031838062,late_availability,961.1434030380624,
aoi_shift_1deg,A5_CONTACT_AWARE,6,fda9337482dc19d6aa0274ae04040c4163a736a677a7d029096f076ac8e218ee,162058.85659696194,30,0,1,5000000.0,20.0,60,0.0,False,nan,incomplete_transfer,961.1434030380624,
aoi_shift_1deg,A6_THREAD_AWARE_PRIORITY,6,fda9337482dc19d6aa0274ae04040c4163a736a677a7d029096f076ac8e218ee,162058.85659696194,30,0,1,5000000.0,20.0,60,0.0,False,6411.176171038062,late_availability,961.1434030380624,
aoi_shift_1deg,A0_GROUND_ONLY,7,1c872d30a5df33b5e5b37b5d07a13481b0fc243e9f87a5ca529540fe05a0a1b5,89694.63240020716,30,0,1,5000000.0,20.0,60,0.0,False,nan,incomplete_transfer,305.3675997928367,
aoi_shift_1deg,A1_COMPRESSED_FULL,7,1c872d30a5df33b5e5b37b5d07a13481b0fc243e9f87a5ca529540fe05a0a1b5,89694.63240020716,30,0,1,5000000.0,20.0,60,0.0,False,47575.36759979284,late_availability,305.3675997928367,47545.36759979284
aoi_shift_1deg,A2_QUICKLOOK_FIRST,7,1c872d30a5df33b5e5b37b5d07a13481b0fc243e9f87a5ca529540fe05a0a1b5,89694.63240020716,30,0,1,5000000.0,20.0,60,0.0,False,nan,incomplete_transfer,305.3675997928367,
aoi_shift_1deg,A3_ROI_FIRST,7,1c872d30a5df33b5e5b37b5d07a13481b0fc243e9f87a5ca529540fe05a0a1b5,89694.63240020716,30,0,1,5000000.0,20.0,60,0.0,False,5745.367599792837,late_availability,305.3675997928367,
aoi_shift_1deg,A4_PROGRESSIVE,7,1c872d30a5df33b5e5b37b5d07a13481b0fc243e9f87a5ca529540fe05a0a1b5,89694.63240020716,30,0,1,5000000.0,20.0,60,0.0,False,5778.239228592836,late_availability,305.3675997928367,
aoi_shift_1deg,A5_CONTACT_AWARE,7,1c872d30a5df33b5e5b37b5d07a13481b0fc243e9f87a5ca529540fe05a0a1b5,89694.63240020716,30,0,1,5000000.0,20.0,60,0.0,False,nan,incomplete_transfer,305.3675997928367,
aoi_shift_1deg,A6_THREAD_AWARE_PRIORITY,7,1c872d30a5df33b5e5b37b5d07a13481b0fc243e9f87a5ca529540fe05a0a1b5,89694.63240020716,30,0,1,5000000.0,20.0,60,0.0,False,5745.400367792837,late_availability,305.3675997928367,
aoi_shift_1deg,A0_GROUND_ONLY,8,aff08f01593e1b3492e46e950935d296928d7f02a4bdb121f5bab66eadf9c68f,144902.43529740698,30,0,1,5000000.0,20.0,60,0.0,False,nan,incomplete_transfer,1317.564702593023,
aoi_shift_1deg,A1_COMPRESSED_FULL,8,aff08f01593e1b3492e46e950935d296928d7f02a4bdb121f5bab66eadf9c68f,144902.43529740698,30,0,1,5000000.0,20.0,60,0.0,False,nan,incomplete_transfer,1317.564702593023,
aoi_shift_1deg,A2_QUICKLOOK_FIRST,8,aff08f01593e1b3492e46e950935d296928d7f02a4bdb121f5bab66eadf9c68f,144902.43529740698,30,0,1,5000000.0,20.0,60,0.0,False,nan,incomplete_transfer,1317.564702593023,
aoi_shift_1deg,A3_ROI_FIRST,8,aff08f01593e1b3492e46e950935d296928d7f02a4bdb121f5bab66eadf9c68f,144902.43529740698,30,0,1,5000000.0,20.0,60,0.0,False,1417.564702593023,late_availability,1317.564702593023,
aoi_shift_1deg,A4_PROGRESSIVE,8,aff08f01593e1b3492e46e950935d296928d7f02a4bdb121f5bab66eadf9c68f,144902.43529740698,30,0,1,5000000.0,20.0,60,0.0,False,6910.436331393023,late_availability,1317.564702593023,
aoi_shift_1deg,A5_CONTACT_AWARE,8,aff08f01593e1b3492e46e950935d296928d7f02a4bdb121f5bab66eadf9c68f,144902.43529740698,30,0,1,5000000.0,20.0,60,0.0,False,nan,incomplete_transfer,1317.564702593023,
aoi_shift_1deg,A6_THREAD_AWARE_PRIORITY,8,aff08f01593e1b3492e46e950935d296928d7f02a4bdb121f5bab66eadf9c68f,144902.43529740698,30,0,1,5000000.0,20.0,60,0.0,False,1417.597470593023,late_availability,1317.564702593023,
aoi_shift_1deg,A0_GROUND_ONLY,9,2e2af436f2a450b67f88e0f0830126c4b480280aff18c3146f01b4428476b0df,87958.18700346815,30,0,1,5000000.0,20.0,60,0.0,False,nan,incomplete_transfer,151.81299653185124,
aoi_shift_1deg,A1_COMPRESSED_FULL,9,2e2af436f2a450b67f88e0f0830126c4b480280aff18c3146f01b4428476b0df,87958.18700346815,30,0,1,5000000.0,20.0,60,0.0,False,47551.81299653185,late_availability,151.81299653185124,47521.81299653185
aoi_shift_1deg,A2_QUICKLOOK_FIRST,9,2e2af436f2a450b67f88e0f0830126c4b480280aff18c3146f01b4428476b0df,87958.18700346815,30,0,1,5000000.0,20.0,60,0.0,False,nan,incomplete_transfer,151.81299653185124,
aoi_shift_1deg,A3_ROI_FIRST,9,2e2af436f2a450b67f88e0f0830126c4b480280aff18c3146f01b4428476b0df,87958.18700346815,30,0,1,5000000.0,20.0,60,0.0,False,5631.812996531851,late_availability,151.81299653185124,
aoi_shift_1deg,A4_PROGRESSIVE,9,2e2af436f2a450b67f88e0f0830126c4b480280aff18c3146f01b4428476b0df,87958.18700346815,30,0,1,5000000.0,20.0,60,0.0,False,5664.684625331851,late_availability,151.81299653185124,
aoi_shift_1deg,A5_CONTACT_AWARE,9,2e2af436f2a450b67f88e0f0830126c4b480280aff18c3146f01b4428476b0df,87958.18700346815,30,0,1,5000000.0,20.0,60,0.0,False,nan,incomplete_transfer,151.81299653185124,
aoi_shift_1deg,A6_THREAD_AWARE_PRIORITY,9,2e2af436f2a450b67f88e0f0830126c4b480280aff18c3146f01b4428476b0df,87958.18700346815,30,0,1,5000000.0,20.0,60,0.0,False,5631.845764531851,late_availability,151.81299653185124,
aoi_shift_1deg,A0_GROUND_ONLY,10,398d19042146f9466ae1827a1693cdcc8d3527f7f95dc8f61340c4f32d1e9a35,136841.14223680316,30,0,1,5000000.0,20.0,60,0.0,False,nan,incomplete_transfer,498.85776319683646,
aoi_shift_1deg,A1_COMPRESSED_FULL,10,398d19042146f9466ae1827a1693cdcc8d3527f7f95dc8f61340c4f32d1e9a35,136841.14223680316,30,0,1,5000000.0,20.0,60,0.0,False,6338.8577631968365,late_availability,498.85776319683646,6308.8577631968365
aoi_shift_1deg,A2_QUICKLOOK_FIRST,10,398d19042146f9466ae1827a1693cdcc8d3527f7f95dc8f61340c4f32d1e9a35,136841.14223680316,30,0,1,5000000.0,20.0,60,0.0,False,nan,incomplete_transfer,498.85776319683646,
aoi_shift_1deg,A3_ROI_FIRST,10,398d19042146f9466ae1827a1693cdcc8d3527f7f95dc8f61340c4f32d1e9a35,136841.14223680316,30,0,1,5000000.0,20.0,60,0.0,True,598.8577631968365,timely_sufficient,498.85776319683646,
aoi_shift_1deg,A4_PROGRESSIVE,10,398d19042146f9466ae1827a1693cdcc8d3527f7f95dc8f61340c4f32d1e9a35,136841.14223680316,30,0,1,5000000.0,20.0,60,0.0,True,631.7293919968365,timely_sufficient,498.85776319683646,
aoi_shift_1deg,A5_CONTACT_AWARE,10,398d19042146f9466ae1827a1693cdcc8d3527f7f95dc8f61340c4f32d1e9a35,136841.14223680316,30,0,1,5000000.0,20.0,60,0.0,False,nan,incomplete_transfer,498.85776319683646,
aoi_shift_1deg,A6_THREAD_AWARE_PRIORITY,10,398d19042146f9466ae1827a1693cdcc8d3527f7f95dc8f61340c4f32d1e9a35,136841.14223680316,30,0,1,5000000.0,20.0,60,0.0,True,598.8905311968365,timely_sufficient,498.85776319683646,
aoi_shift_1deg,A0_GROUND_ONLY,11,5e71b36653c8a13bddf15fbb78aa2996d481721ff32a889fe7d160bba9b3273f,10757.589420950173,30,0,1,5000000.0,20.0,60,0.0,False,139882.4105790498,late_availability,582.410579049827,139852.4105790498
aoi_shift_1deg,A1_COMPRESSED_FULL,11,5e71b36653c8a13bddf15fbb78aa2996d481721ff32a889fe7d160bba9b3273f,10757.589420950173,30,0,1,5000000.0,20.0,60,0.0,False,53532.41057904983,late_availability,582.410579049827,53502.41057904983
aoi_shift_1deg,A2_QUICKLOOK_FIRST,11,5e71b36653c8a13bddf15fbb78aa2996d481721ff32a889fe7d160bba9b3273f,10757.589420950173,30,0,1,5000000.0,20.0,60,0.0,False,139914.4105790498,late_availability,582.410579049827,139884.4105790498
aoi_shift_1deg,A3_ROI_FIRST,11,5e71b36653c8a13bddf15fbb78aa2996d481721ff32a889fe7d160bba9b3273f,10757.589420950173,30,0,1,5000000.0,20.0,60,0.0,False,6032.410579049827,late_availability,582.410579049827,139932.4105790498
aoi_shift_1deg,A4_PROGRESSIVE,11,5e71b36653c8a13bddf15fbb78aa2996d481721ff32a889fe7d160bba9b3273f,10757.589420950173,30,0,1,5000000.0,20.0,60,0.0,False,6065.282207849827,late_availability,582.410579049827,139965.2822078498
aoi_shift_1deg,A5_CONTACT_AWARE,11,5e71b36653c8a13bddf15fbb78aa2996d481721ff32a889fe7d160bba9b3273f,10757.589420950173,30,0,1,5000000.0,20.0,60,0.0,False,139882.4105790498,late_availability,582.410579049827,139852.4105790498
aoi_shift_1deg,A6_THREAD_AWARE_PRIORITY,11,5e71b36653c8a13bddf15fbb78aa2996d481721ff32a889fe7d160bba9b3273f,10757.589420950173,30,0,1,5000000.0,20.0,60,0.0,False,6032.443347049827,late_availability,582.410579049827,139965.2822078498
aoi_shift_1deg,A0_GROUND_ONLY,12,a203a9c8d5fac8926b60ddeecc09594befa7100e1508aec081732e10d387694d,88736.79289767242,30,0,1,5000000.0,20.0,60,0.0,False,nan,incomplete_transfer,1263.2071023275785,
aoi_shift_1deg,A1_COMPRESSED_FULL,12,a203a9c8d5fac8926b60ddeecc09594befa7100e1508aec081732e10d387694d,88736.79289767242,30,0,1,5000000.0,20.0,60,0.0,False,48533.20710232758,late_availability,1263.2071023275785,48503.20710232758
aoi_shift_1deg,A2_QUICKLOOK_FIRST,12,a203a9c8d5fac8926b60ddeecc09594befa7100e1508aec081732e10d387694d,88736.79289767242,30,0,1,5000000.0,20.0,60,0.0,False,nan,incomplete_transfer,1263.2071023275785,
aoi_shift_1deg,A3_ROI_FIRST,12,a203a9c8d5fac8926b60ddeecc09594befa7100e1508aec081732e10d387694d,88736.79289767242,30,0,1,5000000.0,20.0,60,0.0,False,6703.2071023275785,late_availability,1263.2071023275785,
aoi_shift_1deg,A4_PROGRESSIVE,12,a203a9c8d5fac8926b60ddeecc09594befa7100e1508aec081732e10d387694d,88736.79289767242,30,0,1,5000000.0,20.0,60,0.0,False,6736.078731127578,late_availability,1263.2071023275785,
aoi_shift_1deg,A5_CONTACT_AWARE,12,a203a9c8d5fac8926b60ddeecc09594befa7100e1508aec081732e10d387694d,88736.79289767242,30,0,1,5000000.0,20.0,60,0.0,False,nan,incomplete_transfer,1263.2071023275785,
aoi_shift_1deg,A6_THREAD_AWARE_PRIORITY,12,a203a9c8d5fac8926b60ddeecc09594befa7100e1508aec081732e10d387694d,88736.79289767242,30,0,1,5000000.0,20.0,60,0.0,False,6703.2398703275785,late_availability,1263.2071023275785,
aoi_shift_1deg,A0_GROUND_ONLY,13,3f7f4f9948daaaa103214bb86008ff571d7010899e1d643f59ebcf8bb7d8d689,2223.421192988508,30,0,1,5000000.0,20.0,60,0.0,False,86736.5788070115,late_availability,326.5788070114918,86706.5788070115
aoi_shift_1deg,A1_COMPRESSED_FULL,13,3f7f4f9948daaaa103214bb86008ff571d7010899e1d643f59ebcf8bb7d8d689,2223.421192988508,30,0,1,5000000.0,20.0,60,0.0,False,33556.578807011494,late_availability,326.5788070114918,33526.578807011494
aoi_shift_1deg,A2_QUICKLOOK_FIRST,13,3f7f4f9948daaaa103214bb86008ff571d7010899e1d643f59ebcf8bb7d8d689,2223.421192988508,30,0,1,5000000.0,20.0,60,0.0,False,119470.5788070115,late_availability,326.5788070114918,119440.5788070115
aoi_shift_1deg,A3_ROI_FIRST,13,3f7f4f9948daaaa103214bb86008ff571d7010899e1d643f59ebcf8bb7d8d689,2223.421192988508,30,0,1,5000000.0,20.0,60,0.0,True,426.5788070114918,timely_sufficient,326.5788070114918,119506.5788070115
aoi_shift_1deg,A4_PROGRESSIVE,13,3f7f4f9948daaaa103214bb86008ff571d7010899e1d643f59ebcf8bb7d8d689,2223.421192988508,30,0,1,5000000.0,20.0,60,0.0,True,459.4504358114918,timely_sufficient,326.5788070114918,119539.4504358115
aoi_shift_1deg,A5_CONTACT_AWARE,13,3f7f4f9948daaaa103214bb86008ff571d7010899e1d643f59ebcf8bb7d8d689,2223.421192988508,30,0,1,5000000.0,20.0,60,0.0,False,86736.5788070115,late_availability,326.5788070114918,86706.5788070115
aoi_shift_1deg,A6_THREAD_AWARE_PRIORITY,13,3f7f4f9948daaaa103214bb86008ff571d7010899e1d643f59ebcf8bb7d8d689,2223.421192988508,30,0,1,5000000.0,20.0,60,0.0,True,426.6115750114918,timely_sufficient,326.5788070114918,119539.4504358115
aoi_shift_1deg,A0_GROUND_ONLY,14,f3926b545e21f84bea6c9ecea65c8a2645a32f0f5819b1a414c68f18307ebb81,41795.95486579752,30,0,1,5000000.0,20.0,60,0.0,False,98884.04513420249,late_availability,1374.0451342024826,98854.04513420249
aoi_shift_1deg,A1_COMPRESSED_FULL,14,f3926b545e21f84bea6c9ecea65c8a2645a32f0f5819b1a414c68f18307ebb81,41795.95486579752,30,0,1,5000000.0,20.0,60,0.0,False,12684.045134202483,late_availability,1374.0451342024826,12654.045134202483
aoi_shift_1deg,A2_QUICKLOOK_FIRST,14,f3926b545e21f84bea6c9ecea65c8a2645a32f0f5819b1a414c68f18307ebb81,41795.95486579752,30,0,1,5000000.0,20.0,60,0.0,False,98916.04513420249,late_availability,1374.0451342024826,98886.04513420249
aoi_shift_1deg,A3_ROI_FIRST,14,f3926b545e21f84bea6c9ecea65c8a2645a32f0f5819b1a414c68f18307ebb81,41795.95486579752,30,0,1,5000000.0,20.0,60,0.0,False,6824.045134202483,late_availability,1374.0451342024826,
aoi_shift_1deg,A4_PROGRESSIVE,14,f3926b545e21f84bea6c9ecea65c8a2645a32f0f5819b1a414c68f18307ebb81,41795.95486579752,30,0,1,5000000.0,20.0,60,0.0,False,6856.916763002482,late_availability,1374.0451342024826,
aoi_shift_1deg,A5_CONTACT_AWARE,14,f3926b545e21f84bea6c9ecea65c8a2645a32f0f5819b1a414c68f18307ebb81,41795.95486579752,30,0,1,5000000.0,20.0,60,0.0,False,98884.04513420249,late_availability,1374.0451342024826,98854.04513420249
aoi_shift_1deg,A6_THREAD_AWARE_PRIORITY,14,f3926b545e21f84bea6c9ecea65c8a2645a32f0f5819b1a414c68f18307ebb81,41795.95486579752,30,0,1,5000000.0,20.0,60,0.0,False,6824.077902202483,late_availability,1374.0451342024826,
aoi_shift_1deg,A0_GROUND_ONLY,15,14f5578f821b57789ca4b844915b4c82670430ef0ff1f446f362dbb3189db390,161247.47134785925,30,0,1,5000000.0,20.0,60,0.0,False,nan,incomplete_transfer,452.5286521407543,
aoi_shift_1deg,A1_COMPRESSED_FULL,15,14f5578f821b57789ca4b844915b4c82670430ef0ff1f446f362dbb3189db390,161247.47134785925,30,0,1,5000000.0,20.0,60,0.0,False,nan,incomplete_transfer,452.5286521407543,
aoi_shift_1deg,A2_QUICKLOOK_FIRST,15,14f5578f821b57789ca4b844915b4c82670430ef0ff1f446f362dbb3189db390,161247.47134785925,30,0,1,5000000.0,20.0,60,0.0,False,nan,incomplete_transfer,452.5286521407543,
aoi_shift_1deg,A3_ROI_FIRST,15,14f5578f821b57789ca4b844915b4c82670430ef0ff1f446f362dbb3189db390,161247.47134785925,30,0,1,5000000.0,20.0,60,0.0,True,552.5286521407543,timely_sufficient,452.5286521407543,
aoi_shift_1deg,A4_PROGRESSIVE,15,14f5578f821b57789ca4b844915b4c82670430ef0ff1f446f362dbb3189db390,161247.47134785925,30,0,1,5000000.0,20.0,60,0.0,True,585.4002809407543,timely_sufficient,452.5286521407543,
aoi_shift_1deg,A5_CONTACT_AWARE,15,14f5578f821b57789ca4b844915b4c82670430ef0ff1f446f362dbb3189db390,161247.47134785925,30,0,1,5000000.0,20.0,60,0.0,False,nan,incomplete_transfer,452.5286521407543,
aoi_shift_1deg,A6_THREAD_AWARE_PRIORITY,15,14f5578f821b57789ca4b844915b4c82670430ef0ff1f446f362dbb3189db390,161247.47134785925,30,0,1,5000000.0,20.0,60,0.0,True,552.5614201407543,timely_sufficient,452.5286521407543,
aoi_shift_1deg,A0_GROUND_ONLY,16,796cfcc6c3cf364c793a0ecb61e7c3d0e9b4a78aa2a336a4176da540e21d281f,78181.82051197265,30,0,1,5000000.0,20.0,60,0.0,False,92348.17948802735,late_availability,598.1794880273519,92318.17948802735
aoi_shift_1deg,A1_COMPRESSED_FULL,16,796cfcc6c3cf364c793a0ecb61e7c3d0e9b4a78aa2a336a4176da540e21d281f,78181.82051197265,30,0,1,5000000.0,20.0,60,0.0,False,47898.17948802735,late_availability,598.1794880273519,47868.17948802735
aoi_shift_1deg,A2_QUICKLOOK_FIRST,16,796cfcc6c3cf364c793a0ecb61e7c3d0e9b4a78aa2a336a4176da540e21d281f,78181.82051197265,30,0,1,5000000.0,20.0,60,0.0,False,92382.17948802735,late_availability,598.1794880273519,92352.17948802735
aoi_shift_1deg,A3_ROI_FIRST,16,796cfcc6c3cf364c793a0ecb61e7c3d0e9b4a78aa2a336a4176da540e21d281f,78181.82051197265,30,0,1,5000000.0,20.0,60,0.0,False,6038.179488027352,late_availability,598.1794880273519,92418.17948802735
aoi_shift_1deg,A4_PROGRESSIVE,16,796cfcc6c3cf364c793a0ecb61e7c3d0e9b4a78aa2a336a4176da540e21d281f,78181.82051197265,30,0,1,5000000.0,20.0,60,0.0,False,6071.0511168273515,late_availability,598.1794880273519,92451.05111682735
aoi_shift_1deg,A5_CONTACT_AWARE,16,796cfcc6c3cf364c793a0ecb61e7c3d0e9b4a78aa2a336a4176da540e21d281f,78181.82051197265,30,0,1,5000000.0,20.0,60,0.0,False,92348.17948802735,late_availability,598.1794880273519,92318.17948802735
aoi_shift_1deg,A6_THREAD_AWARE_PRIORITY,16,796cfcc6c3cf364c793a0ecb61e7c3d0e9b4a78aa2a336a4176da540e21d281f,78181.82051197265,30,0,1,5000000.0,20.0,60,0.0,False,6038.212256027352,late_availability,598.1794880273519,92451.05111682735
aoi_shift_1deg,A0_GROUND_ONLY,17,db611585d322d423858a9d2b8636e9b7e57b2d623e5ac456e390f7cda489158b,135271.13657556393,30,0,1,5000000.0,20.0,60,0.0,False,nan,incomplete_transfer,148.86342443607282,
aoi_shift_1deg,A1_COMPRESSED_FULL,17,db611585d322d423858a9d2b8636e9b7e57b2d623e5ac456e390f7cda489158b,135271.13657556393,30,0,1,5000000.0,20.0,60,0.0,False,6048.863424436073,late_availability,148.86342443607282,6018.863424436073
aoi_shift_1deg,A2_QUICKLOOK_FIRST,17,db611585d322d423858a9d2b8636e9b7e57b2d623e5ac456e390f7cda489158b,135271.13657556393,30,0,1,5000000.0,20.0,60,0.0,False,nan,incomplete_transfer,148.86342443607282,
aoi_shift_1deg,A3_ROI_FIRST,17,db611585d322d423858a9d2b8636e9b7e57b2d623e5ac456e390f7cda489158b,135271.13657556393,30,0,1,5000000.0,20.0,60,0.0,True,248.86342443607282,timely_sufficient,148.86342443607282,
aoi_shift_1deg,A4_PROGRESSIVE,17,db611585d322d423858a9d2b8636e9b7e57b2d623e5ac456e390f7cda489158b,135271.13657556393,30,0,1,5000000.0,20.0,60,0.0,True,281.7350532360728,timely_sufficient,148.86342443607282,
aoi_shift_1deg,A5_CONTACT_AWARE,17,db611585d322d423858a9d2b8636e9b7e57b2d623e5ac456e390f7cda489158b,135271.13657556393,30,0,1,5000000.0,20.0,60,0.0,False,nan,incomplete_transfer,148.86342443607282,
aoi_shift_1deg,A6_THREAD_AWARE_PRIORITY,17,db611585d322d423858a9d2b8636e9b7e57b2d623e5ac456e390f7cda489158b,135271.13657556393,30,0,1,5000000.0,20.0,60,0.0,True,248.89619243607282,timely_sufficient,148.86342443607282,
aoi_shift_1deg,A0_GROUND_ONLY,18,57527453f589fa2d8dcf62bc7de1d0b5b03f324c6d74be14c54e3afb5a9ca39f,165135.03257907528,30,0,1,5000000.0,20.0,60,0.0,False,nan,incomplete_transfer,314.96742092471686,
aoi_shift_1deg,A1_COMPRESSED_FULL,18,57527453f589fa2d8dcf62bc7de1d0b5b03f324c6d74be14c54e3afb5a9ca39f,165135.03257907528,30,0,1,5000000.0,20.0,60,0.0,False,nan,incomplete_transfer,314.96742092471686,
aoi_shift_1deg,A2_QUICKLOOK_FIRST,18,57527453f589fa2d8dcf62bc7de1d0b5b03f324c6d74be14c54e3afb5a9ca39f,165135.03257907528,30,0,1,5000000.0,20.0,60,0.0,False,nan,incomplete_transfer,314.96742092471686,
aoi_shift_1deg,A3_ROI_FIRST,18,57527453f589fa2d8dcf62bc7de1d0b5b03f324c6d74be14c54e3afb5a9ca39f,165135.03257907528,30,0,1,5000000.0,20.0,60,0.0,True,454.96742092471686,timely_sufficient,314.96742092471686,
aoi_shift_1deg,A4_PROGRESSIVE,18,57527453f589fa2d8dcf62bc7de1d0b5b03f324c6d74be14c54e3afb5a9ca39f,165135.03257907528,30,0,1,5000000.0,20.0,60,0.0,True,487.83904972471686,timely_sufficient,314.96742092471686,
aoi_shift_1deg,A5_CONTACT_AWARE,18,57527453f589fa2d8dcf62bc7de1d0b5b03f324c6d74be14c54e3afb5a9ca39f,165135.03257907528,30,0,1,5000000.0,20.0,60,0.0,False,nan,incomplete_transfer,314.96742092471686,
aoi_shift_1deg,A6_THREAD_AWARE_PRIORITY,18,57527453f589fa2d8dcf62bc7de1d0b5b03f324c6d74be14c54e3afb5a9ca39f,165135.03257907528,30,0,1,5000000.0,20.0,60,0.0,True,455.0001889247169,timely_sufficient,314.96742092471686,
aoi_shift_1deg,A0_GROUND_ONLY,19,cb92a9e50b241b0ba93c648d1c7734eb4a247f3e8ac31f62122a058b6487e939,130327.40996119597,30,0,1,5000000.0,20.0,60,0.0,False,nan,incomplete_transfer,862.5900388040318,
aoi_shift_1deg,A1_COMPRESSED_FULL,19,cb92a9e50b241b0ba93c648d1c7734eb4a247f3e8ac31f62122a058b6487e939,130327.40996119597,30,0,1,5000000.0,20.0,60,0.0,False,nan,incomplete_transfer,862.5900388040318,
aoi_shift_1deg,A2_QUICKLOOK_FIRST,19,cb92a9e50b241b0ba93c648d1c7734eb4a247f3e8ac31f62122a058b6487e939,130327.40996119597,30,0,1,5000000.0,20.0,60,0.0,False,nan,incomplete_transfer,862.5900388040318,
aoi_shift_1deg,A3_ROI_FIRST,19,cb92a9e50b241b0ba93c648d1c7734eb4a247f3e8ac31f62122a058b6487e939,130327.40996119597,30,0,1,5000000.0,20.0,60,0.0,False,6312.590038804032,late_availability,862.5900388040318,
aoi_shift_1deg,A4_PROGRESSIVE,19,cb92a9e50b241b0ba93c648d1c7734eb4a247f3e8ac31f62122a058b6487e939,130327.40996119597,30,0,1,5000000.0,20.0,60,0.0,False,6345.461667604031,late_availability,862.5900388040318,
aoi_shift_1deg,A5_CONTACT_AWARE,19,cb92a9e50b241b0ba93c648d1c7734eb4a247f3e8ac31f62122a058b6487e939,130327.40996119597,30,0,1,5000000.0,20.0,60,0.0,False,nan,incomplete_transfer,862.5900388040318,
aoi_shift_1deg,A6_THREAD_AWARE_PRIORITY,19,cb92a9e50b241b0ba93c648d1c7734eb4a247f3e8ac31f62122a058b6487e939,130327.40996119597,30,0,1,5000000.0,20.0,60,0.0,False,6312.622806804032,late_availability,862.5900388040318,
aoi_shift_1deg,A0_GROUND_ONLY,20,e8e245abceeb35d5362505b703e58873b223d231f0be1ebc3eb4c15787ebabe9,79271.02272901162,30,0,1,5000000.0,20.0,60,0.0,False,nan,incomplete_transfer,1398.9772709883837,
aoi_shift_1deg,A1_COMPRESSED_FULL,20,e8e245abceeb35d5362505b703e58873b223d231f0be1ebc3eb4c15787ebabe9,79271.02272901162,30,0,1,5000000.0,20.0,60,0.0,False,48758.977270988384,late_availability,1398.9772709883837,48728.977270988384
aoi_shift_1deg,A2_QUICKLOOK_FIRST,20,e8e245abceeb35d5362505b703e58873b223d231f0be1ebc3eb4c15787ebabe9,79271.02272901162,30,0,1,5000000.0,20.0,60,0.0,False,nan,incomplete_transfer,1398.9772709883837,
aoi_shift_1deg,A3_ROI_FIRST,20,e8e245abceeb35d5362505b703e58873b223d231f0be1ebc3eb4c15787ebabe9,79271.02272901162,30,0,1,5000000.0,20.0,60,0.0,False,1498.9772709883837,late_availability,1398.9772709883837,
aoi_shift_1deg,A4_PROGRESSIVE,20,e8e245abceeb35d5362505b703e58873b223d231f0be1ebc3eb4c15787ebabe9,79271.02272901162,30,0,1,5000000.0,20.0,60,0.0,False,6901.848899788383,late_availability,1398.9772709883837,
aoi_shift_1deg,A5_CONTACT_AWARE,20,e8e245abceeb35d5362505b703e58873b223d231f0be1ebc3eb4c15787ebabe9,79271.02272901162,30,0,1,5000000.0,20.0,60,0.0,False,nan,incomplete_transfer,1398.9772709883837,
aoi_shift_1deg,A6_THREAD_AWARE_PRIORITY,20,e8e245abceeb35d5362505b703e58873b223d231f0be1ebc3eb4c15787ebabe9,79271.02272901162,30,0,1,5000000.0,20.0,60,0.0,False,1499.0100389883837,late_availability,1398.9772709883837,
aoi_shift_1deg,A0_GROUND_ONLY,21,644dce861bf927f0db0589237d6844954e768ca3f98d707d731457643771a7f4,88104.08775749971,30,0,1,5000000.0,20.0,60,0.0,False,nan,incomplete_transfer,575.9122425002861,
aoi_shift_1deg,A1_COMPRESSED_FULL,21,644dce861bf927f0db0589237d6844954e768ca3f98d707d731457643771a7f4,88104.08775749971,30,0,1,5000000.0,20.0,60,0.0,False,33805.912242500286,late_availability,575.9122425002861,33775.912242500286
aoi_shift_1deg,A2_QUICKLOOK_FIRST,21,644dce861bf927f0db0589237d6844954e768ca3f98d707d731457643771a7f4,88104.08775749971,30,0,1,5000000.0,20.0,60,0.0,False,nan,incomplete_transfer,575.9122425002861,
aoi_shift_1deg,A3_ROI_FIRST,21,644dce861bf927f0db0589237d6844954e768ca3f98d707d731457643771a7f4,88104.08775749971,30,0,1,5000000.0,20.0,60,0.0,True,675.9122425002861,timely_sufficient,575.9122425002861,
aoi_shift_1deg,A4_PROGRESSIVE,21,644dce861bf927f0db0589237d6844954e768ca3f98d707d731457643771a7f4,88104.08775749971,30,0,1,5000000.0,20.0,60,0.0,True,708.7838713002861,timely_sufficient,575.9122425002861,
aoi_shift_1deg,A5_CONTACT_AWARE,21,644dce861bf927f0db0589237d6844954e768ca3f98d707d731457643771a7f4,88104.08775749971,30,0,1,5000000.0,20.0,60,0.0,False,nan,incomplete_transfer,575.9122425002861,
aoi_shift_1deg,A6_THREAD_AWARE_PRIORITY,21,644dce861bf927f0db0589237d6844954e768ca3f98d707d731457643771a7f4,88104.08775749971,30,0,1,5000000.0,20.0,60,0.0,True,675.9450105002861,timely_sufficient,575.9122425002861,
aoi_shift_1deg,A0_GROUND_ONLY,22,9d3d62f30e60f47a914704554c795eba5ab7de16cb3c2e7f18118d41ebdad6c1,125915.27799004433,30,0,1,5000000.0,20.0,60,0.0,False,nan,incomplete_transfer,174.72200995567255,
aoi_shift_1deg,A1_COMPRESSED_FULL,22,9d3d62f30e60f47a914704554c795eba5ab7de16cb3c2e7f18118d41ebdad6c1,125915.27799004433,30,0,1,5000000.0,20.0,60,0.0,False,6014.722009955673,late_availability,174.72200995567255,5984.722009955673
aoi_shift_1deg,A2_QUICKLOOK_FIRST,22,9d3d62f30e60f47a914704554c795eba5ab7de16cb3c2e7f18118d41ebdad6c1,125915.27799004433,30,0,1,5000000.0,20.0,60,0.0,False,nan,incomplete_transfer,174.72200995567255,
aoi_shift_1deg,A3_ROI_FIRST,22,9d3d62f30e60f47a914704554c795eba5ab7de16cb3c2e7f18118d41ebdad6c1,125915.27799004433,30,0,1,5000000.0,20.0,60,0.0,True,274.72200995567255,timely_sufficient,174.72200995567255,
aoi_shift_1deg,A4_PROGRESSIVE,22,9d3d62f30e60f47a914704554c795eba5ab7de16cb3c2e7f18118d41ebdad6c1,125915.27799004433,30,0,1,5000000.0,20.0,60,0.0,True,307.59363875567254,timely_sufficient,174.72200995567255,
aoi_shift_1deg,A5_CONTACT_AWARE,22,9d3d62f30e60f47a914704554c795eba5ab7de16cb3c2e7f18118d41ebdad6c1,125915.27799004433,30,0,1,5000000.0,20.0,60,0.0,False,nan,incomplete_transfer,174.72200995567255,
aoi_shift_1deg,A6_THREAD_AWARE_PRIORITY,22,9d3d62f30e60f47a914704554c795eba5ab7de16cb3c2e7f18118d41ebdad6c1,125915.27799004433,30,0,1,5000000.0,20.0,60,0.0,True,274.7547779556726,timely_sufficient,174.72200995567255,
aoi_shift_1deg,A0_GROUND_ONLY,23,81bf8deb9db6f9f278f9f9f654b8741481674a4e6ea0de4dd5cbb220a71d481d,91925.60430622347,30,0,1,5000000.0,20.0,60,0.0,False,nan,incomplete_transfer,444.3956937765324,
aoi_shift_1deg,A1_COMPRESSED_FULL,23,81bf8deb9db6f9f278f9f9f654b8741481674a4e6ea0de4dd5cbb220a71d481d,91925.60430622347,30,0,1,5000000.0,20.0,60,0.0,False,6344.395693776532,late_availability,444.3956937765324,6314.395693776532
aoi_shift_1deg,A2_QUICKLOOK_FIRST,23,81bf8deb9db6f9f278f9f9f654b8741481674a4e6ea0de4dd5cbb220a71d481d,91925.60430622347,30,0,1,5000000.0,20.0,60,0.0,False,nan,incomplete_transfer,444.3956937765324,
aoi_shift_1deg,A3_ROI_FIRST,23,81bf8deb9db6f9f278f9f9f654b8741481674a4e6ea0de4dd5cbb220a71d481d,91925.60430622347,30,0,1,5000000.0,20.0,60,0.0,True,544.3956937765324,timely_sufficient,444.3956937765324,
aoi_shift_1deg,A4_PROGRESSIVE,23,81bf8deb9db6f9f278f9f9f654b8741481674a4e6ea0de4dd5cbb220a71d481d,91925.60430622347,30,0,1,5000000.0,20.0,60,0.0,True,577.2673225765325,timely_sufficient,444.3956937765324,
aoi_shift_1deg,A5_CONTACT_AWARE,23,81bf8deb9db6f9f278f9f9f654b8741481674a4e6ea0de4dd5cbb220a71d481d,91925.60430622347,30,0,1,5000000.0,20.0,60,0.0,False,nan,incomplete_transfer,444.3956937765324,
aoi_shift_1deg,A6_THREAD_AWARE_PRIORITY,23,81bf8deb9db6f9f278f9f9f654b8741481674a4e6ea0de4dd5cbb220a71d481d,91925.60430622347,30,0,1,5000000.0,20.0,60,0.0,True,544.4284617765325,timely_sufficient,444.3956937765324,
